ID,age,sex,label,mean_RR,mean_Peaks,median_RR,median_Peaks,std_RR,std_Peaks,var_RR,var_Peaks,skew_RR,skew_Peaks,kurt_RR,kurt_Peaks,QRSTang,QRSTang_M,AZ_OQ,AZ_OQM,AZ_OT,AZ_OTM,AZ_SVG,AZ_SVG_M,EL_OQ,EL_OQM,EL_OT,EL_OTM,EL_SVG,EL_SVG_M,QRS_Mag,QRS_Mag_M,T_Mag,T_Mag_M,SVG_Mag,QT_interval,AUC_VM_QT,WVG
A0823,29.0,0,0,626.5,540365.0481446979,725.0,616809.2709549089,173.47031446331098,223220.00042111336,31675.736842105263,52318527017.40195,-1.0938741734642743,-1.631477683372415,-0.45785928523171915,1.237170102099177,74.7248918818873,96.6311391668533,64.3387717168503,63.67225835747,-26.8351588430113,-41.9814028299996,50.4202239762613,18.6991310605479,63.8604220904066,77.6177728568476,50.9199382061759,59.0027511391792,56.0142347338806,57.3899892183983,575726.731803035,15655704.0878902,164200.172718122,14460589.678684,638931.850056589,358.0,52787737.1500203,20048039.2525835
A0805,60.0,1,0,594.125,6038187.553899252,604.0,6374080.141187206,41.39727497070309,1540984.699453762,1827.9833333333333,2523048459197.5137,-3.598872250413323,-3.413393850758425,10.995577730412963,10.535831964798723,158.629881748163,170.528185000626,30.5579311128953,15.6258541108343,-129.141515197557,-174.876146093737,28.3554153762925,26.6510500385781,41.7542972619702,48.6640386235252,123.228262932231,126.523335789298,40.6849230374392,45.1774660088082,733381.069131692,27515229.8463392,58626.4981640851,13398624.4504108,679121.466539737,258.0,59564004.7005526,14468270.2067859
A0841,30.0,1,0,634.7741935483871,3408982.8501480985,644.0,3476985.9420465273,44.494805552152144,821467.5506302642,2045.78064516129,696576966955.8562,-4.826421200744092,-1.8855471467286018,22.88427972684092,6.084693657845834,98.2903603405955,82.8233076393621,51.2467638875614,15.1949646762721,-55.8259306962149,-69.3229157446062,27.4062385246179,-16.9106194961618,65.3648009216103,79.4663007520787,74.3096852802232,79.7594914130841,59.2410212812838,76.2616263908476,742973.273616257,37278519.9271106,285525.338021828,24979481.4141601,756543.359865931,302.0,107515222.123136,47395474.6540516
A0836,37.0,1,1,399.3763440860215,252725.32955756984,360.0,347836.52465783304,149.8202445497833,213148.35388383453,22690.085086489016,45920739266.22048,2.024249059047203,-0.020585614143824465,4.966205778987353,-1.848863862442395,136.974582401031,146.995765063569,51.6062545943476,49.2478580384781,179.060355684272,-168.978886564598,63.544029399252,84.675848641755,45.5395128818674,48.3114350462619,120.737344358763,119.607699257757,46.148965271332,49.6758901876526,587081.252603128,21517095.7820644,111738.6760565,11164577.7905786,511112.993520671,308.0,43398840.6119407,13590661.538293
A0848,90.0,1,1,480.8941176470588,197790.20806668533,482.0,252543.43493674882,156.90551848199541,109976.88549493357,24912.42913165266,12237208464.850029,0.5440343056218438,-1.0427584097487843,-0.2980750337342095,-0.7960941324333195,93.0881198233465,96.9870309561682,70.8177714229406,65.5599445812414,-22.3433239067009,-34.3675452656321,33.5357842395113,-1.27183625698954,90.1356428067361,72.3603291908522,74.9743035197116,82.1991195607934,80.8603891465915,73.0836940532897,471554.563437093,23292591.1023709,357247.744319663,37722342.731316,576054.673608287,404.0,70287154.1828806,41853954.2376725
A0843,14.0,0,0,405.5,657237.013437416,387.0,73321.67674009962,138.89834412259924,615840.3641437305,20131.565217391304,395061827196.5444,0.07379518611815042,0.10406923576161559,-1.898599564197431,-1.9579575211899443,19.2359066594399,25.341184841444,-16.7310741432215,-2.36231430848659,-8.27420242440485,-18.7357206122256,-14.5448122002159,-10.2668960373472,74.5343175683222,77.394977287229,56.8883452091476,56.9396537996291,69.4608975724703,66.521253631629,970083.678323892,36579495.3517599,389857.147860619,39774772.244532,1344325.09782867,370.0,90507216.6214261,74498128.3953547
A0838,37.0,1,0,460.4375,246915.8152816253,490.0,341898.79009587714,166.29697409679468,210955.04705412933,28546.770161290322,45892720373.785225,1.0321127894634439,-0.04391776881644505,0.2796506001226797,-1.814406215390637,72.1900517250936,67.9267433968352,35.0344128098923,-43.5019347425103,8.18029688400427,13.6849942133246,12.1877430384859,-0.0661100550597746,3.87550297377249,28.6174579841314,75.6401092404016,82.2337129393654,21.7712602210097,57.7912444100896,1120673.13384276,27869378.3399026,434387.35610442,38966311.4634484,1319996.3497633,386.0,98751781.0299012,55778763.6635433
A0840,60.0,1,1,392.64,763466.918385361,314.0,59052.75737189468,151.3262823614369,909916.0693797326,23209.09837837838,838986550026.3353,2.1901185298383616,0.49510631736106886,5.728105179884938,-1.6417974532143293,69.7191253744187,69.2757969094746,54.6441674549152,29.2797549559014,-19.8320737307447,-36.7114189603152,31.0672550392513,-10.3718222348125,61.8953146779255,56.8144284140422,75.483839560999,88.5912757237617,61.7365170357286,71.4870906201166,487976.07216161,15203091.5393946,229168.626605493,18304512.5740725,606764.93108146,318.0,62357598.7746188,27625037.6906435
A0850,59.0,0,1,428.0,3043463.0675605317,366.0,2963327.839190346,115.52567601265883,515822.82247666863,13981.714285714286,278167419832.69666,1.046670176585053,0.1272709839379378,-0.052486922250417845,-1.1506871358248483,34.0608006603672,32.1633485299217,-11.9146489470915,-18.0059031588943,-39.3701773428399,-41.0748594976451,-26.2846281733262,-33.4802425213674,48.5042037039052,56.1429466530758,73.1136551263308,80.3594110860118,59.1295231154294,71.1220743554318,438621.738445771,22886346.1932953,376356.442861646,38917293.7504797,779454.332235906,354.0,65252971.9930199,59550928.8011789
A0857,61.0,0,1,644.1333333333333,358152.4865877252,648.0,358812.7160432712,81.4942670103582,16693.17456782106,7115.695238095238,297239548.96186435,-1.051112643181041,0.29556216288769577,2.314534611988888,0.06052812374140837,88.884584667593,104.410902338481,6.67211468024516,3.14777979631196,97.7754042881317,104.625285992968,15.9919153497057,29.3458722588217,57.8992224959558,62.3934989941991,86.1435979992199,99.2968035526586,57.7107159450558,66.1380934177568,1380307.93933915,45844019.9872452,191756.841632339,18790318.3016647,1397256.44909257,360.0,86676779.3255381,45010865.0418763
A0849,64.0,0,1,443.6363636363636,500832.54771799134,444.0,617746.171498383,125.06817975319247,266386.3721898153,16386.909090909092,74187231074.28944,0.4504537228050878,-1.2101633908733864,-0.3550367767279923,-0.2742811198719082,134.301866405799,124.911896652013,-26.5690810634384,-61.5312861953868,130.723928858105,60.3494709976788,-24.978119568657,-8.95844805042555,87.507955559064,74.673240975859,133.500951462532,121.639408170483,91.2524456044,105.338331687343,509149.988543537,30634864.1074366,47316.2237740017,29459223.0434059,477305.238568874,426.0,126016344.50698,27808879.2173361
A0858,31.0,1,0,418.8,929512.1554195604,376.0,1595899.3896316385,164.36512200991223,846662.2364365131,27947.475862068964,740731507361.2675,0.4905025476505498,-0.034871940091557065,-0.7494971487066922,-1.958390711839132,81.4443652271803,47.8294008306671,87.1023152589688,21.0478446765965,-24.3427381664896,-32.0664647867801,37.9597855860689,-18.6933074157358,43.7651769811766,35.0686485291879,59.4896644475243,63.7454375961006,34.1894511802163,51.1245429072728,625360.933851487,22115530.8273257,428891.31525268,39162885.5133263,809214.217639914,368.0,81707542.2542258,56442314.1539016
A0864,44.0,0,0,450.2857142857143,213342.8465603889,518.0,328302.93374539376,159.49836328676372,186492.28000500414,26711.714285714286,36435531001.53462,0.595546926955317,-0.12928639607813888,-0.3302760436923191,-1.9157832919774709,43.6358438358498,42.5191676633532,20.1376674003657,9.1877640467489,-33.262524852822,-41.0206560992855,0.032446209222627,-20.5912208799213,43.5461468614709,49.4897581198197,59.2312877043662,61.5879770842949,45.7453650383375,53.5803727093479,879506.468218407,39016959.030803,441580.351696192,47988376.2068081,1237209.31606693,364.0,93558059.8043504,81149607.3813019
A0862,66.0,0,1,394.3333333333333,778732.7630623898,400.0,802275.3341042266,16.977108770995795,90215.34915005008,300.75362318840587,8477926273.193171,-1.9772266486294918,-0.5248350034833802,3.280296176039946,-0.7749198392935552,32.035338797073,24.147255837884,39.718057531884,22.6473352457621,3.58349760759756,-4.44303988498593,26.2522455928717,4.63709200320023,63.8168352656675,56.8172797744089,61.1416218568502,62.9515852980234,61.6761309629512,60.1749742387965,858285.597821187,32142185.1844183,531360.333717864,59175465.8164309,1338738.02740177,396.0,109211826.003355,89476517.984634
A0890,66.0,0,1,460.3809523809524,1885838.852012197,430.0,2390721.859041978,148.53906851493127,1023477.638205316,23167.04761904762,1097387736663.7761,0.3600299643331396,-1.2666472704551612,-0.844127768977954,-0.3421522510987982,69.6805707256734,89.4653178059944,19.640361552835,32.5865036693351,-51.0196114499525,-57.5439892455725,-3.04336802311486,-25.1904731743757,81.2398501689562,84.9076754922891,80.9141292506533,82.5030214948642,79.4257411283541,80.9645842846612,567217.540761133,20320565.0750303,294722.081539724,32272861.4709698,724360.892739647,358.0,67855319.5831489,38297553.8606265
A0887,70.0,0,1,378.08,42304.01829989305,358.0,37345.27971325441,87.30906940289766,18043.60950566074,7940.493333333334,338594717.75248146,0.7652273917612618,0.8440308662390331,0.01654194133619047,-0.2511557390394574,51.295609658437,52.3907199930561,27.2122405496965,22.5024897183465,-18.8388620300029,-30.7465796714572,7.87497759454695,-10.1670240694169,91.9561463714373,79.8710415550486,67.0315830287829,66.4908250026989,80.1514743040189,69.6233983044743,708799.047357367,36581427.4413554,566728.5996501,60306367.2944357,1151495.2238405,368.0,102728550.667558,87565397.7075182
A0883,60.0,1,1,453.04761904761904,73731.4974919391,420.0,37755.72430928327,157.58005560001084,105429.2330318988,26073.04761904763,11644624281.394156,0.600694532947445,2.333986573557591,-0.6933849001278061,4.010010395523005,149.346306084302,176.813375144109,-50.1772958242464,-83.4351831157882,98.0798277579155,93.6701497847784,-37.7739642143998,-74.8586370303011,57.0292893290287,71.8938667517143,110.812099115405,106.519222174324,54.8706929327089,67.6168668675642,955091.280609926,53223593.6504829,264354.660197196,39567609.2848959,740053.142249046,394.0,126452997.642569,13892387.2302478
A0891,65.0,1,0,410.7826086956522,1174366.7225582714,372.0,1782971.5117281768,142.85138416694497,901858.1257882562,21334.086956521736,848711039009.0151,1.095872521817988,-0.5015215952287735,-0.4147820793917538,-1.7283210421558128,45.7366165844859,43.9934765875012,42.9624826455374,33.8782618141288,-11.2358193529478,-15.7040593260858,30.1988769259233,12.3738722495558,61.019252785294,64.1184988102029,54.5063238481566,62.2807688815819,57.1302349491024,61.060282568538,588054.873413574,23615719.4287408,210933.769492693,18693039.5881135,750634.285679795,348.0,54137810.2340521,39272207.2300994
A0884,78.0,0,1,697.7142857142857,678403.3145159789,693.0,756356.8163824672,165.06078039464674,274796.8812743563,29340.835164835164,80907134955.1207,-0.2382942775548258,-1.8431002690036564,0.22045009158996987,1.9386534576781864,,,,,,,,,,,,,,,,,,,,,,
A0889,43.0,1,1,468.5263157894737,360158.08490693674,478.0,375005.85974068835,96.83918759906882,108324.72397216065,9631.28307254623,12043041766.372292,-0.20894880439319186,-1.2252121256149637,-1.1547834024624368,2.077977133287547,165.982697985472,157.114271237922,73.8111848989699,57.1255419726707,-98.5705535551775,-103.805531920303,72.3930990223611,34.4679201748061,89.2244483345816,84.3732888196724,78.9806995738555,82.9109984088876,87.0011197985711,70.8454010290026,1592477.06719576,43250881.124088,255612.725462541,25104126.0673614,1345900.61606877,302.0,80023561.4893522,22366140.2700591
A0907,78.0,1,1,647.2,2862196.1456542206,628.0,2906018.9042811715,99.6093703758169,380896.930893141,10630.742857142859,154754636761.40186,0.28058630791928446,-2.019308182915087,-0.7007953133166431,4.581291642451195,150.827314178489,169.462579638337,47.6337337162581,34.2345323482255,-162.011884380576,-155.005290195603,49.87276993392,36.8107922209238,79.8749387590167,69.7192826196901,103.077580242595,116.54818770905,80.2209757526146,71.665220953752,486528.740235778,23420562.103439,36368.4295590976,5390717.01988454,455118.868697876,262.0,38989930.7415156,18147552.9247877
A0898,71.0,1,1,439.27272727272725,1410582.4883965033,471.0,1571763.4724547123,112.94656090308686,542873.889927598,13364.398268398267,308108063108.9909,-0.23790068741699472,-1.2222188139235746,-1.2662773430647454,0.31286870864369876,7.64621188784454,31.9326313930418,-27.0436901496085,1.54435973368611,-24.7498039473391,-33.5829037286041,-26.4529738968626,-15.7224108668658,72.8012415192587,66.5550807950699,65.4609766778136,64.2921436344223,70.8404531590278,64.3818365411683,997469.423291588,41381540.6666031,363347.067798387,40778657.7443552,1358446.3575377,406.0,101287323.973877,78990925.9709882
A0918,12.0,0,0,616.074074074074,5092836.258404359,616.0,5279344.382586146,38.779458027200455,990895.7643790181,1561.68660968661,1018240134970.3629,-0.8717764045986043,-4.8021986815012605,1.721310932175455,21.7381579827234,48.3458407476121,56.7003493489803,49.6129040719153,32.2489412569032,16.0824399989397,-30.2860943222455,45.5078640426823,10.5571690698827,78.2628260511025,68.7959886559754,38.205543577317,37.6494271093338,70.7384999826648,50.446649240711,593574.044816094,16150190.9021944,136915.989908272,13931201.6832528,692174.292674663,360.0,54614537.0544863,26494447.7439486
A0904,35.0,0,0,396.6909090909091,2024464.183403581,350.0,2843280.0305470377,135.43369699226162,1921239.3523252588,18681.95824915825,3758272660721.7827,1.6166316133060787,0.06641846793124932,2.59306577018935,-1.7024520360752489,51.7287034364182,40.7021500773064,21.8961675496317,-16.9639390328125,-41.544190228326,-61.5334318884369,4.61177566784873,-44.8476996486474,49.7751417659868,52.6425149058871,59.8761206968354,67.0385425386358,48.8228662818105,59.2608983296085,963365.593569091,31878406.87342,350327.072323107,44825149.943042,1211973.238524,376.0,95824214.3226289,72056475.7568234
A0912,67.0,0,1,409.9166666666667,63627.60036744151,381.0,77794.58053180696,115.07168659386006,58619.49010374653,13817.210144927534,3579421479.190872,0.7416082641139516,0.05755471372966263,-0.5401717264973613,-1.8308551705031968,148.073390138229,149.973277505351,67.8745177737732,69.2666680022997,-140.0174521548,-143.638270399015,71.0965383607694,89.2769188252015,65.618328980442,65.9006056634869,96.8917880370758,113.622029273865,64.0744666642715,69.1242061075169,859656.076559277,22651783.3463191,85784.1991557501,9680629.00375208,788155.461490743,392.0,50694301.4032569,15070169.1687821
A0892,53.0,0,0,429.7435897435897,336450.63725699915,482.0,349254.2517306872,91.63828500916762,319527.64301617054,8618.564102564105,104715809898.94287,-0.01092415319461419,0.023785507104433147,-1.9301753589844022,-1.950702472893061,28.3624109344386,94.9701813929725,-27.9811394512463,-8.68190336604413,-17.6559133561276,5.44359017880694,-26.8465408040907,-7.26434191490767,59.7067342074772,52.0553499676771,86.3374003173566,146.264351016468,62.1812704177037,61.1429690972962,1146808.12893839,47161832.9209291,123013.01723096,7531186.9611488,1256414.42872891,276.0,70403995.717423,47110644.3444704
A0911,27.0,1,0,357.48275862068965,40736.09674826615,292.0,16640.14667113705,77.76583803190066,30255.855676571544,6153.622504537207,931199851.0443115,0.29033788688324785,0.2969973476450225,-1.6425638424551539,-1.6400463111559613,66.3604516677032,59.0722068732596,54.8640328330388,39.1503570928982,-12.4258097619395,-20.9281453883177,35.0610063400237,2.79872681456977,82.6224237732433,81.0690434699517,78.2718514835716,78.3561119704159,79.8122300751256,77.9270531080906,653693.16814871,23267045.3859571,304308.882084803,34570417.781611,824286.864407477,358.0,71979908.8317636,50628786.4160085
A0927,42.0,1,1,355.25925925925924,2454778.5536557348,330.0,2364098.988598463,57.809772717712065,346623.19210231723,3470.5071225071233,124597549795.91101,0.8101743787349587,0.5671571725564056,-0.7538263803072596,0.4123507756170426,106.946977080584,117.315692945748,101.165233680896,88.5965394625319,-33.5889267227599,-49.8397701431738,86.013812745397,21.5581218927748,67.1194723650753,67.0360386976601,53.6086135197546,64.9469042891947,51.7627021198338,38.5696644100586,669930.788454615,19944279.7580105,230491.301847769,19693603.9614394,641805.839288515,402.0,66361291.5414735,20618662.1312119
A0925,88.0,0,1,485.9375,52643.723460266745,469.0,67996.86366825864,164.0887598031931,33554.24937338727,27793.673387096773,1161071640.1055682,0.29250172360151744,-0.6087342951482688,-1.283334998060371,-1.282303368408846,78.6136152844546,67.525846133745,52.3562554555547,27.1360006833,-28.2670750788598,-40.654006209926,33.7645716622124,-11.4581799965155,77.6509372715801,64.2764576820811,78.8766411230915,84.2566642459848,75.4517920968457,72.1717266202241,711092.036777656,23314327.1362344,255553.098391549,26995518.7516982,801693.140706716,344.0,66961154.7116237,41874808.9909784
A0923,54.0,0,1,535.0,880871.8953262089,530.0,1014485.6179689734,216.01877490419926,552944.1630107658,49409.05882352941,322733205596.99176,0.9058885967554224,-0.690172169474125,0.5422040728676976,-1.011851902567583,121.867208592574,163.399497571589,-48.467820961638,-40.2574266650554,86.4462927791812,129.963898424089,-47.7694541309372,-35.4161727000157,79.2800994652142,72.5278782183088,147.696024962033,121.510111150407,80.6653857905899,80.7336884510627,1271861.94818905,31532157.4394322,39766.7221856219,11796134.4872177,1251322.85577047,482.0,74146733.2796367,20506509.5396204
A0931,71.0,0,1,399.4054054054054,529831.1463595334,306.0,462166.5348023243,168.0391620152326,506813.64203539304,29021.52552552552,263802231746.5087,1.5592616980487954,0.04724774843365809,1.946937243545487,-1.9318761396244064,82.5773580248374,100.810475934798,83.7703220966108,73.0609316458036,-28.5736375387207,-40.688387404047,60.7152022087643,-0.685978266496714,55.3302775415243,70.3540246331533,49.7248253463442,63.272848905779,42.1057370302688,52.0866614501886,726731.774181762,19423138.6453239,306817.475108614,30587344.9482601,824552.564454788,344.0,76400055.5519823,33014894.6502602
A0929,83.0,1,0,394.0,239056.61721886395,336.0,32661.95311224932,68.6300225848717,228316.44729987995,4906.333333333334,54213536111.94442,0.05416341253115724,0.1580981747561034,-1.9083914300424454,-1.9657947023363207,72.7964343050749,10.9609414894467,-64.2407416829268,-107.608845051837,18.0144685399301,-104.956185195494,-49.0106654051823,-107.173113712137,68.7009953520391,74.3334662804542,58.7520368672572,63.6547213761658,62.3857187870066,72.4745507244153,443614.584798878,31658906.9357454,137941.875195453,6687314.55626194,502015.615636787,344.0,107267136.864334,38245367.7231107
A0933,62.0,0,1,406.8333333333333,90701.02189041123,370.0,81219.67625903316,154.91386495583782,81364.1606939935,25041.710144927543,6895965255.66458,2.3636402268106327,0.18465046351758954,6.947858408329214,-1.6623260797958488,102.349493952157,155.805941249051,-48.2562709723046,-90.5244314919618,54.7235467299421,65.3899616179064,-25.9599572695296,-27.5295638698195,75.0674583916728,87.4415848983898,89.3034809704403,95.4238559218841,74.6342071106566,95.5939128420306,711882.733342071,31954123.0745163,264472.987010906,28606699.0032443,704406.94827808,334.0,73497850.2629391,13106864.5256092
A0951,33.0,1,0,339.8378378378378,569414.9427581521,376.0,799348.3910641796,84.58659836139577,512629.40022026736,7353.639639639639,269891304726.14212,1.0407834378201433,-0.04773552218387908,1.7870900190932169,-1.9445442728130793,40.1807401378447,56.8734238161057,17.0717828435116,36.825959984953,40.5213153508459,43.7978485929523,22.2307008055983,40.2909104363817,112.270369665722,145.801594887002,79.3173386513806,89.2129409790302,105.660767074426,126.305813801842,347144.491640056,12940135.6363694,93665.627315979,7186842.64220221,423045.014546007,404.0,56991953.1373719,17909317.255397
A0941,75.0,0,1,456.4761904761905,454935.48659659014,412.0,570314.154432013,143.92975106846527,274055.20600214956,21751.5619047619,78682744314.82735,0.34653071337496266,-0.7640141611656268,-1.3740436703718601,-1.1068051528030103,56.3708804604453,39.3164149081661,30.5491396351783,10.7499217059804,-25.3127426344876,-29.0987989944004,11.7698558351778,-11.6471240011487,86.3190351454862,80.7138076384111,72.7144204944688,75.0487048162473,80.4688484030758,76.758085345702,727547.193291914,34346703.5306863,405971.555615163,44574432.9028218,1010589.4997087,400.0,91868357.9810547,74400911.5324941
A0948,75.0,1,1,413.6666666666667,3103884.8585369037,408.0,2976028.671930406,51.14901975817545,454161.5711727258,2729.9710144927535,214857013260.4989,1.158990947726179,0.5209497177698189,0.9813536547832036,-0.2117093325958792,52.5404359293469,100.362559020991,27.5457234857941,13.900018534598,-33.9462312254526,-52.50551727776,13.0747501689972,-8.03059884466706,39.2971147355987,42.5981450262132,64.2772650205323,123.462404046562,40.9037597318775,60.6604823862677,380613.750078423,11552631.8546279,91393.6559501473,4996695.43789941,442191.165194459,328.0,36782603.9227364,11733010.9885055
A0932,49.0,0,1,419.968253968254,982303.2135791662,404.0,989947.8316401452,63.806743996940135,144947.05500761094,4136.966717869944,21343135243.56002,2.0499201620523015,0.05109237221527877,4.603824471664724,0.40742380717689963,35.4247337559382,28.3660136508679,10.1225573387839,4.8703114871101,-16.5557517101541,-24.0787608394435,-0.9739593238894,-13.8862749797425,38.9187918477286,64.2011377772434,67.6671659582547,73.2201870318238,47.4776936737204,69.3418096201149,438431.975508098,13125058.7482109,213349.79716903,22427477.4696988,624649.519773202,380.0,63172037.4213129,34544103.2879345
A0945,44.0,0,0,429.78723404255317,443150.8089506123,424.0,501473.23866721906,160.08839794369626,503382.4440973438,26185.432007400548,258785244281.2753,0.6006407611814297,2.847992718504601,-0.3306454548622413,12.665793378137879,158.217743567926,147.1655309799,52.3959097922295,14.6693429703223,-99.4745341565743,-107.945613779061,48.9934651792845,-4.81146788892884,40.982491753947,35.7694986730045,130.08381895774,143.653085529789,40.4989549649518,43.1492429519725,857359.251707009,24456359.0577281,83399.884996056,8259938.48371816,780527.841639477,294.0,62778307.1221135,18079530.297669
A0968,68.0,0,0,519.0526315789474,602378.7434888629,550.0,463125.78281643894,168.82176016023857,596297.4924778584,30084.163742690063,374284946879.349,0.30861994005830423,0.06666909706551387,-0.4761690140572754,-1.9213164070848008,90.7114076948438,79.0847038458843,48.5742739106733,27.549475797226,-48.9721198023786,-56.73004416619,9.42142081922779,-37.3973891501677,71.5218688191174,67.3290057189261,70.6346770131071,74.8751840290317,62.9353922283003,68.940370105408,1038082.76343762,40999152.7940014,773687.726224698,107239074.978592,1286959.40611682,386.0,170834416.488693,121845192.749778
A0963,65.0,0,1,546.5555555555555,2381717.5595207275,490.0,2833061.06519395,166.73572643298675,1101892.9970205957,29436.14379084967,1281621964487.6436,0.7044355484054124,-1.4373362165196586,-0.48954191554742454,0.5249262907158001,82.8984427316045,64.8623028601148,69.7910508420376,33.4895881343609,-26.2770632493726,-35.0581293845392,52.5707419149736,-4.53239337040749,61.1891527104178,58.2420587842726,64.5290777569083,76.55892303575,55.6094034876256,63.6194402335882,936452.003218214,23614348.105602,274247.39600834,25035388.6018075,1007796.79826674,336.0,87023677.091315,41069223.5019512
A0973,56.0,1,0,481.9166666666667,473132.1349911048,463.0,735039.3871821989,174.7726896730595,371754.9397045313,31873.557971014496,143960140827.83304,0.7313423043773789,-0.3830343288907038,-0.8591588102951007,-1.8162767036864917,51.7951730891954,45.7721266165074,57.6692378423317,40.758412295949,-7.02961685407065,-13.8685038798372,38.1339892135306,9.4404515690909,54.2640129541161,54.0799411224735,55.1418997669785,60.3774539753376,50.5801178392909,54.4732809998567,577491.440310791,21894172.0557039,269377.847035635,26793359.2987485,773618.001186846,350.0,56524171.2096806,44895297.5146175
A0955,40.0,1,0,453.07142857142856,378347.7359208765,506.0,563493.0250389904,169.00167551397416,329924.6227879937,29619.402116402114,112737765890.43567,0.6797924730560597,-0.11654172444412032,-0.283830310621747,-1.8786767156784945,68.360530113766,84.2170400047461,70.3337793099737,42.0131071623743,7.23653047796096,-33.9113593716821,63.5875956350719,19.670165191505,53.3619446900251,56.7312037292692,89.4523453256039,100.421253960157,55.1821772102689,64.722128297424,1831425.44798698,46444591.8061622,207389.064451654,18652600.565344,1917617.33782043,408.0,95387801.9520039,51764849.1430685
A0952,12.0,1,0,342.9767441860465,1458217.819878607,296.0,1375130.0616371557,55.48496061561145,1407217.9415713258,3151.8803986710955,2026314947523.9656,0.2891183812417382,0.007905956778297954,-1.6041948443991954,-1.9891891477968302,87.9508956884274,44.82402207589,69.5842743641285,11.7711329593616,-38.929709875268,-40.7253840057598,20.3532729288881,-26.9004168980543,60.8467883302409,48.3345823487289,56.6918393923076,62.6659586269117,44.1388064753288,55.9738278577058,345525.962193571,14968528.7591623,318080.586496879,32915578.7729102,477936.169602012,364.0,71753016.9512225,44792955.5646009
A0964,56.0,0,1,385.52,331672.7172793984,312.0,13556.016311950658,141.6895536022328,354536.3231392709,20912.426666666666,130723844602.11804,1.2669984070218274,0.20710288487927822,0.10964953841510505,-1.8875703817338039,84.6627080918692,98.1041551997577,37.4973213833856,21.5216157169903,-12.5461485429723,-21.6688983292718,33.0096097480422,13.0178075717682,47.2854412859683,41.1461249788826,118.358892156819,131.583731984979,51.1731509939872,52.7693686043774,886050.403751165,26713447.6550394,81080.6262232867,6106117.06304458,897231.624998079,312.0,60871063.1807858,26550013.1071764
A0983,65.0,1,0,417.5652173913044,1249445.4769942074,400.0,442065.0855434079,103.09296188474815,1261303.0492881953,11111.256916996048,1660054311802.1216,0.08053601622089154,0.14649862384376158,-1.823120327881336,-1.9281659892074594,92.5154672734776,113.489134547658,66.3570560788453,63.5669322692168,-59.2632398627021,-44.5617168142493,56.1200352363686,30.0943139499418,48.0085547170925,56.1468802749544,60.2533909246494,105.586060077611,41.6244982681084,62.5806585581482,591885.054997105,16430458.4246149,99669.8986738368,8101821.64607921,595888.998695324,308.0,62145815.1775329,15148778.9908872
A0989,91.0,0,1,399.25,566635.2208706323,371.0,583287.761702463,96.55190745569625,168263.87349471348,9727.58695652174,29492428253.58849,0.1445228126761983,-0.9599148831089211,-1.3018843045693678,0.5963678906534877,86.1015185618961,58.3656488794095,55.7808647169432,24.980010394386,-28.6405382178694,-31.6042847940134,21.3297872092911,-14.6650540237621,97.7205450837312,93.1917140252237,78.642959926481,77.4095468601849,89.4349026429621,81.3985393954718,707734.881632041,24186982.8826603,528477.976886971,54186823.32368,911611.937837845,340.0,90752171.5662182,69971770.1274342
A0979,71.0,1,1,458.5777777777778,492629.7585328623,404.0,666429.1122613957,137.4876946233353,391297.02575008816,19332.476767676762,156515881524.4399,1.1261563258366283,0.19593762409749726,0.4297665566114639,-0.06917337387387157,32.8536290185917,49.0358519544078,21.8528678276348,-4.36398602816935,-16.9190027930856,-39.9681053677371,11.2321903988186,-18.8150569533653,53.2876279011819,50.2874884049161,60.0295490021595,87.2313198641632,53.8128015547771,61.8282318773297,697907.985446506,30490557.3229414,252291.760835619,16239383.9610004,920084.748501126,330.0,71331491.7332177,42925707.2557583
A0991,58.0,1,0,356.3076923076923,1429933.8259876322,284.0,1216922.509948906,80.36779360241707,1361832.6625202128,6628.955465587044,1902141744314.761,0.10705214239592402,0.04779457495371652,-1.9015187940927,-1.9401491146688012,56.4348843446509,51.4441675800339,53.0738598768222,32.4086965044696,-5.57893721427687,-14.9833257806917,34.7107109661527,5.03686993794175,58.3529366181398,57.0852487728657,76.5321641242073,83.8472004075899,60.9689227823588,69.7747152944998,714743.525262127,23495849.3482129,304813.530588378,26642353.3893714,919062.686057993,390.0,72727151.9911433,45190636.6450161
A0985,29.0,1,0,374.2608695652174,566553.4302341528,392.0,748185.0597455921,129.04461111264922,421897.78828290815,16897.401534526856,180577421203.77786,1.2033653393319237,-0.03001537644005604,0.7284019880619201,-1.759098167626833,40.4210994908556,38.5726192952882,-44.9326111467555,-31.0435213807429,-7.05307061910151,-11.5174496369546,-31.2117207025879,-18.9328069478468,43.204850644736,42.4418696654321,69.5132677570642,77.3878422122277,49.5021465991549,60.6333529691054,946823.838954426,35322692.062395,401035.59449565,39707785.8321306,1278847.58740645,354.0,89123542.8886795,70834568.5071465
A0987,28.0,1,0,467.39130434782606,206005.88686840804,437.0,309503.82605224074,151.67062113570307,181920.09221537158,23515.176811594203,33814374733.206898,0.06961307163141503,0.016359950540542845,-1.9105029560926459,-1.930951602934061,28.2383408784974,21.6689328430253,32.1660885348477,14.4644834151525,9.18710420517104,17.3499460341084,25.4200404644967,15.3566089482727,90.6640111906013,66.4301431352704,73.840040065569,87.9181567830736,85.4891457926969,72.6360950012614,428622.495984096,29346074.215694,187511.462551004,12048118.0089774,600408.629811109,340.0,58544916.2292241,40786129.2962088
A0994,67.0,1,1,457.3333333333333,2205534.7373506073,466.0,2519585.641300677,119.44017563431308,985055.2397289713,14757.885057471263,1002678286161.4177,0.3511725011040873,-1.6287450398495584,0.22502673468824952,1.0278342804715193,41.5612768303631,51.4102493895799,16.7022957048635,15.9891244646254,-29.184523135472,-38.6722692404625,0.577417988251861,-18.5604594432207,49.3140765315846,52.2923079053436,65.8655845098282,72.0612083662265,52.4860449430149,61.1476494506533,825787.539459422,38107327.8374407,383908.041388788,52264530.8815132,1141813.65895782,370.0,111562266.957016,81659701.1452009
A1002,66.0,1,1,656.9333333333333,87135.47218768594,688.0,78773.9263518225,166.28628593148892,14885.768525488895,29626.20952380952,236358511.56739822,-0.36083683530541827,0.7546495839628924,-1.1044788900339504,-1.2517242088979499,114.608284493023,102.091671819963,84.0652544503137,69.009537338493,-42.5130964500069,-43.1153723342655,69.0219870758047,-9.28791421578229,77.135368032444,74.2810060847989,62.9814719873202,64.3406886140611,66.7634761206757,55.9046618053836,881291.817416132,23676887.8812159,269100.980798539,44475650.389271,807205.590469316,406.0,82389510.585943,45798496.4350014
A1007,73.0,1,1,471.07936507936506,488866.7076498299,448.0,670795.528858644,182.11973225267863,314387.78488740424,33702.5581157194,100408563084.60571,0.6976920597592184,-0.78844571682542,-0.40539640078996975,-1.2529310245531102,28.7133539219966,42.7628758528377,-18.1031801023881,-6.12888603618298,-35.4648987745518,-48.3480970635997,-22.1494921208311,-29.389598077346,48.6619554339725,59.5079793877738,73.1870356838585,77.2884217808067,53.1148867250417,67.3507335655543,1929492.43326494,39813705.0558201,463676.640007491,42750657.8030888,2346749.43990707,346.0,107490506.240862,76889241.8159223
A0995,78.0,0,1,485.46153846153845,123314.19183494447,477.0,179639.00284018726,175.1382378775803,93849.26656025722,31900.338461538464,9146441942.8943,0.5142274898035339,-0.49328168341833073,-0.8046063052439716,-1.6960866747379881,56.1308738231713,58.3566023133743,8.80230895095905,3.54123740542124,-53.7696040598163,-57.3056451856522,-11.1463968163425,-27.400823062654,54.480125915516,51.5785944285748,69.1295660776903,75.5529693409216,55.3496122861092,58.8469508837844,935073.710292381,56861706.5169946,410372.813623113,47444053.1853758,1212629.84307688,338.0,107901951.480642,91185731.2871144
A0998,53.0,0,0,339.3103448275862,1615075.3908288644,302.0,1459441.9519188316,49.92760514037808,1611438.2083682062,2581.793103448276,2686275620057.518,0.23054575184644296,0.029109920008925295,-1.6507147736774384,-1.9603032174724355,103.033899125272,107.513951045854,66.1353923056549,63.16946028502,-41.7676918200895,-44.7179703608367,12.1266207419244,-15.7029750460761,63.2023442042758,82.9393595320203,83.9715182699261,88.2566499158802,62.5871801199943,84.601058834576,334106.888900768,14703912.0242705,300319.991438196,29533116.5847127,395678.041187916,300.0,99008883.6673988,28758371.41982
A0993,93.0,0,1,443.3636363636364,784491.510070033,448.0,975496.8242704034,125.78970381862285,418352.2195608498,16576.52813852814,182973969593.82986,0.5817820014336502,-1.016991578726681,0.20307945291189622,-0.49514545999187787,140.325938258812,164.81620373377,98.4824389907621,83.7951838824712,-122.169495707277,-103.075028652456,105.44443990106,93.4147625138411,59.3258808254883,63.503276734539,106.338333960192,102.750623658701,58.2856751284021,49.0817755474758,844387.750668695,29520981.3117292,124195.445722551,15947368.9482315,752982.104561781,334.0,67890724.2343502,14734733.8164871
A1015,29.0,1,0,308.75,2955290.1760662757,296.0,3674731.7152435645,38.297356305625065,2827676.7081014365,1514.0,8245622926962.482,0.45762711616502044,0.08025725095875597,-1.1275708764230834,-1.8453360576867381,66.2924989735806,50.6404284024584,38.2274401979774,12.2622599431279,-33.9688713268418,-42.2408102690007,9.6733063307128,-23.3102761107829,68.8014181232078,66.0682662471879,67.418076256951,70.9196827212597,63.8985557249644,67.0230505121541,692914.976838029,37537191.8131836,484580.602864712,65099267.0310638,992449.784127161,374.0,112397729.26743,93522190.8935981
A1012,33.0,1,0,430.88,806525.5985708899,496.0,607601.6360570824,146.87037005468463,761165.8351482087,22469.693333333336,602548365740.7449,0.011669522418864249,0.15221804416791895,-1.7196556895696533,-1.7993441257640632,15.9785060281419,12.1141295580589,52.4802190036524,29.0302441397584,39.3665245382902,20.0294042714658,49.8972287666829,25.0710910574525,72.3747990204973,70.3445454969604,81.9816456983941,78.8089654281976,74.1507227701025,73.9364633710833,464085.378227215,15928856.0048287,110141.237370122,12014088.5275746,570777.152653213,414.0,50690114.7782048,27790017.5976778
A1008,82.0,1,1,485.3,174161.11943169593,467.0,199100.1050212895,122.29354030364809,82107.00565708119,15742.852631578944,7078638396.870562,-0.14207444080335632,-0.9682160049170662,-0.4819336581025828,0.01194983088881063,35.066682564698,42.4297375598382,32.920431008125,32.4571892807845,2.64368549295544,-7.25756817072628,24.1292882311066,8.69015428277101,39.9183931219864,45.9214432601528,65.9668030861565,72.2817014637508,44.9013071236489,58.2876736873253,1229697.99366543,37084205.5651162,360519.455103694,41022722.7606147,1538781.49514666,378.0,109556369.841339,72827562.8423351
A1009,52.0,0,0,422.0425531914894,461140.020441857,428.0,701420.5203589413,143.70862326941918,403674.66299278237,21101.128584643848,166420323617.70526,1.141847929105573,-0.1173250754334061,0.9222888353868317,-1.92225828638697,45.9414311907142,52.65782107479,44.1453515263964,39.3327603702579,-11.5208656010712,-21.6019032911985,25.3738837239156,1.256912868615,59.3796424542844,62.5623220680674,52.3648270032825,59.1067049422448,53.8410167401872,56.8595944234942,714236.846476337,25480155.0899223,416026.888250156,41836432.2927405,1047126.25911773,382.0,79216484.4588399,60767913.4535313
A1016,56.0,0,1,416.42857142857144,111918.43992876173,388.0,43270.61021293477,132.83612224899392,108951.65076607317,18075.811846689896,12153092257.144094,0.9992154917845575,0.25123828842458196,0.6237710537740586,-1.7276163515025724,110.829525588981,128.851893169027,50.8063897870905,25.8709136148066,162.784405709093,158.663020793263,61.4786877311384,91.6321840438809,88.9329776203776,86.2851832206374,111.203861160317,118.363610201077,93.3069127484724,120.514446989955,689117.331038184,19401298.3545948,139570.549863702,21789831.0811718,652657.074677389,362.0,61332125.6943787,17911329.9808766
A1010,55.0,1,1,645.4,1287191.6125201716,652.0,1393319.1551940523,189.95588961651072,452289.8980698295,37008.45128205128,209680305693.41714,0.4741716742260523,-2.1170800575177413,-0.260250055775721,3.448976552066415,77.7455518402485,40.1980977877543,-7.68566695249258,114.678176201944,72.8090152853425,80.9709420880415,4.39595494492648,89.8700599304057,76.4192388137954,60.6961105468155,76.0930346150989,85.2035768355208,74.3418372620909,77.5982337333948,705802.9435536,5345766.77173352,159092.578326308,12688394.7896339,755734.939403715,342.0,66708459.7485954,17122816.2907516
A1022,45.0,0,1,541.375,118237.25159853383,550.0,103665.9611640165,144.77347607555743,63562.742772098616,22356.65,4292736160.506473,-0.007898687847640877,0.29774557558129033,-0.753677431801723,-1.0290727489963476,10.500842686026,9.47713122915601,29.5142854262929,23.4256146361307,37.9016059989379,30.1024974178455,34.2227900174077,28.8631468888353,87.096653578823,72.8934593324725,80.7099492895171,79.8058348480542,83.4757457710589,78.4804097827557,650831.730870787,33126885.3592706,842615.296851181,140938378.047643,1487284.45212899,286.0,213081419.628667,173698789.287906
A1027,76.0,0,1,613.75,1615220.1049428624,571.0,1770941.056942438,220.3972266159445,610581.0359632596,51813.26666666666,396109776570.34033,1.0275636776713095,-1.8798334836398196,1.307057243009785,2.4044460537742145,35.9716561715781,39.2504656871407,68.6134201589532,59.3257849510754,30.096811038692,22.3724826543125,54.45075638012,36.2020659620716,62.1436735480243,66.4670950763741,70.15382642205,83.2734357691388,63.8131681748218,75.9524591432997,433868.616002187,12846740.4696639,241970.951608481,19485047.3947011,645538.523686405,354.0,56413808.3678112,30535129.9322474
A1019,49.0,0,1,435.1666666666667,495494.7958736023,359.0,678191.2205248314,162.01740304328078,366634.04079917265,27390.92753623188,140021374867.42648,1.1785871566164525,-0.43522869484936794,0.4154930804902097,-1.611525372963769,,,,,,,,,,,,,,,,,,,,,,
A1024,60.0,1,0,563.4285714285714,398292.9634797982,586.0,585995.8542860746,237.5578468757555,376054.3715598291,58093.54621848738,145457372951.2368,0.5131860474730792,-0.027527609339140186,-0.8213552181724881,-1.900924008766355,43.3755050905262,96.935969975228,34.8093055479114,79.4398141395862,-19.3957274277145,-23.4914088565261,19.6422624123034,17.7374306723878,53.4959110916022,80.4437818978912,54.856486191629,62.8859157681842,51.2796112006102,60.0400048130801,611270.565672723,14721319.1406555,249606.325626099,21788951.4947602,811025.157016244,372.0,60284751.0533489,24779127.0983277
A1025,85.0,0,1,505.6842105263158,186638.12779303227,482.0,239252.46919398004,170.94322006893,107175.17693009991,30845.00584795322,12091072157.892862,0.2535279783211214,-1.0789769614026614,-1.2838492672594286,-0.721804541522562,78.7287872001976,114.154916750285,69.6519707205285,49.1777450123763,-25.9955243832113,-96.2978679232964,62.6037097488957,37.1421952938026,66.8491361194954,58.4268992978028,48.0609620351912,64.5788016719876,61.6163662355263,46.1036580480397,1107901.685904,43120024.9581117,168090.937421331,11681104.983497,1152605.1370184,318.0,81606561.762401,39793969.4566094
A1017,75.0,1,1,431.2173913043478,263002.3281826217,426.0,359023.54685330635,131.89289347692863,220495.15332478317,18186.450592885372,50731943624.05527,0.6649438399492411,-0.03611081903555894,-0.3092044662765838,-1.827102407936056,41.5982914051271,114.703572990844,-20.946945440013,27.2895565252645,-66.5389045061535,-89.0494617680578,-25.7339520512112,11.7626486094192,64.3323582587405,87.6160586672543,67.7300036189528,75.1845726532147,64.0130558694871,82.8955293069954,1191108.13261388,39240832.7207367,148148.540331225,11052450.1689095,1305606.31726585,328.0,96302145.3484914,36048390.0293672
A1029,75.0,0,1,483.4,622540.4300106119,530.0,653370.7053256145,98.15925835090646,269371.91378232423,10142.35789473684,76189289331.48952,-0.7933713920413691,0.1310322114048942,-0.4512259067810662,2.7066186813286004,101.152221899147,133.338860698292,55.6472434620786,87.8763404388918,-39.3499578576002,-46.0000083105776,22.3927077519497,-19.4950258009875,35.6600250008691,25.0933591319044,100.167970536106,118.140018778464,41.4177028319603,58.4537515510481,798897.768752916,20753413.6091128,294570.239368634,21345470.9279069,796225.710229827,236.0,73169572.4178999,16681512.7914256
A1044,90.0,1,1,517.3333333333334,561487.5054604991,564.0,633262.9041822257,172.85703791155152,236628.47839130086,31637.176470588234,59103761051.65914,-0.2788324340087496,-1.5817656416250003,-1.334868297525892,0.9819684486380269,98.3357257725448,128.323908434738,5.54381798892276,-11.0090960968398,109.846727454027,113.407326560724,11.9780402689805,7.55557389195529,60.6939305690177,62.0423568806548,81.9734079435937,108.084035798565,59.454195331386,63.7615251407509,954938.138701072,36311679.8172476,95135.9677162417,11166817.8569776,945841.622969583,284.0,64867252.6711056,30665078.6747555
A1030,68.0,0,1,414.5,104515.76074460274,358.0,13891.71790772142,177.97471730557686,110592.76287430336,32696.774193548386,12612970425.177261,2.7007564041368948,0.369848268558747,8.871446881091194,-1.6254820579094276,74.5182206285282,64.4189212850301,63.0234808376036,25.8257295320282,-21.4375870863541,-34.5514566258134,31.9698352679893,-11.8541972143577,40.2165040635313,40.5659005957665,74.2759343901238,81.37067000184,42.2760664608384,57.9857544778939,509942.556610202,24925122.8418073,219764.661117371,25971504.0390525,606767.356131608,360.0,57599045.2946245,43067510.5491331
A1035,49.0,1,0,472.0952380952381,15718053.582028495,320.0,1448626.5928451782,224.30037359837786,47103294.872121274,52826.19047619047,2324373739610483.0,0.7217702971803815,2.8448830296312297,-0.9347519007297413,6.096942107413517,34.0491241486007,112.528363182432,72.4877810755179,10.3684933315608,81.9575261304081,104.192242014441,74.0895142028894,65.6119166445456,72.7577698123421,48.4202675197529,105.501377109588,120.849343756598,78.0793612284176,86.4126633704974,806938.695773458,15616034.4666207,163304.456367939,17925798.0018285,946671.860841709,316.0,67733285.8881346,18726710.5304884
A1042,77.0,0,0,377.61538461538464,220373.0318646315,373.0,28687.680649242142,85.15148353334189,209725.85025445142,7540.806153846155,45676660428.98922,0.022473673782762202,0.15843162314915346,-1.9518848399197815,-1.868696472155465,126.387015250592,126.530874169512,61.2399295856025,75.954340477125,-57.5184212250799,-75.5432034294653,33.149240275279,-0.395982955404571,120.175305805761,111.27330772083,64.1985146268227,114.454467774518,111.9754708523,149.749959490054,243290.00899897,7723513.66051049,110007.754709752,7948808.76226403,198839.697389776,342.0,50430685.7495028,7053187.60246012
A1041,66.0,0,1,454.43243243243245,164678.83940753288,414.0,61241.84898531683,115.4779821158247,173628.36359225836,13705.585585585583,30961587255.718052,0.5002974625216604,0.7641018274222067,-0.8872065700866352,-0.3182788955187892,46.9530208423876,28.3508941865237,45.1325160943737,1.27818669402436,-6.2146448781552,-28.9310994635625,39.7499900469906,-6.01163550881424,57.6021718543125,70.6700949361311,69.3230358846739,68.4535578651263,57.8098740602957,69.6415189118636,709040.116571297,29512865.0131791,83494.5489040705,9755693.8249681,768459.595641214,328.0,60353129.8211435,38379049.7697313
A1070,87.0,0,1,549.0,747758.9312293938,485.0,433061.33686831035,313.5554177493988,907384.7653360185,104100.35294117648,869088618606.3403,2.1415304375414554,1.5924783835024316,4.389281070118623,1.9230770778485091,47.6181249027666,38.5741611756619,32.6972454139112,12.9563533086759,-20.5363634888736,-27.6507139569529,5.62106393977507,-14.383587549703,56.2765379069917,57.241676239777,67.2014829391882,70.6248898403564,58.7772367137058,64.5916656391858,578175.764217162,32030145.7564195,538601.528986361,57141888.8745042,1021859.77574395,378.0,101985274.066184,84575004.3669904
A1056,35.0,1,0,427.6,1079031.926509098,450.0,1610129.6466113825,146.67842377118728,890968.2396116636,22411.000000000004,825577380156.5752,1.0623840384964465,-0.2582074420015643,0.37506817904599066,-1.8689315832235212,66.1523805774874,89.0159078646023,147.846798432776,140.119569282236,161.115897741428,172.440015810862,150.4068474904,156.232466403751,51.7443094387473,47.5430095565178,116.718191811308,131.655377829459,61.6127929836038,89.0896703228803,1123174.57127541,34002431.0270808,237344.940913584,33385058.3068723,1238310.60290442,406.0,102053975.320908,48059548.3238089
A1066,64.0,0,1,396.4,241499.66190472138,366.0,256118.77749178477,125.64075771818634,229716.62557064777,16443.333333333336,54880517186.10779,0.6492314642558146,0.12892426202216015,-0.7442346264184958,-1.766723678032515,50.3853373281105,45.9998352858531,55.5048379042676,37.8843199268971,4.7467545151073,-1.23549105675263,33.4388902225084,14.5129432452502,83.1465134438755,65.2541966571972,83.4097208583461,91.3327429551435,82.5623086766318,79.5937923577603,463402.165290662,23731599.9558747,362409.033332379,31508778.7499707,748496.832926798,318.0,81167525.9343551,50939786.4730898
A1054,78.0,0,1,376.9818181818182,101372.89863897201,342.0,80196.47371195449,121.50622743623111,80988.97037604886,15037.166329966329,6678471746.619291,1.299579317014296,0.11525114006152959,1.1900418779935427,-1.7959134601763285,81.0594494511122,69.935707219906,67.759447655871,26.2449100762268,-30.6529427522907,-46.3223014174035,35.2465993433537,-27.083814869705,49.9125859884121,49.1365861182693,66.3848634001224,79.3980849533322,44.5950298484052,65.4804950903812,647818.533644305,21720956.134242,318502.055683131,40681110.959144,765012.549470339,380.0,79292869.0649021,52278639.5079902
A1061,50.0,0,1,492.45714285714286,135540.58124503758,418.0,11594.114401268287,194.76877761770206,167789.8566769858,39050.60840336134,28957819889.50296,2.034273127747319,0.634349785933722,4.484387964395205,-1.4881706084997783,67.5498510228147,107.455334660689,63.2320012784435,12.7676574179965,167.721513892271,-162.469067654756,65.1496388637999,11.4471614877657,59.6242884022179,59.2808481805857,22.8912357258725,48.307697876667,56.0704060149768,44.8405969369628,507421.417601487,13571595.492454,38584.6460840287,3397414.26882229,523372.389383119,302.0,45957133.7984119,12964147.1576723
A1053,80.0,1,1,523.4074074074074,1344988.6293525505,526.0,1565441.5297323116,192.76684424824361,636255.0772537722,38588.250712250716,419813876047.174,0.8705083067273537,-1.4661300061926688,0.6689756540041358,0.5197796453728896,64.3545756924776,106.754368140985,59.0568946040835,33.4297832709576,-13.0340462750069,-48.1113695021932,50.5006541250336,25.1475612254488,56.0960369187935,53.8847856134278,69.7120766590678,130.047056284745,55.3912449370081,59.7161550024112,1597135.78535469,53840164.8542387,234878.708123034,8546592.03653044,1711936.46366337,328.0,98370826.7979455,52024161.8917157
A1072,87.0,0,1,468.8253968253968,349314.2272886193,432.0,492456.7695265587,183.95293908890315,286839.53363274824,34384.469022017416,83582900880.91682,0.8652736106134643,0.22721888090642017,-0.08618224039675582,0.1723064937108596,85.7755571958891,78.6680779724335,35.2391437942158,20.1971844057179,-61.9173431403025,-67.4456409416091,6.22153902302954,-41.3800284222863,67.7644456877148,62.272411557832,62.3206492745331,69.5742552969197,57.4277745589542,60.7969473951495,918529.18518711,32087006.9662093,501807.119197891,60661576.8662888,1078616.24812604,400.0,103210786.645329,73988700.4877543
A1085,104.0,0,1,470.14814814814815,198027.4788031541,434.0,10692.48802507955,162.91049660466342,205902.3708344856,27560.5925925926,43966000623.234695,0.5885386825146689,0.16147429916268174,-0.6514916118090839,-1.9499085346486358,84.7628841014945,74.4898167062956,47.1356805762073,20.2834769453435,-35.9557267819337,-55.0612328468838,24.4466577940255,-11.5002094489715,92.9069602109806,84.4725618380228,67.314312060204,76.4091692129131,83.2734078023935,78.6597984907823,577639.18624085,26696257.2114755,277378.671063867,20894703.3208487,663216.294990799,320.0,69443795.031328,38047424.5973041
A1076,72.0,1,1,462.6190476190476,987246.4631873014,415.0,691701.0574526123,140.60311457312883,980137.798667377,20251.41231126597,983543202099.7823,0.5914506108715627,1.907496663293706,-0.726026641053473,2.12193395651964,76.2349797952773,152.884760196825,69.8271776895676,34.7645534950589,-1.35807222682666,-119.852004989123,62.8337969232837,19.6200063894937,96.5084882874042,88.3817583362384,63.91229282853,101.688984693971,92.6065539436407,94.759654022582,699648.597720714,24382209.0878429,104678.080389591,10006289.3592133,731654.410279192,410.0,79476303.5895441,16133721.3902628
A1077,13.0,1,0,389.625,547452.5588677486,365.0,69360.00176079536,117.02183289882278,506019.4181002269,14135.854838709676,264057390603.69513,0.09552542380037035,0.09346890555939877,-1.8824219882877284,-1.9512066145632139,153.504990960809,145.303010328539,72.0049092007849,53.4932051557152,-108.050086689789,-104.366693619287,72.0150185924351,35.5348652334284,65.2139238848844,55.7616838347566,88.291120765706,96.2169482090031,61.095281527258,42.9556144146158,693405.189263479,24723323.9449472,97795.1518090512,9841762.8105033,607449.913749314,308.0,45525733.5722766,17549886.5672206
A1082,64.0,0,0,398.5,176107.09801071612,356.0,42964.314371251465,133.23819522444256,169373.79277457937,18524.26086956522,29882793415.464745,1.4629118133499877,0.2237526324771425,2.5831573687634934,-1.7526743258076507,55.0206151023855,55.4292512032894,39.2951152399166,18.803796634271,-15.880939353967,-21.5321988828645,13.9748878662533,-8.84835417776377,40.2601387126398,45.360446736856,73.253520085864,87.9285846473757,48.8842129296725,70.154512344676,399356.736769653,19260696.4305531,231543.544934928,28986416.8289087,564906.345226415,438.0,62385647.7167607,42950787.8690427
A1087,57.0,0,0,441.09090909090907,73590.50304228309,366.0,7837.013247038407,145.10400943364385,77864.3579608839,22057.800865800866,6338442706.14524,0.500710502143009,0.2721018020500556,-1.2149738392704372,-1.9108364571765786,37.7630493156404,40.2302838669096,26.7963372585178,13.6553861575086,-23.7109596300613,-37.0130908204439,17.8325240145035,-1.69243675076948,45.1681697964526,54.4859191135475,51.7761223338754,52.2905976339962,44.6195509004407,51.4103323042245,928791.862428849,29130448.7378294,196985.223368708,13721102.0216188,1091207.07015649,340.0,52401158.1978233,40585222.1962385
A1098,76.0,1,1,462.1777777777778,2715351.863730441,394.0,2756650.407143257,126.99383867624599,311835.7991896435,16493.967676767672,99402489337.49352,0.691774943576906,-2.9662751920828585,-0.9131421550046759,13.957764891483375,116.33289785405,141.956549595175,85.0779661155113,82.1132819427791,-34.8739431294132,-67.1988957048062,77.846539126233,61.5396945183219,88.5621997980569,93.1609270593335,65.453970058598,62.5740491596746,84.6828200034612,74.7353907266604,1343036.6349649,39441369.0501698,201426.116243546,19988704.9350767,1266617.4782568,356.0,81565416.8764336,26709542.0392232
A1093,68.0,0,1,445.609756097561,770666.802113604,402.0,895601.5360969633,126.41798229002856,325060.0087570637,16381.043902439023,108241180251.51167,1.025446716907097,-0.8098672011198943,0.19931192922302587,-0.25021580705384494,56.1761856368663,46.6665422003138,48.3097965139084,22.2513856780161,-10.4883157521305,-24.9839749137404,26.1483432121348,-11.927667977884,69.924021611817,82.1427628917719,75.6044277069017,77.4295090241399,69.7877817355282,77.9703942026712,441653.32570373,13386662.0390698,270719.748214546,33786836.079321,633605.231574124,384.0,66484509.1473415,44062670.8216271
A1096,32.0,1,0,419.0,286454.8863318668,395.0,483581.66850571707,112.40729513692605,250567.90414968182,13071.103448275862,64877083742.96295,0.22704039390075126,-0.041117336027135264,-1.650148945001832,-1.966947603569887,75.0406506403896,68.7210204794403,20.6638449520616,3.6946247113095,-63.2330701259266,-65.2526811708887,-15.4428860621568,-47.4247297619169,32.2874833742927,45.0274560034928,76.1055622999531,80.8831146279202,37.0319013352337,65.2218662582323,1036892.13322257,36717177.6209116,453943.888877895,66891227.0742711,1234590.07760632,378.0,131521721.654087,87208025.6440464
A1097,64.0,0,0,448.09090909090907,569925.8474633998,466.0,995066.4468800969,154.2329728603951,533733.8953544582,24920.56277056277,297820592461.61847,0.5952014367056386,-0.07392273542314015,-0.30896301891470346,-1.9765558992622019,102.502860786294,27.2103226092644,53.7285346947612,-15.7431334860849,-41.4655699489633,-39.8979573894534,4.65812761158233,-22.8190642979582,109.254891495109,80.4862906415412,65.0735406383405,66.0036255570548,84.3044234861533,75.7328671838195,361269.716477595,30034378.5327827,394186.706715536,13599766.686914,473539.586844744,364.0,95087404.4709303,42585599.0444286
A1094,88.0,1,1,524.2608695652174,626282.0025330293,470.0,627859.3665602251,129.98903545443474,75502.80727182032,17665.201581027668,5948529293.139802,0.9651372399646104,-0.11473088334403028,-0.02797217473822622,-0.6498425980657827,49.9198720580273,34.2713094725345,52.3266597141838,26.7327011238079,-1.23109464395521,-3.45821625922827,30.9032405028109,7.52333745668597,50.5059308242452,54.3046517882057,70.5696262448568,75.3996641232939,54.8123242518463,66.1268438064088,804390.316102104,31346837.2374925,452002.451179085,45438108.9524023,1148715.03251342,354.0,85935313.2081521,73493815.0728763
A1122,29.0,1,0,421.5,267572.7329450141,402.0,53254.973357061404,135.50500781468241,233417.03541728033,19041.666666666664,56429352152.38447,0.0720920115781133,0.09957991641774952,-1.8952809516796023,-1.9487160410350317,89.2502354224884,70.117946310321,31.2048060440278,4.33712023818138,-66.8312160288404,-69.109608792417,16.4182839861842,-23.7918098601338,55.7613038451658,50.6234649673366,77.0872304436267,78.7185749556879,53.436989078578,54.7437473199328,652318.744305191,26550830.1243325,142188.75626527,13876794.7988363,669451.123680209,336.0,55930033.927378,33883833.1095891
A1124,88.0,1,1,433.68,652745.2112273359,408.0,636910.6560085198,64.02919334178746,84849.32430782783,4270.56,7487384148.9147415,0.9261482017566525,0.7878799840548923,-0.5549759312743721,0.03807696347660405,74.4335665640594,59.4848391438189,64.7631054535977,43.4155087377833,-13.1382127676689,-22.1665850291965,47.0967072343988,8.36918668038263,79.6825238789339,69.9700371891799,59.7505586000413,59.9103580424697,71.0877486581767,60.3669789996963,1075761.48241913,31486068.7628898,428322.43830408,38640910.7355738,1260168.52295332,346.0,93185391.0014251,60992136.5223665
A1121,25.0,1,0,407.0,911311.8972274282,384.0,1103903.8844053976,144.9373870119306,872026.9361446344,21847.12,789678322644.9445,0.6304088893110184,0.33891863746340173,-0.2428122816443219,-1.4668789812351333,26.5077290599052,17.0851884863077,8.23303601861448,33.4185126413104,10.3861331833347,15.0787693304864,9.4185808708259,20.9039596570203,39.6434868240773,68.7706920780154,66.0983021241631,68.7648006787058,51.8139313762757,68.5499870054118,232520.100858626,8253812.51835648,198819.550195337,17622476.111179,419921.487848897,362.0,61674115.4593164,25627024.2754019
A1108,76.0,0,1,506.0740740740741,215798.3114601997,398.0,20798.520229064812,231.1052230968854,236948.35785772713,55463.84045584044,58223951117.08364,1.7187019094965934,0.3535668056048104,2.4121309243381006,-1.7891319490801085,49.1428021165616,56.4752542119112,50.5032960800754,45.4330618188646,-4.07270808177046,-10.7128891738877,34.6668136636279,15.1799651184627,58.0399008052265,64.6752887694114,68.0125841411712,82.9402948828063,58.4361743023476,72.0490328188434,615403.998483587,21235852.7539849,245547.312518635,22315027.7292441,797948.414794294,408.0,64444525.2978987,38371415.0309609
A1106,23.0,1,0,445.2,274788.180711116,478.0,433898.9797762891,163.31298609899775,236436.672210667,27455.576470588236,57499508536.513084,0.4611548951368191,-0.08587848483528997,-0.5925700369100753,-1.9611701504344923,109.206804659183,104.701818416263,84.5205460526542,65.1889866355463,-43.4876508147979,-50.5531761855904,53.9537076425407,-16.5486204620925,62.5607172199127,59.2932010129575,67.5381751021737,77.4740576885123,47.3777631828222,58.4985181135739,990384.067191354,27326267.4922302,487795.404254253,42588411.9934601,949179.900001654,304.0,79278740.6050405,44382296.5891189
A1115,26.0,0,0,491.0,577950.9805377445,406.0,651633.1192888934,234.00384612223792,443026.20944545174,57639.78947368421,206085833368.38553,0.88500405917661,0.052316001404200806,-0.4748014452138105,-1.7932467075724037,14.8796347998005,10.7635370438908,-8.55924772338733,-1.30416849982173,8.32452399906409,7.75953626189807,-6.58829425364475,1.31114663180073,61.1528424034269,65.5277342495727,62.1481781045498,72.2001268729496,61.1603350768609,67.3405791781777,762717.242224245,28802382.6307795,100980.692220046,11186389.5555925,860702.492994473,376.0,43604783.9383624,39846765.3495317
A1129,27.0,1,0,387.5263157894737,208319.93119767972,374.0,59202.61510617108,109.07982032537487,168126.97573762957,12219.985775248932,29010539969.909946,0.03997360719728166,0.14081132709437114,-1.940215236214027,-1.8571019946050862,86.2468427063554,61.6595855094358,59.0383354656974,13.4915419375959,-27.8306886928816,-44.781001591588,52.1297737006292,-4.80428825586864,67.13748718248,65.3795092530082,87.7624818186441,90.4601204183856,67.1924263302576,71.0581661389345,637184.204814983,25855733.980374,71775.6035263393,11485316.9725822,645865.936459989,384.0,51632011.7179548,32899422.1592529
A1137,29.0,1,0,400.38461538461536,349838.7966805064,413.0,338277.3692256951,138.3485222525613,313135.71010291186,19905.926153846154,101825279593.25697,1.0512582061373559,0.12682483047083512,0.2648097987723279,-1.7003794096339906,122.114257976972,85.0064425448009,118.164682052908,66.4578786536658,-2.67065063990375,-18.4924804767016,101.175674567773,29.6989310180729,104.178911154262,99.5415504511117,80.1227647059051,90.0838865911652,102.75882090045,97.2184582831383,789343.005671999,17257429.5599311,233767.875756138,13664025.5168341,693917.465827288,332.0,75356834.5947414,22925429.6999672
A1136,88.0,1,1,470.32,885550.690454599,432.0,967255.202548361,124.49922730683913,277819.4086669452,16145.893333333335,80270968785.33315,0.9998358319655793,-2.1206789381585875,0.5612162752668062,4.447988337676826,117.96288972405,109.624391588556,70.2441719208233,42.1778731757177,-48.0437701740047,-66.1842681123978,51.6589177712266,-30.3234772854221,95.3046377343662,97.5157991221276,66.117068402709,74.578810646136,86.7760626711428,78.9239991566654,840104.283306641,25886781.3791455,295804.840098017,43342624.1210057,748482.554691201,412.0,107939495.94214,42368084.8962883
A1141,12.0,1,0,319.2432432432432,322856.9642277227,286.0,290385.1754569247,41.15455733550506,234406.51829006235,1740.7447447447444,56431454082.190125,0.3238428004331638,0.08896680139690026,-1.5465408641131588,-1.860108423996257,90.1627041591348,81.2236290513541,40.2784783650332,14.5658997333468,-53.295323423064,-69.6286105195609,13.7690455989165,-28.6990765078265,77.4815522052109,73.5320540169354,75.0409781686277,78.2765467444696,72.0287080677555,71.3443876408219,543576.138915939,23520085.4584425,266208.510871717,24099197.8024391,604582.623924511,354.0,59445039.7342417,36151529.9964159
A1126,48.0,1,0,510.63157894736844,693997.0809900977,528.0,937854.1260373809,208.13361359480896,567528.3391053223,45726.24561403509,339040437565.9428,0.3942273837967476,-0.2343753765797422,-1.306989809402392,-1.723347787767833,49.4547144584132,27.8579061309283,69.4537251774776,27.6793517468554,7.4447205200468,-4.61768416064817,55.931825960786,15.104582505968,56.6919738253454,50.6726573493173,51.1143794505264,59.746864100114,52.3765537054026,52.9432713230112,667090.321282943,29651703.7842246,223642.359053966,17130719.1976746,830052.123885195,338.0,61502312.4490604,45506707.6699899
A1144,38.0,0,0,410.5365853658537,415147.26615918754,468.0,350504.10879980645,139.86476003817185,394726.2038073911,20051.20487804878,159608990020.29636,0.015427048074705829,0.07720821405802182,-1.9277016447162059,-1.8988153959020877,61.8582514315546,70.4747917562572,37.1780203763309,4.62794638572677,-14.3674323533177,-19.1997324187674,8.630027462034,-11.636567133087,23.9928013166778,26.1478119552474,75.6333601184996,94.3287539250695,38.0587855063045,58.5683321809968,711074.765253391,34889165.8279562,365093.258378217,32810575.7514551,940112.519884616,376.0,94515218.6132035,55308020.0327481
A1154,75.0,0,1,394.08,500845.9986188502,364.0,744000.9980915438,126.66741333113265,431959.13095056155,16713.160000000003,194052238444.02698,1.4062027639280985,-0.19403514906770813,1.8282431846677154,-1.8307987686573008,26.7392072453482,82.2241067362764,-12.3614455944522,39.7822712061013,-15.7323690627549,-50.8540888077242,-12.9928815501311,13.2499413180463,67.4819449506839,78.7103310340632,40.8762436691766,43.1819476004,61.0338105953168,56.7504374714239,609758.064652092,19465158.2517004,198459.281778321,13851253.684945,792044.253431201,402.0,58005863.8140191,25371386.2005392
A1149,73.0,0,1,598.125,1541671.4426214548,583.0,1538103.3190526746,80.30712530653803,197355.39013834228,6879.183333333333,41383471892.698364,1.0408085873775401,0.39787067681746013,0.7382710159841488,-0.6981255981236334,59.3020979538333,80.3259504884411,15.245770885203,12.7442861793477,-48.7202540762465,-68.0370883121418,-0.795145546506371,-23.2432995388098,56.5683362058936,52.5885151188089,73.1156092594353,86.1221942663745,57.4334889131238,59.6168347811012,761862.046715559,37973526.6968589,247353.819652526,25213309.5681622,913251.841477467,316.0,69080723.6849036,48984499.0942885
A1142,82.0,1,1,503.3333333333333,800028.8137837428,458.0,766946.4020670241,154.84644723797257,337210.8891678275,24804.229885057473,117501556565.80206,0.7091148601061288,-0.7978964140033965,-0.21152127736483717,0.564821187091062,100.688605783279,116.46349084642,65.4819338946835,62.1023079831236,152.997013642381,168.310893747858,78.5814266705348,107.068359884638,67.3788880548914,67.7969455746613,124.600180876836,132.384076959215,76.2200762201474,106.64692073484,1247419.5697408,41284768.8954619,329143.137711674,41714841.7901355,1229670.44640916,342.0,100940147.314385,43699564.9130718
A1150,48.0,0,0,487.7543859649123,505794.89508215524,432.0,779567.7121920108,205.77182736444672,468752.17610526364,43098.15288220551,223583490368.3924,0.8349333519131747,-0.0712241375267954,-0.33351742536361373,-1.9098403910196453,55.3979286139442,52.1124700525584,47.087811541439,31.8716811180346,7.97658859946467,-13.3013453781434,39.0295290184211,12.2454001723297,96.6074820243546,84.5238164296106,55.2673104919256,52.3831505485042,86.6041672252716,67.0608096009049,1114498.18812165,42106362.2218075,366091.356631101,41213346.4538912,1356290.20927042,350.0,92777718.906786,74852401.10183
A1151,68.0,1,0,380.56,399556.5768773294,454.0,322516.9732078075,102.4008124967766,396502.71781630703,10922.839999999998,163502981445.14676,-0.05442092289769708,0.2547521637027984,-1.9444240782716335,-1.5742360107280442,106.02700801813,139.825748909082,14.0981679064781,-20.0951512295669,119.164475772612,120.818942236792,45.4880044909207,69.0746458982724,56.2907207102001,62.2068071281216,96.3286517656022,101.189267451707,58.9004938526258,71.0800095979928,534622.860797781,25822210.1765138,242852.883489178,29650804.7585354,522596.292213729,346.0,65267175.9970134,19388473.0220616
A1156,89.0,1,1,355.125,108420.20641160976,346.0,108463.20922072588,46.67959270387864,29519.106727898285,2213.5714285714284,884992937.9820037,1.31763934182118,2.899357425872659,2.137292471626213,16.014335132957896,122.823620367663,125.042477625033,62.8353832858308,61.4697818807992,-61.3821470797586,-69.0453527185811,31.2212179105247,-46.5999460007272,79.8012704723033,55.5686763501985,86.6214960122464,94.0232802336971,75.7072135346607,75.6232323050139,561782.844711172,16071017.5116325,290636.153924769,33087270.284832,472294.425212251,320.0,81242975.5580259,27247115.4993239
A1163,55.0,0,1,366.3333333333333,1566199.0181365956,338.0,1488932.999699924,95.26318320355495,353912.54251425184,9246.301886792451,127573607892.40033,0.9651840381840833,0.11328609042574204,0.05216381162423778,-0.9696928861590108,120.244613511634,53.6957374724193,105.803826391619,27.3324399650842,-20.028285867316,-26.7515670269461,-0.693909063542569,-13.4720248531854,152.997704185431,83.5688312098935,73.8090819432201,75.0512804875245,114.607753590318,76.1040092053276,352302.338146707,19361746.510967,482370.439866525,56652879.3080698,430816.488268075,374.0,105047418.920141,69880715.870884
A1158,79.0,0,1,517.3684210526316,786813.789052189,464.0,804721.9056824717,136.4328292512727,189343.0886677651,19648.023391812865,37737689711.84122,0.24337069290516192,-3.381355053285918,-1.5617741631199844,11.574246293513582,24.6462710207781,70.6338189651702,-5.68891758462157,15.5632904831939,-27.1389513187034,-25.8882206595795,-8.15739958819351,11.9857080954418,84.3096592406754,100.940916438532,71.2580178936509,40.3325405598258,82.6725889789161,93.9046234954473,823730.7212141,20570950.6960744,114614.276572401,3171776.76189337,929133.750527121,270.0,39328418.6717925,21828792.9244045
A1164,63.0,1,1,556.7352941176471,3331237.449814376,566.0,3860184.911831325,109.37302840536397,1308236.046519467,12141.003511852503,1736650399786.6035,-0.41318632818210427,-1.8368634835200517,-0.33724281063636896,1.6098679557308744,29.2354485187517,66.5313818638307,-19.8528221554122,10.7779930097449,-47.5663441130043,-58.8281548527657,-31.5103942590395,-40.2304118834337,59.1541040778296,52.9258770675337,73.862860712366,77.8972573577459,64.3177114230955,66.4959521967331,775894.549413452,31513934.6329044,506636.367010179,62669885.413252,1242875.84759339,398.0,120980414.487218,80583478.3563388
A1159,61.0,0,1,278.57142857142856,462521.49408534,276.0,455476.7332151882,26.741391901251635,41391.70438782637,736.1344537815125,1762223854.7614675,0.17740258957834415,0.6557925536573578,-0.7983727716269469,0.2909404179760431,151.548993210524,168.046180477172,-31.9328120624919,-68.095903654174,123.851972173585,114.014470908408,-18.3357797130813,-72.4398623525195,99.5965808146168,96.1609319076789,95.4784706492663,95.6057961958167,107.102642353797,117.986271471364,722370.772498102,53677322.3861113,274379.210911041,36132191.8057786,498570.533509022,444.0,142649420.80558,19797660.6528179
A1155,64.0,0,1,378.5769230769231,275543.39832958457,374.0,271268.176480201,67.71471438600844,85157.27184472363,4675.190045248868,7391217889.344545,1.0628707172050889,1.3523441463335952,3.1806428385442835,3.6466446256437433,110.046117180569,142.93791664012,97.4072063151145,105.094846300641,-60.9820143767224,-69.3807982812121,90.846131114757,98.0610293771098,62.2724525272273,83.1914993061618,50.7414225505521,60.1282984733876,47.1587653283205,44.99248205451,995737.639585651,40598753.5805023,275496.436832562,26182108.2177925,937725.656741215,366.0,95998515.0740441,25245042.3078628
A1168,47.0,1,0,405.72222222222223,166547.06103557238,383.0,259865.0109580691,131.16330175927664,142227.885658254,17695.3492063492,20790681777.11785,0.604479857337924,0.007553588179580108,-0.15849954463330818,-1.9204063733996635,109.023903452432,128.769693885697,64.0772952429513,49.010140412175,164.478573141171,176.181249831581,67.7859846043194,62.3127340760567,73.372400674114,73.9380567695813,135.964119986297,128.670840356174,76.854626787611,84.3277816664149,782342.498959174,37226931.9938972,70235.6389838597,11528828.6914057,762345.48185569,336.0,65904860.0186045,31325021.3419694
A1175,43.0,0,0,493.82608695652175,394134.72402226995,326.0,20258.053583666246,197.52064331826688,406866.48988762335,39881.391304347824,169139043649.8554,0.23231488720249047,0.14391032536687506,-1.8650408685921842,-1.9559795847936954,61.5744658220638,58.1578051768488,-0.625383904870082,-11.0155323060772,6.30300124798155,3.29708540508131,4.84188940314575,1.2619316288238,12.7484134050485,22.0258376962711,74.2218028623738,79.4086483584016,40.825695576454,62.7092407815292,339695.853778612,14505212.6806206,291064.543383209,33137581.8741262,542441.274160067,420.0,52358012.7719757,42610835.6588634
A1176,70.0,0,0,393.5833333333333,125540.33467277724,371.0,192922.20792202104,120.89248552145644,107729.57958945695,15250.427536231882,12089231581.792852,1.1931514810496235,-0.02904535351717972,1.746383518465322,-1.9318075631348248,81.0814733888925,124.758002726346,-113.063488365548,-118.941613085669,-29.5527406260874,53.4230610589159,-106.650153639087,-114.240602360572,77.2117331788473,41.4764525226459,77.6428317523438,83.6896046381153,76.1092351359213,27.9181873562854,760190.582552594,26955330.3109501,86966.8956989995,6890094.21529777,778428.831911323,358.0,78902033.0163667,23712772.3795193
A1165,75.0,1,1,402.0,381891.4408783076,410.0,478742.37014951126,129.74087887853202,263330.21269454045,17597.81818181818,72357705305.48026,0.557548712222301,-0.42989875778614817,-0.7932066234595765,-1.508223413169769,76.5242206155951,69.4543710638803,62.2521942712811,36.2394692947777,-30.032807664669,-36.3654577014045,25.0084158735933,-14.8396595231998,53.8560403646758,59.5093233276253,63.6400889641661,78.8397811722358,48.0376323452854,68.8309888638679,576063.987625729,19250708.0382047,383385.496651297,35852219.0879312,762736.87337982,368.0,95943212.7349781,46264603.8859467
A1166,75.0,0,0,510.2105263157895,123415.58242106464,450.0,121899.43731348302,231.77202477465664,116316.73611869013,56702.61988304095,14241666422.426306,0.7554563605801842,0.007773368953253403,-0.5155505333071337,-1.9839072225289,112.077232076686,117.196125020323,-122.598898253762,-155.330365379007,26.9593790274249,49.775159415455,-79.4773737125025,59.6045885971707,5.60522282721076,7.7590793609452,107.269273114348,110.210774848337,3.03362734099691,22.1536150788635,869855.577535862,22533484.0474414,63408.5372475014,10874260.8547775,848061.160850428,314.0,49477170.3235344,20050610.1092174
A1180,72.0,1,1,682.7272727272727,3398855.161246731,674.0,3576195.7055245736,228.57016331802504,1228114.5969388958,53876.95454545454,1553970477251.1858,0.755668864205328,-1.5678303721409155,1.5134177746028863,2.5233069345168255,170.63425154435,111.664705091978,52.7288407135102,10.1994836106434,-117.575887969897,-100.574913041003,48.2015394165487,-14.0164283956353,73.5078750772317,83.6118732514805,105.54587970368,104.672481742881,73.2199813081257,89.7328812023361,262242.606334413,16324226.1276622,83853.7485055364,6890976.89733805,180024.596391692,318.0,44133017.1831878,15195696.1042998
A1181,48.0,1,1,487.28,503542.0430861638,376.0,794151.2906600286,264.8204705078518,427058.75772930915,73051.96,189674349855.43283,1.2290521223924689,-0.27089871633272244,0.6352228722283506,-1.8703581775091687,84.9519748722859,106.55858158347,61.620572742374,38.7436918619503,-28.2883487113036,-60.7282463204209,44.2801453659015,-18.7405216163036,53.4441921073638,55.2368082121117,81.6272682398608,105.762020915487,53.0829721026418,77.0783734990048,988052.593445543,27124467.486258,250612.747300088,29185534.2263236,1040495.53071397,390.0,93206665.8116003,33709097.2060224
A1184,74.0,1,1,465.51724137931035,900781.581054035,422.0,1148958.6220449111,160.83030695042933,547884.225358648,26790.187192118225,310528059720.875,0.6015767848159688,-0.9426277719206363,-0.7824682132683334,-0.9543551633888692,16.8554294180546,7.76389787357236,0.195395071820224,-9.43026301194139,-16.8629893687495,-17.297851781874,-6.17548728748277,-14.3490875581795,79.318644416197,78.4435624353891,76.9658779694745,79.2768506049951,78.3154186172516,78.9399972136071,710466.470218221,26286553.63038,428783.473179289,43688717.6674874,1127703.74597771,334.0,79588605.6119721,69824664.1082137
A1183,84.0,0,1,338.92857142857144,758678.738748386,306.0,43160.70636391078,61.740197933083486,758076.2862147391,3953.031746031746,595203929139.7428,1.5679976048437947,0.09811564430353413,1.9824573452161696,-1.9574117605311758,85.3171418587849,142.257424086283,73.2818825692094,48.9090439180125,-16.9132265436573,-90.4126649167075,63.1365128134772,40.2128237697876,54.1832668987869,54.9879950229067,81.7102559857315,153.471051154588,53.6290743841084,70.656743501778,1280498.85002159,43043812.1821795,187654.89716322,15723604.370593,1309246.60842687,322.0,95908420.7711796,32087545.8619039
A1182,63.0,0,1,436.7096774193548,148740.12230465663,362.0,18110.689971982458,163.14295997749497,148699.4342402943,27502.812903225815,22824796638.331463,1.5724408908960337,0.19363960544056083,1.6880282458611333,-1.8685132453944364,135.293112870524,142.777595292495,36.266573132168,48.5635025813664,172.054460458866,-166.141906404712,48.3281223509436,87.7110260326691,74.82873483451,72.6136053662751,94.6481316322643,92.3867418904078,73.3508692217941,64.263968955197,902040.38998395,19856294.9747357,219458.475724578,12465043.9920283,761874.041940699,424.0,72337244.8780419,12468730.7669689
A1189,48.0,1,0,393.76,366540.65512471745,336.0,27858.154885570435,97.29841930884592,374265.8209707333,9861.440000000002,145677900936.77286,0.1587106311590033,0.16717820383446247,-1.889690544142955,-1.9537124629501397,132.112601756205,143.262145214693,41.2606523124568,34.1828384155753,-77.1083744701555,-96.9788951560743,38.2452797806425,26.2870412909067,53.5177146642847,51.3929846733509,128.874313062417,132.822362187986,54.5769119927917,54.3323357113411,919253.685714218,25229769.8094086,55264.1279644348,4416255.58344041,883146.187164095,276.0,58397705.4386826,21850930.365595
A1215,85.0,1,1,430.29333333333335,357366.0085502684,376.0,523671.1399398482,163.65416978766197,258716.9260106719,27144.615495495498,67826907108.4703,0.7296276498489688,-0.5063616327173671,-0.7605919728700434,-1.689793819507898,38.9644068987919,55.1242987613317,-12.3964045385381,-3.51659627695433,-52.9858088753371,-58.158646583307,-33.1742938949973,-43.3135845094357,74.1193887146204,85.8536560722651,64.9242340041459,72.2834933725073,68.0347477005754,74.7040010326195,283125.62503899,13992874.094381,314690.32550448,36602240.0670315,563686.386276584,340.0,77766490.1122089,46056928.703756
A1208,43.0,0,0,369.77777777777777,549495.3323189266,303.0,19145.02505949965,87.4667908761539,554036.0091153089,7736.399500624219,310366520500.82324,0.11071514888319264,0.16089231495980702,-1.8779452090061295,-1.8150166866323494,74.6279879036885,70.1991404053109,48.3891269710142,28.5342491881455,-29.4463653665965,-29.3024579999536,42.4062022988762,23.3992337212119,76.4299040890509,69.2762884400495,72.791024612198,110.916207094986,75.0154763373687,72.5092800160199,1014574.79904125,30257690.1468272,113250.086540569,3408730.83222243,1050287.83361843,284.0,50567234.7348836,31575706.5889141
A1216,37.0,0,1,479.2631578947368,63160.38719768244,456.0,7532.592227654846,117.14356558705542,88419.8456504127,14484.982456140353,8229546426.150322,-0.10693826533968212,1.0714580694830005,-0.3457532747899057,-0.5468860153280777,144.983685450478,165.253149908439,58.4063411483589,46.6413433104029,-155.634594059913,-146.94089294383,62.0424881135885,51.6781586553218,82.0574599116792,70.0566096295237,109.79552220301,117.936217928149,83.6345681635744,73.5606464763427,725743.488947002,23856294.0169513,79265.9236342249,6980118.96390286,662389.024138047,246.0,35278901.838718,17198128.6393241
A1199,69.0,0,1,422.8235294117647,1127892.1060204583,344.0,52898.059160441175,178.44169761119954,1134061.1772579001,32806.33155080214,1323921070050.738,1.6271923093159562,0.09081501259777722,2.1085347179252443,-1.9465998222572578,22.8049185558132,40.8948144507803,-17.8296581027478,3.90947436498185,-39.1861252757249,-41.5458150206441,-26.4807115421642,-27.8138136582614,51.7151926399436,51.0890531930619,65.5704097807961,65.7053486399568,56.4028093742192,58.9564133290188,1751911.8566996,77121647.4241549,1032945.21124215,145842878.694809,2733589.41127589,370.0,240473928.52165,210291147.639615
A1201,79.0,0,1,360.26666666666665,314989.69640549226,330.0,451469.88196070463,99.78741848995237,269211.1120860982,10300.89195402299,74890443632.98817,0.7066891218262452,0.02577583536860821,-0.5883467543318917,-1.8886858537201674,61.0652237223289,62.8233090352742,43.5367151339251,33.0864890867201,-24.535733926759,-31.3784382997484,20.5193512692152,-1.39744843495484,55.6915881629506,54.6290830610221,69.8409905900223,78.8577989874524,55.9658362142534,62.673178713915,733931.693416379,32021217.0348133,356766.803114507,30151917.5899175,958803.529168339,346.0,70271983.3253938,53070281.7384946
A1193,88.0,0,1,420.6,147367.0320616862,381.0,78667.81895221602,171.58100127927915,122250.08224509342,30455.21379310345,15443252029.229843,1.7016747384136799,0.8956275292240398,3.2887891802653835,-0.6561857366850758,101.767203280571,116.124338687914,80.9285214242131,81.1617974963712,-17.6073165702253,-33.7660065632718,62.457511921308,38.9989007388967,103.342871195276,98.0871107085021,73.5263245770077,70.604719387428,98.0539546365331,83.6693051453832,935137.810011122,30618386.7538284,305194.46466201,22586333.436344,922616.030914269,294.0,72659372.4546915,28958839.6323239
A1219,74.0,0,1,462.6666666666667,119587.62734303149,416.0,67700.86496604675,182.02494160163704,95301.60928129604,34789.733333333344,9514891814.062185,1.289016341054206,1.1222272547198298,0.7690734747421062,-0.1840750536790674,,,,,,,,,,,,,,,,,,,,,,
A1229,64.0,0,0,445.23809523809524,968562.1722993299,422.0,1258055.5819674742,169.8340660095149,615444.0539095824,30285.790476190483,396808116039.9306,0.2253806638786703,-0.6673509808207709,-1.4975869914574222,-1.4048147459659002,113.118868169055,123.897968831454,71.2661807133659,46.1662260913046,-45.736812169581,-86.6130776030086,64.7249359053443,23.9262330381637,92.0013356323948,78.6172995111821,55.2259736936571,69.9381385099085,87.0214821891481,66.0027588961046,858126.703629857,26141495.2079703,126947.919418272,11027143.6761326,816670.589550257,386.0,74292646.5072182,21987148.6151323
A1228,77.0,1,1,586.0,808596.2243079302,561.0,807726.9965060512,74.70274426016758,58161.25515641906,5952.533333333333,3594152326.4557123,0.6748510395531834,-1.202850170740645,0.26820186715647276,1.3488224312130406,87.1239388809492,72.7327551529793,3.66305939855999,114.045899022291,88.38506396146,46.7276572713511,37.904787013498,91.5374953932051,73.2640628174897,73.7107326190628,97.4181860049397,103.115870150511,80.9446832198665,82.7886270146267,81529.2831740598,11760229.4199473,57431.490796635,6295889.39048417,102055.278970284,404.0,45499426.2455048,14896184.516438
A1220,68.0,1,0,396.1923076923077,717569.0634872895,386.0,1148961.2688243524,113.75700121506274,659495.8064927626,13194.393665158368,443298847988.8767,0.015702581065748806,0.009030301980638278,-1.9773176094666203,-1.9425918968193794,31.377113931292,27.191397825127,8.88541639641085,-3.28480719515071,-25.629241936201,-30.8194969977697,-6.1740369353762,-19.6334228348637,48.0197903887203,57.8160245439149,62.2047644929384,69.5002736773829,52.3812276407837,63.814251025448,856304.930188592,35514369.2080196,561331.806075869,46560557.8744597,1367152.54823893,352.0,130067377.441559,79817324.573027
A1224,77.0,0,1,486.0,471718.26935144624,375.0,726459.9877336544,243.3970692784392,373698.93718731555,61284.965517241384,144305925510.09357,1.0120048566151745,-0.4360269155085378,0.19734446316680376,-1.7730199195121772,56.7474159395694,13.9851837827487,62.3718878390022,19.8124019377643,7.69705971221123,5.59402838980574,48.6556085403153,16.5643783322341,85.883086558211,70.0911614575705,63.5497171776084,65.3159609961535,78.5571398135159,68.8622821829859,571576.40791365,22045170.3129707,230329.546056898,6791857.38697784,723966.748408258,318.0,57390189.9854496,28682708.8698535
A1238,77.0,0,1,465.7037037037037,212836.23915810295,414.0,281947.94210713427,178.64320219360792,133451.46036832765,33140.831908831904,18468895692.01115,0.4585024718168806,-0.8518010435090895,-1.170854471038482,-1.133130467104179,83.4320041576125,127.22547956249,5.93385631308256,32.1176646571463,-116.965945239394,-148.346549437132,-10.3708495877664,-148.735258618333,34.0936761213842,20.2102640514235,62.3645039165419,107.01599568852,28.2471120865099,30.2850930110531,795095.647372738,30930804.9873059,147376.827173078,24519418.2649089,825047.477364157,562.0,106666111.394323,25304485.3134773
A1246,24.0,1,0,362.0,2140519.586788135,284.0,1947843.3315587346,87.2815792368245,2021827.784318201,7911.076923076924,4239187129790.7144,0.1008352276609855,0.018828629802948783,-1.9515028549319082,-1.9752397157103567,101.927060192267,164.894466296595,-70.8431702748543,-118.274182566155,22.3065640103178,56.179984856836,-48.00017839798,-115.517718869116,63.4804282984362,57.6823814581462,111.108400738224,136.816039949537,72.2322920181219,67.4621752069612,480504.237525281,51670420.7272647,190027.966313378,21251145.0808334,478804.618903867,372.0,121559665.057035,31641958.491245
A1232,79.0,0,1,411.9130434782609,430359.9460602181,406.0,457050.9925084607,79.36153544462546,104676.4690292462,6584.537549407114,11433561567.05816,1.5734544446285617,-2.649778193985081,3.8429961206914083,8.471135878701254,128.064932374802,122.451655145173,44.0787789462814,33.7601674905826,-77.3586306721234,-84.9385454198358,34.9622893872192,3.59952348447096,55.8113167170294,55.2927972619354,112.976319917797,106.022831422518,56.6634882864352,58.0000091508332,768578.338796475,19231644.7008565,118273.611845095,8267004.81756517,701860.843677731,264.0,47991706.1699054,16357792.730613
A1234,50.0,1,0,473.60869565217394,2066560.1301446047,504.0,47516.97566791548,140.7196531901314,2082163.5915248522,20242.065700483094,4429653161477.578,0.49377847384086737,0.06615430861688516,-0.374035926771211,-1.9655293081476237,,,,,,,,,,,,,,,,,,,,,,
A1233,66.0,0,1,498.0,2807313.5087175686,504.0,3857049.54137409,175.8552035953982,1848589.5599729696,32643.11111111111,3597140380253.7446,0.14719050275392934,-0.8075963849460421,-1.3234401392163047,-1.2559040007817792,171.756366397291,172.403979873353,78.3596270894492,78.028490471584,-108.43854264958,-108.880765080343,82.8432656698133,87.35778590677,76.5652848504396,74.0418612779686,98.5911269921181,102.374600155446,73.5631123450451,69.7428245598278,990566.278025849,72692621.7427836,389361.173581242,41480335.0649661,607797.627711099,278.0,122280458.329203,32048826.2864057
A1241,37.0,1,0,479.77777777777777,370855.4545001359,526.0,476631.29357718833,156.68636597978337,333663.5929000201,25494.871794871793,115454778161.28185,-0.04029633337802736,-0.01778209256670565,-1.8283121014968864,-1.8944241847048298,61.3530228060465,75.9295866336815,59.6830107833445,45.6466172298003,-18.4801389467796,-40.2511446359355,34.1718072008859,-17.5474707694271,49.1183715386333,63.2771062287142,57.8716328903371,65.725201938568,45.5942486872106,59.1049220194304,836898.332171801,24317786.399264,404794.213347866,55099945.5890991,1090449.09038017,382.0,108163050.747612,65412997.7885311
A1249,67.0,1,1,506.94736842105266,1344863.9595529716,546.0,1388901.7016338594,130.07425963422043,596853.0119845282,17859.27485380117,374982650436.8456,-0.5272156650038072,-1.0665624348936484,-1.061024906964582,0.3282101860996489,63.3604202388038,76.5766298307344,98.419588371974,87.1062722143418,26.159052135891,18.2385332457735,58.6946311627194,26.8129211381285,18.1454176764395,15.1021368770133,67.7000891699309,81.7105031101046,26.5858045925059,53.945835825443,528439.750822923,13812238.554086,211371.488993425,21186011.6289202,651222.864455533,358.0,58342716.5881325,27847589.9736139
A1255,51.0,0,1,511.45,900991.2392161601,501.0,920382.0496499407,132.18622280706867,224379.7136562446,17921.228205128205,51604912297.969765,0.5806391587059723,-1.3478694289315543,-0.06773459949834804,3.9875358495770987,65.9821224313007,87.8462925462167,55.1242070449108,51.7908384280439,-23.6172319412258,-45.7466269337645,29.9118823363668,-17.8737416808833,62.0570610418821,71.0484986081405,55.605724554376,62.8871483948419,53.7864919731905,57.1288101253501,514250.427685973,15966626.7395989,291633.197484797,34027132.361409,686722.313764679,434.0,73457812.8636271,38126286.1492616
A1252,81.0,0,1,461.7142857142857,224683.1511531017,452.0,214500.28789864574,83.11216910333422,65022.09329873298,7163.4708994709,4378868067.554463,0.3559372923070947,-0.7065287006680729,-0.2887394473800695,2.8776086616926477,25.1491341693471,27.9269250688379,-3.69973746975494,-3.76994325270834,-23.9241277220743,-28.8428960976781,-14.653594956149,-21.2188011840005,36.2174811930797,42.5699458704548,56.8739364255547,62.5031127519387,45.1440372205362,54.6586476276278,769308.44480853,37036501.9202086,640206.249435057,63837685.3918612,1375992.45927386,382.0,113682766.115993,98106726.8275169
A1257,46.0,1,0,465.7,364104.4103408795,532.0,530648.0465768705,187.84224764413358,339454.6442521521,36189.446153846155,118110191891.96404,0.4474545725694979,-0.017903451631889843,-0.8189932563164528,-1.8294171862313817,40.3647680286649,28.6561948838644,0.73852181629652,-13.3715919993383,-40.2160246294339,-42.3397426490219,-18.1049517315757,-31.5865542174187,78.7321113938786,77.2399998203104,69.3083586734067,70.1018749654258,73.272930848941,72.2112234390454,759767.383107276,43921207.6899869,683460.23744773,76322280.3964566,1354868.01115581,344.0,131140867.044853,116778864.230737
A1260,91.0,0,1,457.7142857142857,291102.8634801956,476.0,302162.92576419376,108.12917445050128,64098.81872554189,12276.514285714286,4304308969.724636,0.003693663342044236,-1.3315562572684891,-1.2830348171193875,1.8525346932805578,159.092935398672,152.272254051042,-1.71176531711571,39.3030173243356,-159.98736029672,-161.00436006172,-6.93194870282608,96.04619411041,71.5081460985449,83.140808683972,113.730387550825,116.762426801553,73.2292307397186,131.261728603153,883091.57653736,30981879.8818598,183691.624270876,29559918.9124965,714507.389225508,382.0,74450504.0897068,14572320.2556299
A1251,37.0,1,0,395.8333333333333,92038.20754981283,387.0,97830.84090741005,95.7443064741827,73727.27122107825,9565.536231884056,5662198460.1108675,0.030544912947947332,0.19052018014604646,-1.953304163061766,-1.7382121253388754,34.6240668596026,54.0244887920013,97.5482521274366,145.171390119511,98.6032219561647,106.290192616865,97.6564965528642,137.498384352046,45.1003710310813,56.7232821474793,79.7125229059788,96.2282555088548,47.6073221231214,62.5917296804545,667537.564699639,22543224.5321251,54948.9752158557,4885377.76547763,713438.436208122,302.0,65508402.2440187,25718783.8190656
A1291,82.0,0,1,481.1764705882353,361811.27248047094,438.0,246797.5284723272,168.21469776570058,373684.07179429295,28862.108235294116,142377820522.8164,1.0618233730286004,3.3898603694087477,0.4918697667765586,13.729649402771855,78.6087849902961,159.204827363543,122.292632446938,131.748017980252,-9.81965266060275,-11.9111751529873,120.125582542174,115.408515969573,29.975801732293,35.4743440650296,56.576372877131,155.532352716688,28.7149848916188,49.9719755722277,967105.19793972,39748669.7305915,28554.6906815212,19702302.8315561,973147.625908295,462.0,84989675.3617892,22447522.1773983
A1297,72.0,1,1,421.2173913043478,896163.5926929977,432.0,1180421.3043462904,112.14546319371925,585592.0077671498,13148.26877470356,357827477802.53394,1.1528175845550177,-0.7552971312535735,2.3211917993344864,-1.1931382515608746,118.030956454958,122.471604723366,35.3454299941799,21.4305654198423,-81.0523724143864,-99.1339096749121,26.5666540860124,5.03739515977146,78.8520520692927,76.6624613044868,103.944461724115,104.552116194989,80.4982319497961,79.692044104169,1008663.81485238,52976059.860123,163283.167923925,15501943.0041748,943008.52598838,306.0,82219326.1301638,46529180.7578564
A1272,64.0,0,0,467.14285714285717,299276.7313310887,312.0,311842.2937555039,199.65548558747406,285035.4720100099,41855.42857142857,85114040318.4439,0.7390135453867828,0.004142684822103631,-0.5186986147496913,-1.974001351653943,73.2090385176465,65.9148364870418,29.7607241045026,10.8461761406897,-54.2817574787505,-59.1430351683808,16.6094217076497,-25.4368968041671,53.5038040691501,50.5090837870996,69.2353992399189,76.2063991226146,51.7045709768117,57.3277560126779,1010232.60418605,30716119.6442092,209136.435528825,26028768.9684419,1089208.59793954,346.0,76229127.1625358,47681458.7883728
A1287,63.0,1,1,438.4166666666667,531954.2200888573,434.0,769485.6413282511,130.38657799874272,448537.94867493794,17739.818840579712,209569053543.2513,0.2831861358845785,-0.12022499322580747,-0.8171100393935795,-1.822201510627863,32.7600847566565,31.4026682209836,26.2013949830223,20.7891670622426,-3.53598480357898,-12.8304251576701,11.4024627678706,-3.03971243545124,39.6165882374039,61.2970591500489,63.276012566186,69.1465460106824,48.4239544788808,65.9570583677621,388966.206534218,14543971.8584357,275149.342716861,32432356.7785716,637968.543302078,386.0,70901698.7895721,45481795.976028
A1292,93.0,0,1,660.0952380952381,140342.21149193932,684.0,158398.01106054365,165.97587454116703,52155.02370155368,28925.39047619048,2849677282.8957987,-0.8866652798354089,-2.0307273448661602,0.2131619490654062,2.400368492556799,,,,,,,,,,,,,,,,,,,,,,
A1317,80.0,0,1,439.45454545454544,1178811.5141646399,420.0,1228049.3512292153,86.025750517308,166450.19797460712,7752.831168831171,28965016969.685257,0.5575267363922751,-0.48827721956979003,-0.4861287974114825,-0.39034985500550157,160.771196495657,167.301187918064,37.2368041867654,30.4110530844015,-131.419672400456,-136.379580423029,32.8540529663422,22.673386342229,68.6755246870557,70.9811363574003,95.5465421210942,107.111484919042,63.4252156219507,70.3083330617221,933190.828050868,48287604.8855232,246247.818111742,17988877.7513832,705358.727632629,290.0,84808985.8681265,30992068.1204432
A1301,30.0,1,0,398.0,395458.8543483743,358.0,685388.9991470607,133.41539141593321,368586.37737218477,18573.565217391304,141516580817.03186,1.1306464135243126,-0.06062805004022348,1.2624065482602322,-1.9705794488156378,49.5702756799531,43.3084650371544,18.4641886508225,7.74243369641923,-32.3850153226973,-34.1048420516053,10.8316197762131,-7.86465908815266,61.7843794404801,57.3477907020731,76.9867598866272,77.7099221124987,62.8260245752832,62.8632749104319,845132.192711309,28138867.3957845,148255.610460643,14754613.672939,948019.124105322,274.0,54537405.5601673,40171146.2111557
A1315,84.0,0,1,458.22222222222223,194551.98809544518,399.0,216772.60966989922,157.7666662754028,127841.58389694545,25359.949685534586,16646127435.747889,0.2695969915948395,-0.47317330056615037,-1.5262731618060996,-1.0433192867510908,120.087599551034,173.059317372435,-113.783848973956,-160.142285200673,5.36897914448848,11.2442462637798,-51.4535087325038,9.0333610366669,103.107054910589,128.017173769781,46.8824029220042,50.161340567346,54.0046868644971,49.8088145548381,252006.070510151,6275770.50110906,355790.762920492,31345654.0552169,316536.512759783,322.0,66605047.4552133,25127320.6958416
A1323,80.0,1,1,416.7826086956522,195532.2045390065,418.0,195064.6975807185,43.3739618562537,31109.314608077715,1966.8142292490124,1009867257.792373,-0.22629799170249362,0.07787887584124419,0.017246656783074243,-0.6548914122765273,112.183231544243,72.4294615585139,64.3335985110756,30.9499831033606,-38.5670255100997,-45.7015330613648,13.7952694214893,-28.5802808261247,119.681693261621,74.7376261910111,66.1586879885072,69.1356228512514,96.4483596305193,67.208135638893,597966.71493715,23216774.3528053,553744.797954037,70175931.4536662,643548.712393994,358.0,120037941.226394,80295456.4308264
A1299,85.0,1,1,497.0,1662137.9275934205,464.0,1923700.2623799741,134.88927921469084,708646.3907270122,18746.484848484848,516949698475.43353,0.1888467432125236,-1.6721040559911917,-0.7318543605359396,1.3462458431985116,52.1465435043295,56.4138611721547,11.8391237553859,-0.85845377778801,-45.4527920588905,-57.9850511262079,-1.48974847115198,-24.8086781159701,61.2187351429993,72.691069411339,69.2135648329559,82.3522559346995,60.8731799628495,75.0000824821481,903217.563644913,40535405.0687256,281204.550633711,28966282.9302832,1098451.40072727,348.0,101139425.932297,61491721.6843956
A1306,61.0,1,1,443.0,651550.1982124451,422.0,10134.473260799437,134.20845387273147,737676.9611329256,18869.61904761905,568902176212.9581,0.31562730664355726,0.2731569644269792,-1.1726741404456007,-1.911613406137078,61.1827680562159,41.6228135768921,61.6014189242659,35.421903347036,5.22480609067807,-6.37845583733839,53.2720956120534,19.6799481585025,92.1319811976227,78.2924925482657,64.2039055498908,65.0954421449407,87.0897870441123,71.9671222413738,1025215.11309913,28461360.6063442,221648.104544434,18976797.1178758,1148589.65028254,340.0,74681352.0159235,44470910.9801871
A1344,76.0,0,1,456.1904761904762,104983.14102554624,488.0,102426.03627647436,144.84790678423087,44664.001911677864,22029.9619047619,2089867022.3266673,-0.02550269924393705,0.002240616147021176,-1.4500932646759677,-0.886533829105725,132.956660062386,156.16842193918,12.1310546049712,39.5446811333611,-113.926922599296,-120.96983437721,-0.418572830663486,30.1148506627694,38.2135883721667,40.7465336370581,117.034103585733,120.506255559313,37.4920685119403,35.6722360212076,1707857.2927713,81018701.0667405,281040.265843182,20798085.4791669,1530230.3127277,266.0,115706801.360901,62560884.1704366
A1327,27.0,1,0,400.0,562245.5791917834,376.0,155692.3629193232,114.22654552994109,447861.82241429365,13293.886792452831,204294660346.18292,0.11537350930017662,0.12306249620665122,-1.8237175899468243,-1.867106753203051,23.2693491601538,70.0145060222401,25.5232348404076,21.6915591621471,2.06462064604292,-28.139927341152,20.3955325246371,10.8985614434088,52.7911803640937,53.5217418394125,64.7746160332362,105.430720122599,54.7918684883326,61.5521024008807,737288.791730041,28302794.1364595,184462.12634966,7019242.61093011,909669.933502584,312.0,65027312.5631592,31402510.918047
A1324,70.0,0,1,509.8095238095238,832136.0331929665,470.0,862189.5336679998,118.24897826906584,205661.73613399375,14681.961904761905,44310880648.203156,0.4798036679026688,-2.555413384743944,-0.8321383871140249,7.936352279064007,121.582248389111,119.614111087323,62.9208939716507,71.4908452937676,-65.9869537881656,-68.1917021071991,37.9698088732077,2.21426987485865,126.216272367874,130.356650232576,88.3303293137687,97.2903519381122,131.908518843366,144.888006563537,501119.90362826,24854031.1380134,175814.429164615,18956160.4354024,435600.448751941,418.0,73695280.094032,22614785.7481132
A1329,66.0,1,1,405.8333333333333,728939.599855873,353.0,1275621.8957594014,140.96207133678038,697337.8800873909,20734.231884057972,506541790629.97546,1.5870527949778643,-0.06977838275185304,1.629153574885236,-1.9820408772223728,99.2961792250137,84.5332370016699,47.2020371840973,3.04202543660231,-71.4891371379963,-84.6962188231569,30.0669450712728,-27.2443858762846,48.7608976395717,56.4909398374678,73.7043103863991,83.4917811477311,42.8697822415446,58.3613333902234,1238236.68013186,45592105.6627198,291724.760043642,22891320.9749338,1225410.34002049,278.0,94543311.7754404,52929281.1138146
A1337,84.0,0,0,391.04,297826.02960860677,382.0,460460.0325922596,120.95502635277295,260481.96221814887,15239.706666666667,70564886746.65782,1.7583126215313947,-0.11227589984674467,2.8929562842700003,-1.935992613505131,25.7778604683641,49.6260050319953,-1.81053210448022,-4.46791991585832,-26.5769260932304,-53.7585935932359,-7.44390633952729,-23.6742096265735,56.4782956866031,58.3796461657437,69.9426229341514,78.641291496921,58.8748364669729,63.6953579728337,809220.922042863,30891425.3833811,215092.043605323,17608196.9829846,1007261.21003672,382.0,62637955.5744504,44373779.8198078
A1339,28.0,1,0,450.38461538461536,157018.52713715358,313.0,44486.84360230841,164.91491440765094,134754.03733588304,28284.80615384615,18857060215.94828,0.32514912589475964,0.3435755277994022,-1.8035045939878387,-1.6119783567176353,42.1770167904453,34.707569704722,44.1444686093733,20.3525228917118,-11.001794098354,-23.9157857139231,29.9426076344506,-5.88477605882649,53.4933773111922,51.1702284186839,47.2808598922279,53.267903962066,49.070517008392,50.3225045347099,710628.567691023,22267714.0536781,291065.013377773,30913912.3459799,946719.58669242,374.0,69339560.9419255,50826332.6450154
A1366,70.0,1,1,675.8,4492089.7928098785,682.0,4900230.186468017,133.63218175274994,1289624.9487969037,18797.431578947366,1746289133987.3877,-0.7356364960040979,-2.7738662618149497,0.3173687843253141,6.093009945997853,79.3735048022713,76.4994248923967,86.9280884659962,74.546245935674,3.83043241225194,-7.95926246949236,71.7589748725666,32.1998565785364,80.0762690967272,74.1527766639809,62.6015387838034,63.706404044966,73.3041965319947,62.5103806228963,667117.472677838,18642865.5513612,208993.186861547,20894183.9524009,734945.382780413,318.0,57251236.8686988,31080503.9054587
A1372,68.0,1,1,425.7802197802198,35407190.147561744,380.0,923848.4130136459,145.62316279633828,131612916.03086573,21441.72893772894,1.7512310871270216e+16,0.6554419278083093,3.5218027036470154,-0.8750317881302134,10.403478586276046,157.357526138174,166.259429040601,68.1355172053117,51.1687099315815,-135.239975068143,-133.450825273516,71.8141126870527,53.4008502224382,58.8875016037339,58.6267357280211,112.218747405491,108.283065998707,57.9606063072036,53.3712204945107,1009674.46358512,43360169.5838016,131720.001999138,12728906.5381762,889553.309027896,282.0,63793443.2809075,31142660.6871583
A1371,70.0,1,1,485.609756097561,118177.57007515342,484.0,144812.16623996713,143.29244836514272,65978.43348420596,21046.04390243902,4459328165.152469,0.34879068656323464,-0.5014474171428436,-0.17959607499948227,-0.6709168365446603,51.5083615046728,50.5620653496968,17.768844393388,1.46342332098024,-27.961057353518,-37.1102276920544,2.27297109298134,-17.7319770799332,55.8709107365055,55.4072987238673,85.2384824857949,90.8356538037453,63.0829396125597,70.2360904348463,1174473.0977294,55799938.0545388,517624.762957949,45522821.4121381,1550510.28438761,300.0,114971194.022551,91723532.5519554
A1349,26.0,0,0,372.4375,304207.70004929905,424.0,474920.35526862997,123.85347630870116,272775.6568642184,15834.512096774193,76731763945.75916,0.9275781607593555,-0.012857394390831129,0.6374590339159343,-1.9380644554960638,37.6859198540285,14.5396656992023,40.6206260178284,10.3580108155746,9.92946105811381,4.87756553678648,29.354069038245,7.04161959594198,83.2575795732644,74.9034229199318,58.8146078533544,61.2750246109844,72.8437233348308,66.3168186450666,754847.431818603,30440821.5098173,514772.205842802,51344443.1116091,1204076.56826286,342.0,99404962.8275308,81170921.9314124
A1353,46.0,0,0,425.6521739130435,780728.2173960535,504.0,705452.6356386641,130.66073183286625,673329.4505729337,17848.237154150196,473084398965.75507,-0.022745238158229375,0.03155368366710709,-1.92087868616044,-1.9571255852859823,174.21149730385,175.420479677972,38.3578031353781,44.2279881496077,-137.915559804421,-140.191532966023,36.2277862657918,47.5363717349559,88.4821713069857,83.3795280445256,95.9545990324205,95.3349310175581,91.0338068524915,82.4465099059601,915954.741976353,68078086.6334115,335321.360055242,29148572.0279436,583324.394929826,292.0,104139072.578751,39091910.2011822
A1374,88.0,0,1,481.032967032967,406008.8466039431,426.0,546360.2913742557,171.43489140223997,271404.1673966032,29716.476678876676,74469675070.13618,0.4236062002950412,-0.6408756949356296,-1.136556611464178,-1.3799625108687996,121.836709717362,140.307087205656,98.3136139901665,112.140301891823,-32.1291380144136,-29.5183518440772,81.273037526989,72.7928671218672,74.6955356060043,83.1684544809508,73.8401171501776,86.3059844650331,66.175231251663,75.7124835684638,514959.845261969,18208246.177139,165127.919775113,11756675.5885128,450266.258297418,312.0,59730637.3909759,11845568.5390318
A1381,21.0,1,0,489.7368421052632,149550.32076015134,379.0,228784.6076014674,231.15279569680473,128416.26393597992,54875.71266002845,16924703602.30882,0.5637453147510134,-0.0658044530456451,-1.007506375817659,-1.909126139691148,19.0538020188487,118.173153906134,-2.97764835007551,-15.4528157164662,4.22157103802987,91.5841378246356,-2.29746178381853,-7.04576695264698,49.7974509103765,57.8160239534353,67.8469519011384,118.510682080717,51.1929835594382,60.415844074536,880816.945988962,35609747.8045991,75949.2507484847,5071854.81534327,952927.734092402,346.0,55153772.3921773,33514692.7595027
A1388,68.0,0,1,411.25581395348837,73554233.43100224,382.0,1031311.4142176881,98.45317456779651,182668045.44352877,9923.81395348837,3.4143605868627904e+16,1.0169477222824068,2.11926019588011,0.5302115974091053,2.491304344660332,91.8201716916923,126.036479013001,75.381503549851,60.4152585912013,-26.1324389346918,-68.5546508222372,69.4758960643939,48.8181337665216,75.3625869506263,82.1519682560508,58.3424524571297,79.6379062488587,71.73661565976,78.4304630964766,1079287.60395093,37521459.1437917,126833.190708463,8553875.71701413,1082706.075302,332.0,72672150.5406715,33217377.8314455
A1383,28.0,1,0,416.3333333333333,95668.87151050284,385.0,74931.7895956732,134.04783557455235,68278.61977390773,18588.436781609198,4817368915.504192,0.10411224998842508,0.119773543993997,-1.8681283659795942,-1.8411865107610754,118.482982814733,153.611187925775,34.9741035860048,69.6672683707278,-101.294747812232,-122.639894043182,30.417768161058,75.092164308932,66.8160181698654,80.9702741116185,68.7979378916314,75.6341284018808,63.1123946911252,71.1876110356299,722081.80799891,22415327.1068125,75764.6717100975,7093559.46663324,689174.799109248,318.0,65789336.7645093,16367453.938729
A1377,61.0,1,1,443.6363636363636,140307.6417129569,428.0,154807.38678347823,151.17676151823235,104268.30875309733,23942.718614718615,11366056583.423561,0.2254678636820983,0.07653640588094204,-1.3958314711128497,-0.8762618482464117,93.1861689363714,83.6255039100831,56.8995066896027,34.8751846678511,-40.074735745958,-49.0615134462018,38.1979525620635,-14.7810838130675,74.4829757341564,83.557535071378,77.3519216025466,86.8180168676015,70.8956735906915,83.9170288435129,644202.229471614,17119552.2835962,208325.816681149,23055213.8955612,665941.376725242,340.0,62440097.9241847,30203728.36783
A1378,73.0,1,1,492.94736842105266,499446.79386427364,488.0,480380.5162876697,75.62892351489714,80760.2195909859,6037.497076023393,6865487440.404487,-0.34349730458550454,0.15147560977949806,-0.40742456037194597,-0.6588762243415656,156.797545186833,158.095969008737,53.2264167481151,40.4546676695275,-153.225063887962,-160.46363986174,55.911657640211,50.4235601489072,50.4911980496535,47.6488366289406,120.80765438785,118.433716813124,50.0161118543064,43.6541072262913,1024089.99284751,38666229.366238,88515.0103486679,10958233.5002254,943379.00133965,332.0,65700122.7986441,28790776.1502647
A1376,27.0,1,0,305.75,1014335.7505039051,282.0,1465056.4587040504,49.575909808427454,966165.9084956984,2510.063829787234,952923991129.7206,0.4491180886132602,0.08445333436245489,-1.2930296575954885,-1.8397318836303909,69.9500499799032,119.294678055964,-32.6987349372396,-97.4274704962221,31.9143980972657,30.2182710791558,-6.06114424754509,-60.4475361681827,28.0428861980919,68.2152505124299,80.6112163901547,79.4109160996762,36.312706441129,57.1075737106431,453321.820607439,37312993.2299952,157395.445461634,21204673.650946,528391.615216787,440.0,102053221.391136,32674415.1409285
A1389,53.0,0,1,476.56774193548387,654333.2060803815,454.0,589033.1968933332,115.58920696098268,490761.2309333877,13447.62362798492,242400434727.8168,0.9271370831037217,6.375720120398048,1.5435377249760638,60.60294907532305,73.646048504538,162.167999336088,47.7936653642656,-101.530272892019,122.416148314576,96.3477414352014,55.1934854500952,-111.140293712152,58.0655383720921,85.7276596188397,83.7181259527326,94.9317013781332,58.5869264556534,86.2583980369572,228361.134093033,23858178.0075704,27234.5444379707,8637175.53610394,237471.841683083,294.0,52670467.0332995,15858072.8489099
A1409,81.0,1,1,529.6666666666666,1004110.421687185,476.0,1475595.22990318,195.57124305764157,751076.5883310651,40498.0,595455821624.534,0.3570284053086828,-0.48911812592319237,-1.3370970084293978,-1.6821397078637808,158.131007149927,171.742093181865,88.2177592665296,59.6298215597659,-109.063206572012,-123.273154116356,104.829281023835,-141.80403861623,112.350568466396,125.097476137625,51.53907205299,62.7792400342355,90.4236511137311,124.93203098036,130384.938637688,6755349.05984771,78952.3051561056,7146524.87582649,64240.9340598679,248.0,46418783.8265831,1074307.6782853
A1391,79.0,1,1,495.0,24323.96610877395,515.0,25474.32079596998,176.4974587385792,17861.043125050728,32095.333333333336,328399710.38300776,-0.0031024425929026996,2.385932573735039,-1.4134532219501839,9.192060260393141,54.2892379655123,47.3683815769569,45.1545094130251,33.60803110622,-12.6174383533284,-16.9893288767134,17.6550354649335,-5.5376524871087,71.1133891337248,69.8173772966767,70.4979597828051,70.2718223415939,68.3376148999429,68.8222504749042,429808.009710813,17188533.2524245,395156.131489987,54496544.2738803,734270.975275353,356.0,94025611.753296,67336175.0929267
A1410,75.0,1,1,410.3478260869565,399742.90815077216,360.0,384313.1134712533,119.8631860282352,107903.94841122713,15020.237154150198,12149490868.93854,1.1255350151651418,0.5880195941003711,-0.21162725641099245,-0.8292694529876679,114.45004125099,103.394549507557,64.1447180271782,38.4356531276383,-49.6747808950552,-58.5845974369807,54.1943491568862,5.2979215831673,49.2401023999059,52.5551961725849,99.9292779938811,103.033889344764,48.598110657029,60.5206545184423,660384.886966127,22791173.1097115,90383.2111892249,11307768.5142274,628385.13831862,314.0,48267846.9764606,22976074.6543659
A1397,70.0,1,1,527.2222222222222,1899514.2410812906,525.0,1948251.307201034,87.86641094775355,496834.86609873944,8174.653594771241,260558488847.53857,-0.9325665517774879,-2.6363021465817416,1.1223040043628814,7.645212791655114,79.1297057364037,71.1341752777856,70.1175757781096,48.62125857913,-26.8441639163081,-33.4835638662583,26.3397189814102,-17.95186764283,53.0957743703533,45.0311087442209,62.769070276399,70.8757705328387,46.0404981624268,59.40602534659,644772.918692573,21120625.1574786,501120.73384408,54194711.7708162,888100.221323515,370.0,90696734.4978503,64213583.6684598
A1401,55.0,1,0,471.15,117930.6802839176,364.0,180345.40637558888,193.01237654616867,108952.48259583651,38209.002564102564,12167409550.390957,0.7324446697413215,0.04958525360274183,-0.37894912910564305,-1.8683100298126798,16.2723852635595,25.6122293439006,35.8300896994415,18.3498973116075,29.3301985339396,45.7723565853658,34.2529959047892,28.2604264299201,77.974483953535,69.6736741865946,62.8885445114778,68.5423361409081,74.041705510024,68.7481628557445,672945.503921331,32232407.0642611,237147.705825952,18575650.7842372,903041.331217793,322.0,67268789.6623208,49636630.6140425
A1423,75.0,1,1,476.90909090909093,1017619.7825271004,397.0,879881.3149910762,208.71879932119828,579945.9223748231,45637.99134199134,351625330737.32904,0.8143910840398205,1.1303372270763699,-0.6807172917194504,0.8410033363365756,124.71554105433,125.296737941988,135.275022353306,134.068831091699,-28.3070313320324,-33.6179604439854,75.9286508638648,-25.8825653864348,75.7880068314641,76.5523666775359,51.1008101152812,49.9558952833476,16.7416746554648,33.6563335393216,295984.613376403,14773480.1095575,327210.129279488,47803424.5810907,290450.818372018,374.0,101878267.513468,41076710.2441139
A1421,73.0,1,0,461.4634146341463,86713.8709006554,326.0,64838.206212588484,157.33079917431323,78219.92354532059,25371.804878048777,6267584645.275696,0.13653403777272943,0.05781823796761278,-1.8964937800574069,-1.9326069548511726,29.4394302383229,11.0293286179954,42.3123046001248,14.9379694287608,7.78250483432365,2.48977027923884,30.4460701508198,8.45657703487786,59.878281139591,58.2861122100619,57.1140371701312,60.8541623607921,57.8320743694986,59.4583422160979,494182.74152449,24373691.441733,271639.617032056,25779218.8568328,742843.66620318,338.0,66878399.0575539,49920967.0551543
A1419,44.0,1,0,494.94117647058823,71684.88440741537,465.0,110527.23613956929,144.48059938488598,57556.69074703882,21507.20855614973,3410207139.4488006,0.08877265523167822,-0.015797274392188924,-1.8850276291819361,-1.9460168317385855,152.050690409655,138.476298458415,-39.8528945919138,-43.595218497507,105.626205987004,145.182104844203,-36.8839209763276,-44.131050343139,41.9414996121677,51.1969454432177,126.132080170292,170.192212269969,41.5456685360849,63.5149094077609,947763.557747073,32979586.0799827,66746.9889251831,8718995.71972229,889352.148356756,300.0,92871740.1685888,27075984.1328754
A1411,73.0,0,1,466.88,43871.24674116711,426.0,54644.61673205688,181.45640137509616,32624.18469371205,34298.36000000001,1106910924.006613,0.41464741634146113,-0.1980765453838826,-1.258035642996796,-1.6207271378733832,99.4088775922785,47.0213965622221,102.752099237908,16.1260882394215,-17.4801190641661,-30.9241880878177,81.1950674875694,-7.28776192566904,53.1368804360867,55.2096003093714,69.1937986929627,75.8969255170421,44.4462860101141,62.6628281960762,562090.179327192,16897623.152679,178809.375087013,14181241.5674717,561299.057773333,252.0,62404835.2409301,28519465.4653028
A1418,78.0,1,1,468.6,2516322.792812376,401.0,4021264.274575864,199.9190836313532,2182487.384300401,42071.2,5001413741761.926,0.882304013346785,-0.24673373995250622,-0.005830268043896414,-1.885105713034997,41.3794112918272,47.0886723010704,36.9061793642554,32.5727908634919,-4.85924976547164,-14.0902732081679,19.7047416479662,4.13235015889829,56.6373301094979,57.7580050017947,74.0102732083503,77.6891221824592,61.7123223779895,67.5062538527119,847585.164851438,44387037.8550991,523867.913790465,58521690.5171985,1288092.32376662,396.0,110997745.10247,94510512.1502728
A1440,81.0,0,1,510.5151515151515,8175443.661981252,493.0,230783.9809330525,140.24926321032012,64709596.040762626,19972.468997669,4250776241270177.5,-0.005147330951514382,8.000921640390093,-1.0310679307331743,62.01488608293103,158.598969472229,172.581843512046,99.6321443750547,92.4695303078293,-70.9389076866774,-79.704792218746,98.0375967832863,88.1312147255638,64.2203772922859,70.35985638738,96.3653841018948,108.945112575529,61.4196311643657,70.1215336088885,1560607.10956678,43061493.8934751,205776.101248018,15393669.8370587,1371077.00241181,290.0,79608114.3329855,27867626.5598141
A1447,46.0,1,0,448.54545454545456,491329.1643882605,461.0,37974.916595140654,138.96393491338523,497022.2468829695,20230.54545454545,258259800891.8953,-0.013060120197524004,0.11515196117999614,-1.762503942880379,-1.9502899377140148,27.2700073227991,8.35532503250365,0.444385097365485,13.5514722568262,10.4776936034195,11.2284065292268,5.35917225611069,12.0908089586468,34.6612516018781,56.3361911375443,60.9644422005665,64.4445706131455,44.61296218342,61.2770375494378,442492.354567187,16267870.0661476,276402.775326632,25417615.2478723,699730.890993633,380.0,66739775.120853,41580068.0388383
A1437,76.0,1,0,554.2758620689655,631524.5634106611,618.0,691768.2045217094,126.78977891789992,218376.8692942262,16357.676950998188,48510671819.34664,-1.5189918906859996,-2.1360979191546576,0.42847669415146106,3.4510789213040356,126.124334080359,157.422246031356,76.1282051952542,56.7333514389274,-177.91607348234,-135.689140334697,80.3482882234165,58.5668893497924,55.1794513446901,57.6054585571437,142.212691939018,143.130763169651,58.6342236498592,62.165807113928,890183.31106576,37311683.9751919,89640.1952389626,6822526.78067917,840461.579654914,252.0,62439042.9988864,31122467.5305932
A1427,82.0,0,1,451.8333333333333,537394.8494566686,384.0,768566.8432615679,156.39044798907068,387432.1637898921,24978.354609929072,153230841570.97858,0.6776763163627567,-0.5723765975262542,-0.27038909728179883,-1.5739449860298147,99.0048773617514,147.761912458887,55.5050778182824,42.581190777717,18.0404213087621,173.597450942115,51.4352530139523,63.8274665170952,33.0972455383027,42.9179161873354,126.907558891812,158.231824771189,37.5562194763421,82.1077670881131,913124.498120927,24960642.9179771,80408.334024394,17648791.6726981,904034.171821092,394.0,68758106.738578,13758161.1143589
A1424,61.0,1,1,453.7391304347826,322195.92628600897,414.0,474570.41477297957,163.7626111682247,261998.7168872735,28037.201581027664,71627820157.12454,1.2430031638940222,-0.21418982442082535,0.8678330601227726,-1.772523658276992,160.70952933482,175.040529393856,36.9424074459727,48.1433583957309,-135.821426121501,-136.129126809044,-119.597761824969,60.8598584885133,75.6587540575509,90.4783545105405,86.4343464421735,86.9993447997525,52.6192056907708,83.0363891373588,746492.665321863,198609470.168977,1032546.36268709,149827688.941641,410337.827876954,420.0,361997019.52932,51014489.1842868
A1432,85.0,1,1,472.17391304347825,475977.57774640975,384.0,724166.5406842327,167.92432358031246,396819.48271725315,29480.33201581028,164312036727.64005,1.0060285896333807,-0.2097832915406849,0.0027132642726113154,-1.8263540050285165,77.4192117276549,171.38552246816,85.3660170888115,52.4971200985761,2.34025670438011,-129.084773650325,73.407119307372,53.7814758203464,47.6664307928017,51.3388436601595,78.8927275513553,137.197938979256,47.7253531525797,60.2123290737199,1089111.15791172,28644590.3430278,179735.687861118,14755700.2127447,1141816.06576391,440.0,109260476.963764,14228068.7294126
A1456,24.0,0,0,481.1219512195122,237962.69172184303,322.0,38807.293017012475,175.85750816123985,217904.3001597303,31699.009756097556,48640388516.592125,0.1745889633849262,0.12354556305321392,-1.89962789117139,-1.9418880078900296,66.6734981828466,121.826389146913,66.5981832089837,52.6416913940299,-4.58406550033626,-68.9367036236706,62.5696717191467,25.4731778962906,74.7351100382139,72.8243487122954,63.4941329152623,95.7423427723012,73.1580520390823,72.8896555979307,1120482.22778278,38294243.4085626,92083.532126233,16839823.0577808,1160030.43601449,480.0,80125648.6141643,32709169.6064639
A1458,81.0,0,1,424.77272727272725,453101.1939195469,392.0,416636.2318239282,116.02759539248405,201403.64637836168,13775.48202959831,41485324883.01153,1.5653889766754376,0.1830306989423357,2.815316778618354,0.01226400143907691,61.6688451994641,61.6702578473832,46.8047837868787,27.4583999492824,-26.0867384262158,-37.4224416996547,34.3748905098131,-2.39007511683646,51.5921435527401,45.9315201802451,64.6187207788904,75.008093672042,50.3564992749522,52.731840343043,1362064.98086075,36081533.7001995,292267.964487561,23269664.8213518,1522655.67819737,356.0,92591406.4200396,51383028.3770678
A1459,59.0,0,0,421.8181818181818,917423.4546502423,298.0,1365564.648707894,196.5732887531764,840228.5952861095,40481.108225108226,738074278351.7627,0.842901987186102,-0.00779045588928132,-0.5082879663183539,-1.8960894657144398,93.6151158851458,86.8722182462767,61.3179805521,34.1569101980287,-55.8654880221965,-70.1254858816834,32.7271944820459,-45.3099380173484,62.9886494583973,49.4148345864849,54.0689981163669,69.3118824033255,46.0867086856775,52.9795712454797,650279.418245891,20331330.1348549,342498.631924637,38662457.786138,715599.025625408,392.0,82650223.5792978,44653421.9449898
A1449,86.0,0,1,414.6923076923077,10166024.319006417,337.0,30018.44839086156,154.442862033621,72708871.02834152,24320.29562594268,5388244924797077.0,2.4709919418582205,7.072417579141043,8.030244206739605,48.01913903172483,110.616362682127,109.990136121004,28.5020666795896,45.518137192802,133.717415643573,144.963752925668,79.6679738849814,125.248607021525,33.5590796324093,39.8200469533342,104.723611191596,108.375336046683,43.5343616932489,85.4934082555174,428436.051651771,14183283.0534961,235635.033447512,27916116.3808609,409862.564185689,378.0,66938854.0391267,26641373.4698384
A1462,84.0,0,1,467.6774193548387,34839266.44401583,400.0,23829.793827495625,176.71732858239244,132120882.94130719,31568.460028050493,1.7643625856601248e+16,1.2524421899580516,3.5734486562980856,1.483757581253622,10.785276203185575,42.9237923588561,39.5019754721857,23.2584359001621,-2.60534348524541,-11.8655606358173,-39.6403368223916,16.9042864332679,-12.7809169477621,82.6320561476154,73.9618994523436,54.0990255736304,51.325688395706,76.102984186174,65.7527270522523,772077.65408326,38736560.1177352,217366.854228871,18646247.30999,942939.046553316,334.0,75620422.5684394,54432046.3621941
A1480,50.0,0,0,444.72727272727275,1713968.021500261,399.0,18713.511578077818,127.59958029931752,1938007.329112297,17056.969696969696,3926593880769.9326,0.13623629933692377,0.32779233060351487,-1.8606185785761222,-1.8078692108035328,8.65063279451379,5.45653327367661,-27.4476932748964,-17.9398299439485,-18.1612231408395,-22.9379420710661,-23.8013397924965,-21.594265700644,53.8877636716501,67.2769284355865,57.8664966785101,64.2755987298604,55.3222616821206,65.0524611161358,420943.331755697,9318371.7151198,259869.014325701,25932790.3978235,678982.012566796,358.0,63255247.3517639,35220085.2331365
A1468,79.0,1,1,438.11538461538464,1243458.0889789565,362.0,1834811.4705846852,171.21305371762287,926972.2766354985,29888.692307692312,875802170913.3145,0.8049587661090328,-0.5289898961238382,-0.5599247288776947,-1.6346226337562708,112.895875206158,150.076609341438,81.1148342366452,61.5577918726507,-175.756170980694,-147.297126377569,82.7216465104142,67.2983841970999,67.1613931980101,74.3663105650558,123.573850643859,95.905645025515,67.9701653615163,72.8918520953757,1496380.14976045,36911364.9825998,47367.1025472216,6295454.71968792,1478595.62214391,312.0,77016964.3368144,31611516.8370672
A1463,27.0,1,0,372.2105263157895,488025.1741596137,342.0,471210.8444871195,82.31555391001427,429586.56906876265,6866.195087719299,186972839012.74802,0.10503195565040305,0.1327879944293802,-1.8590620100988695,-1.8033875785208993,81.332410653364,66.3017289950212,24.086862967576,-3.2152223203545,-58.5659531914361,-63.7733267432094,-5.45752681396193,-38.8426172081435,38.8155380331052,54.522624915586,84.7809535683242,89.8382780461471,43.6626061172929,70.8705530171223,828374.267041592,34592214.612307,321467.142191999,38928967.0478314,932634.582628628,330.0,89433027.2224682,61600069.9508453
A1472,75.0,0,1,452.5777777777778,289480.5452522199,430.0,320004.0186985389,127.3355128764406,137433.98585095993,16582.840404040402,19307836032.81256,1.204966761453482,-0.9877680748865849,1.5930674149106325,-0.044446450208844634,146.517213511539,166.079073176655,117.934943442224,129.503532066172,-34.1080808209569,-39.6955395258996,54.807066262008,-10.5506821103409,110.937097400282,100.040681130874,88.4997169456091,88.8186533901747,127.457228787681,111.280872069111,392540.063460917,29007672.7785668,327204.002992282,37664593.6539522,216559.115324104,368.0,96341490.0971218,11795010.6997922
A1470,36.0,0,0,730.0,510663.8340278777,893.0,575598.4269264227,256.8174448903345,264491.84835068736,69426.52631578947,73453734736.16116,-1.0524061570848275,-0.9377809701983342,-0.5001321801182406,-0.3300056079798481,14.9865276325265,36.1789748443571,-38.77121269324,-35.818278916449,-35.4546502378251,-41.0974491357376,-36.9707774629922,-40.2101364666988,86.6685417528086,110.666616855715,72.0385757611663,74.8611573864731,78.5428346831701,80.8155430575786,364835.250171026,10935598.8484447,454655.115738683,52415416.5739097,812576.51148056,370.0,101168742.463151,61581662.667408
A1501,23.0,1,0,337.25,283418.7850282021,329.0,176553.3075984698,68.08588326518208,220724.67202096985,4785.225806451613,50241861489.97611,0.10921578479725674,0.12190858610122515,-1.7525105798181333,-1.8626585182249489,76.544414333135,63.6850792452389,83.3374203417931,60.5802605870611,6.78428616592308,-1.4362204660313,61.4396288721409,23.5310247053154,89.214841523197,74.8154166088055,89.193479021343,92.0235394794692,89.0322628471852,83.9706912474219,571367.391352021,15800054.1032366,261244.494699793,21779021.2976961,681304.281419376,340.0,73468308.3674351,32078939.2239377
A1489,56.0,0,0,605.375,1782843.6069169126,687.0,1977511.3407797466,151.277425199532,670831.0597189919,24410.516666666666,478140205101.43726,-1.2606294884952114,-2.069876036488455,-0.24305090558703712,2.8473574931451617,98.1019760310993,88.7809773388437,68.7204043683517,55.658260746481,-17.8492177846228,-19.3475729414694,36.3730386737324,1.52770903930601,109.741452231739,109.967793347532,56.230844888012,57.4551548615363,86.1816628610582,68.1323878367261,370261.185653658,10605709.4866833,276484.914862061,26891705.2794795,429746.070063137,330.0,51715638.4689308,29116662.1871914
A1485,77.0,1,1,461.7142857142857,617573.7639764339,434.0,656343.9984022187,99.72970272412414,137468.48091650053,10443.314285714283,19797468161.94219,0.6436653695991496,-3.7844073061739323,-0.20028806745618866,13.787828849646033,72.0759205416928,27.7407679466357,92.5525212900957,50.6136240858015,18.772781586987,25.0058656044117,86.0066146318447,43.6252305806382,102.013383575514,99.0255418427379,100.942888237184,88.1446123265272,102.806363933835,96.1765099743158,597944.955744256,21398634.5635887,73644.6747554412,8057664.79997941,624552.726820172,354.0,76623935.4975679,28775647.3650376
A1484,52.0,1,0,472.95081967213116,216845.83812442893,306.0,52836.568410470965,178.60648440025895,180223.2771477003,32431.947540983612,33012895685.297077,0.10630861013175152,0.2451474034434422,-1.964200380080336,-1.7220090029390136,52.6303763295787,43.4431272367981,42.3710458656778,21.6398698998578,-16.1587097777909,-13.6059671920135,26.7785728911995,4.26831784803992,58.5140313865457,60.0968066843044,68.264807019777,87.8627381648564,58.4169908873143,71.9864510964069,760739.358191117,28439858.8070492,275575.646257292,23998617.9850679,953494.483791634,388.0,74949695.3319298,48742718.0341765
A1482,50.0,1,1,540.8888888888889,824393.8812880766,483.0,950811.1834558541,177.70790293465313,438381.573686203,33437.75163398693,202854982155.79138,0.4122940601387785,-0.9067064052323874,-0.8124834668497742,-0.5178071581867085,12.2032016155178,15.4635487639513,-13.0809239198186,-20.0310709287993,1.00548365818474,-4.18974566634393,-7.86381850431995,-11.144331276868,58.2773913887499,54.5545520342056,59.9905333710453,62.1770955888208,58.7264250936845,58.4325015850679,508398.280696833,32350485.4396188,294522.082477951,38019895.7641161,798695.393984144,360.0,75008731.3399379,69734797.4044267
A1515,27.0,1,0,347.87012987012986,1798215.2445348038,396.0,1075859.6328854389,80.53931050329875,1792137.5525288302,6571.930280246068,3253468137147.4546,0.09330790831957343,0.25070759247409663,-1.806086351545746,-1.6557106506229187,84.0042385107277,160.491523974515,91.3236556660368,87.1418716408128,-22.293284627911,-83.7543329611167,79.8446054869704,77.8281659836578,41.7061053025488,52.782604961809,62.7808687528297,109.403208871619,37.3766694146763,40.8533677772548,692019.454880466,24040150.1062783,105391.329441694,10397190.564774,710798.59616194,334.0,59332483.1823433,14657030.9806006
A1504,84.0,1,1,515.2380952380952,1264969.724239961,488.0,1298875.7340259482,79.50436032481235,236183.8918888581,6636.990476190476,58439156063.37582,0.515262364826424,-2.3984409945656946,-0.6357005906401914,6.823914644642004,87.2590652392154,50.4069949254006,67.5952448580505,23.2026449006394,-11.9835096082646,-27.2685178226397,59.7236021149204,9.14400500979167,106.993086123733,87.2260108030596,67.4732600437396,84.1065609213967,103.347512046421,86.0072923808649,784423.545512592,23011895.8126351,117146.301879352,9456025.94912677,798643.946275511,274.0,50218538.0344801,29938789.8437044
A1507,52.0,0,0,428.45454545454544,244995.13573482312,385.0,302681.7416659594,158.17703754531368,150210.40280249767,26211.4025974026,23588763524.18354,0.23643688784338335,-0.6629146752415195,-1.5914109910840697,-1.3133017234829762,41.8163707074163,56.9726628742894,58.5563221244831,71.5445567056239,23.1068229943554,25.0064150137569,50.1248445198524,48.6508272672955,70.6505541832437,65.0733330361927,93.7518060029382,99.5706783319646,75.5079470213156,80.5509826316682,460819.417317521,14412280.7259522,140640.116192517,12856460.1229069,573356.464134913,358.0,65658815.528207,23978823.887612
A1508,31.0,1,0,382.1290322580645,698063.2084915076,284.0,122889.00782787742,106.3104831827386,663077.2980023966,11678.64946236559,453854454839.9062,0.09768185468261872,0.2110960057491905,-1.9011840908982238,-1.8553885968150856,39.449467011074,44.8000069423641,24.5309545755826,6.97217232453433,-16.6034528075186,-39.0434706400559,16.0358900237975,-14.5062139725631,62.7756220019823,63.5429467983704,73.4766992752325,76.2976519753165,63.9678373618176,67.6428986549968,967219.480183418,40676058.3101461,245715.322108753,33047984.1523361,1167444.06677278,412.0,83069748.1409027,68223224.1904155
A1514,77.0,1,1,617.7333333333333,584364.7293567278,616.0,585815.8765255478,60.27433579522512,38423.95819513811,3892.4952380952386,1574827267.6071694,0.15541286487578476,-0.08954177064108818,-0.8238025767466688,-1.3089220346748893,159.132665725816,126.118503109126,163.659936724542,-128.410617216095,3.57709276783509,3.71162171273735,75.9875991410297,-67.7939973533821,119.345115141586,84.1366750392393,71.0110970760942,69.548746764945,119.418436879025,60.3428940967578,173490.421193413,17403758.6720302,167637.7671314,16977131.8832514,62044.8755167787,348.0,51240322.3142903,15581552.4401103
A1528,84.0,0,1,406.38709677419354,512950.1904887666,334.0,843199.3308185118,169.27429113707245,474721.2746121453,29608.911827956985,232629975297.42438,1.0761631558545324,-0.0873472407644319,0.07101399393147334,-1.9403954066343876,78.8283575815633,109.957736334662,72.6116051072619,43.4626541506411,115.912505917733,125.157939913849,77.8871621851863,62.8492648082903,62.5171127224901,57.2342934768837,130.312818699021,140.627725272175,70.5323317351111,80.5115577329191,615203.493566214,21908793.3693123,106833.152116352,10887149.7729079,644481.656499916,368.0,56457922.1986256,20873325.7873921
A1534,75.0,1,0,443.7818181818182,490683.1531422121,376.0,787718.2156825013,184.04097280068228,431973.9845519697,34498.32188552188,189994278299.33633,0.6417879578944935,-0.11252290533843401,-0.6312276700904178,-1.9472008851081437,11.1629539362072,14.2573029281147,-10.7445926856961,-19.6178353082711,-11.9188029141191,-15.8644337480359,-11.2692719657235,-17.3778920241741,44.0103604587296,46.2306888267305,55.1378291943731,60.171941022451,48.5254130703388,53.9147849305781,620290.001970719,32140248.6986419,424277.971299185,39590509.6230136,1039790.35251718,360.0,78195690.6800102,71182284.5817316
A1524,67.0,1,1,524.5714285714286,632937.558316441,479.0,761236.4376417971,185.38905588199194,325542.5276337616,35642.03174603174,109762863630.25621,0.3400854155177972,-1.2884831666984482,-1.201950986802907,-0.07596954306803916,102.87465076415,96.3484612019129,63.4243965216273,49.3244004789073,-44.021141518957,-48.0167820510104,48.5390242236746,10.1498417060948,67.2096114534243,67.5918136108217,82.4115157573974,88.8679642188596,64.5522708368718,69.9076461959488,981713.013209963,35738481.0071555,234788.12740655,24570689.6858346,957167.094802536,312.0,72718972.6460814,41070206.0099135
A1526,87.0,1,1,463.9,71647.67489547547,431.0,90982.3330701012,134.58153662371373,44850.472443674946,19065.463157894734,2112143122.341888,0.5282434473038299,-0.7535749186798038,-0.43025055370473364,-1.1530299202540304,117.214005752003,146.888541238761,71.6352229427911,28.7485559919401,164.17762698187,172.373437392484,86.0486811164557,44.6065734511535,27.8064575360151,50.8056243411086,119.782696935656,115.94832420785,30.2485321980567,49.2165765842923,945486.877442796,54661040.3260499,129259.130709984,16285176.4788166,893797.389772684,306.0,95532549.9749412,41973986.3900356
A1531,26.0,1,0,400.27027027027026,475121.1238172867,392.0,699973.6710452362,116.33703336581773,443661.1581791263,13910.258258258258,202155094176.21783,0.8680245385720606,0.07923673376108058,0.7923859182575299,-1.7644856843190833,78.5214006938407,102.016023382536,63.4027322322702,72.7216712395945,-32.7524745681134,-46.1162078132896,36.0667810255995,-10.9970661868856,45.4275211787841,57.7832689044684,67.4156469236342,70.6328133981373,41.860394574145,50.8995056301384,946990.313484718,31946505.6292659,359817.485811721,49501465.0506751,1077903.77965408,384.0,106357106.790646,53033258.4141481
A1532,94.0,1,1,429.9130434782609,73683.72544224124,320.0,103945.3565651432,153.446751291911,55991.44735234836,24616.173913043476,3271348358.2025723,0.8440083093656783,-0.21398426527238076,-0.35651014820913485,-1.7841400054506824,34.4953105615704,10.6984447586145,26.404792467957,-2.60681570189229,-3.4495545217545,-6.63112471428349,18.1985035073287,-4.12140560216122,94.8794540936307,89.9790179585699,77.2714621752721,80.0580846727452,89.9137892923304,86.2100238298553,617662.915333689,27595022.6476589,244121.190305126,16910642.5783383,830450.297941444,410.0,78565704.9822427,44323035.5301645
A1557,16.0,1,0,349.57142857142856,1728879.183697743,382.0,2901293.655121276,80.88679415941614,1578982.6485054237,6784.99470899471,2582228568719.8174,1.8478099507651058,-0.03982196629438182,5.229100757363215,-1.9602473702299696,30.8131540794934,28.131794562699,48.4341321741277,29.2242019142957,15.0747963252511,1.20306978797457,40.1454528572099,13.0854916509295,47.1631872742103,46.2305167521838,62.2078335126559,63.0319523928835,49.5468578725274,54.2120065297258,811282.764155065,19970292.6158118,228787.81370564,21843300.1432383,1014566.80307043,366.0,54877673.6940377,40562443.6786142
A1558,31.0,1,0,376.84615384615387,1017409.070686724,334.0,77029.15855741751,92.72817690917583,1004797.2867873724,8942.455384615385,1048449033209.6985,0.12575026481048968,0.16814390080063785,-1.8725517060944947,-1.8365041233727777,20.0649777686663,21.9129199219923,-3.56073038095303,-6.54567681435068,-26.8785994262727,-33.0532128475197,-14.1858702317772,-26.4437700064682,48.7942530205221,54.7210311572756,56.6434793086544,56.6463496202185,51.596788493035,55.6124620601601,690800.976223427,19722218.7655694,522147.682512032,56995180.1506125,1194762.921883,362.0,100364660.770351,75651409.4457351
A1536,32.0,1,0,332.9714285714286,331079.97178636084,276.0,196826.43326372106,64.78689713835914,320350.3344249853,4320.793277310924,105556460673.8056,0.23291209083601083,0.2205950803410643,-1.7215813272579192,-1.7269274344983006,149.346306084302,176.813375144109,-50.1772958242464,-83.4351831157882,98.0798277579155,93.6701497847784,-37.7739642143998,-74.8586370303011,57.0292893290287,71.8938667517143,110.812099115405,106.519222174324,54.8706929327089,67.6168668675642,955091.280609926,53223593.6504829,264354.660197196,39567609.2848959,740053.142249046,394.0,126452997.642569,13892387.2302478
A1538,60.0,1,1,462.45454545454544,376743.676286829,430.0,407545.70012981,131.1653111267427,108131.21019185985,18023.593073593078,12223829463.808727,0.4273241050105243,-1.4917598146541977,-0.7366437580479537,1.9453470647236184,81.6851158355988,75.0232349806051,64.7302723429262,54.7478651353269,-17.8529805571187,-20.7457813778986,32.7081892924212,-2.4253490302228,81.4153955295536,84.8407638657724,83.1148023044485,83.1401033219946,79.6773426976783,82.3826454022945,592344.70653804,18900946.1309217,405055.365437148,50686777.8429731,764419.328992399,380.0,94581430.9713969,58494071.920151
A1542,81.0,0,0,535.3333333333334,1152940.6147813494,656.0,1448380.3540313526,161.6003300326663,589092.3349825789,27650.82352941177,366309211309.40625,-0.6367524533200215,-1.3876312853867987,-1.3665841633825357,-0.02278051820257776,94.6306899385849,141.916439813633,-24.105122118183,7.49193197511851,-103.440045035012,-125.642077261119,-33.4788464035835,-11.3765824493763,62.0126598481373,57.6335672599336,118.550649477221,131.160237652526,67.3222725134314,67.9834878632033,865818.376906764,38777068.2458603,150901.892530262,15432435.3739352,866785.307118653,342.0,74783671.1193101,28280146.2942463
A1555,68.0,0,0,407.3333333333333,386954.03324714047,315.0,66372.28997870306,158.18308660817343,419439.83263155946,26109.797101449276,183260180414.57358,1.0104677553039243,0.4542934244036487,-0.6024545086055331,-1.7203359489896544,119.766127165891,129.170178911309,34.3814287735429,41.4960808566906,148.475783655216,158.842077812586,44.6779126804137,83.8707961305539,59.9412242159911,49.0082456785307,108.888432869529,120.493255481332,61.2479688314773,63.5232758447066,824699.660434554,28364737.8150531,138851.815566657,17338909.7236974,765316.178584851,398.0,58478682.2410521,21997993.3900948
A1575,61.0,0,1,479.6,765557.964364285,422.0,767641.057129955,108.0973635201155,234006.4484412142,12300.042105263154,57496968807.67417,0.5949066694336987,-0.7529880067316038,-1.0436932616504082,0.43838522264583935,71.7219288848148,51.0313692646684,52.7463341601356,19.7797547322173,-19.7151994786576,-32.687738991887,37.0025093263667,-8.72900747690863,83.9203242262046,77.2078292298556,61.2218041062464,62.2769298747875,75.9809659206368,66.6082155348792,710697.297152127,24300223.7224731,261699.205386642,31464839.2095126,830806.945451178,384.0,80266919.2000923,50420692.5402133
A1561,15.0,1,0,727.5263157894736,770706.441239153,741.0,772981.7918854996,89.96775353369826,144227.6196281336,8312.958748221905,21349016954.7449,-4.159424359241382,-3.103813874158072,17.27750692150578,13.580519324637226,155.372576967667,123.875889793094,80.1014981660537,34.5206926938741,-75.2568805257951,-99.1263363687018,72.1362867714836,4.82079372527049,71.4686326213689,96.5260702617072,101.993435056513,117.277628510369,70.0679861926162,116.862044399569,294301.164390442,8137376.7712795,73357.3855735182,4643668.21416987,229660.17036047,244.0,54744084.1741678,6756893.97100388
A1576,49.0,0,1,548.2857142857143,892422.0679946975,454.0,1241722.0184746273,234.09553256597388,597559.7855899074,56412.50420168066,367279917278.6634,0.34351016888967667,-0.7412928929329573,-1.3766165425018135,-1.3353746241851367,69.8296218821851,79.1589269946031,35.3400275494354,-3.07706343925007,-44.2653803320556,-68.8497960697724,25.2108057601854,-23.3870649421801,41.0744569454718,47.4694456189461,72.0746374437468,99.3877988860272,41.0018026217677,56.812213895658,1629478.44760674,61328544.6038471,211309.455366467,22306251.8224701,1713857.22494587,444.0,114192943.00845,69089541.4026609
A1562,61.0,0,1,575.9047619047619,291445.49038028804,536.0,365143.5964344089,211.9456140396814,219879.83668825682,47166.990476190476,50649387466.91424,0.21325584635624975,-0.27418484714729446,-0.937219674662662,-1.5807451060987991,53.5982015750962,49.6811182689973,22.2081149247225,6.46864214018255,-33.8325588965375,-41.2164179069695,-2.54022813537152,-23.7633405050384,64.0197871859667,66.2700709882067,75.9567249414426,85.324227312697,66.6644234088223,76.8302649921789,520677.091140004,29007169.5497405,388872.849556657,44727872.9463554,814029.807496361,372.0,89623607.1181775,67238219.9353407
A1567,54.0,1,0,520.0,529490.4075701943,545.0,780828.9660856902,235.98767302166826,412920.47366233304,58342.09523809524,178253468368.14026,0.38007245900446557,-0.4051686554495849,-1.4359430883215294,-1.7825990968769836,23.181117560224,108.770672129296,-9.09444688146724,15.1645684158679,-31.8670948752193,-110.893239108721,-13.2892739445002,7.37588801385812,65.0333418883624,71.4380709312591,74.1891987692035,59.7646660796046,66.4073271183446,65.1305280322131,907488.95645638,34227691.1340999,196314.543463833,5778827.46221571,1090695.09855788,364.0,64715272.4834314,32827362.2353414
A1589,79.0,0,1,498.2916666666667,488176.5399908871,506.0,485161.2583533184,83.25862275998136,140076.48392716414,7079.487588652481,20030200960.842846,-0.2975617512849831,-0.360139760151955,-0.3916675778381835,5.98748608472936,40.167768979584,73.453151611203,24.6376747111188,-8.19875878962815,28.1271445638328,10.8424046135674,25.1094689684885,-5.06079413874478,54.6302251148216,78.0490935378299,14.4960823338862,4.86762649553903,41.3255834845241,24.9641293580654,870663.552074124,30909416.5565946,443639.272633207,71193332.2515476,1243060.64619403,416.0,132846471.769579,85307146.8252524
A1582,25.0,1,0,429.625,23484.82646513894,304.0,16025.815415761208,161.2877378321117,14960.079148435882,26426.65079365079,227300905.1294577,0.66834388303626,0.11511271147426544,-0.8004216152413517,-1.6789781971149507,89.6854656000399,80.898951552647,60.6223473279971,41.1783461337405,-28.3756939211744,-39.7906842115398,33.0196595320649,-7.98137289178581,98.9869447683352,84.1936536827253,85.6922344600109,88.8416982340413,95.9352536022163,86.009491358335,770157.889186522,31091586.7928424,402600.818209212,44405735.8538165,870996.49398994,338.0,87065593.8467689,58097558.1385112
A1585,76.0,1,1,436.25,26125767.817959756,411.0,98022.66280012245,106.02941808762321,114985639.73394084,11530.499999999998,1.3552239778649224e+16,0.5189164486104945,4.189428115759774,-0.24924785814029082,15.551322029933338,32.7129305357805,50.3162466102021,23.1116039598748,3.75585315216618,-10.85135890657,-8.65320097282081,17.3123308958852,1.92976679392946,71.4133322825179,71.5069619732508,75.2477552097397,120.385171310917,71.647378960081,78.7505175567157,897791.366839702,44925993.5160734,188383.721790226,8569443.23985742,1061190.24707329,376.0,82536454.5789479,50827666.1816318
A1578,74.0,0,1,378.96774193548384,285424.1693466011,340.0,56503.98802734255,102.86962744046393,304924.6084814785,10934.89892473118,95978339982.02113,1.5960989386892512,0.4418931200233759,1.898936041668244,-1.716305812835757,71.557843449751,92.5372942062994,46.3149421050486,44.0423453810656,-35.3859751031705,-49.2738129935082,29.6015511965215,-15.6490677498962,70.2565613250122,89.1201467463703,51.5844454753385,62.5804092998754,60.7875285334462,65.4326396858028,767628.653398496,17646622.5357811,292631.317488053,30990015.3332398,903886.232050182,350.0,76189194.6005125,34976633.8149492
A1583,79.0,0,1,651.5714285714286,172991.9192040552,630.0,226955.42257264844,257.83624766941693,116122.64869083054,71593.34065934065,14447645934.615051,0.1334102239798775,-0.6110392553816865,-1.0517252677451365,-1.4865591085320309,23.0625193566727,37.0656999051743,40.5049834016177,39.5829294601501,16.6007235545826,1.67749653545827,35.071479463203,22.2941124735524,50.4684496158109,55.120676920436,62.3247023309106,71.0433973471749,52.4828110490943,60.5043131924548,1084333.91661646,41438297.3983564,282247.446948756,30336965.559849,1348563.77713324,382.0,97218925.1503006,68144526.5588254
A1592,49.0,0,1,419.968253968254,982303.2135791662,404.0,989947.8316401452,63.806743996940135,144947.05500761094,4136.966717869944,21343135243.56002,2.0499201620523015,0.05109237221527877,4.603824471664724,0.40742380717689963,80.8512437019456,63.3176891281518,59.9276757284973,47.4609837983029,-20.8120487994843,-15.9625736217692,47.7316628391263,17.3346940160683,87.3134743477568,96.0522734683515,92.0117262574916,114.185057125254,87.8965099905842,107.595051887073,444367.357575365,9812234.45522184,100817.216620718,9779180.74131639,471033.613880332,344.0,45826436.3717913,16675993.106889
A1601,73.0,0,1,476.22222222222223,2085980.7928046207,420.0,2878415.2986727264,168.4124859744632,1439509.8259017246,29453.641025641027,2148936262529.377,0.32913577435532987,-0.6751567956633123,-1.3561735677373505,-1.416525792218869,22.6127238731381,94.7162960183218,37.8542516749443,35.5249976064282,64.2054693095331,120.506220274243,39.0622106319872,42.6868243619171,59.9715070975162,58.4420345908584,56.3953852975084,107.054128183928,59.6789441637504,60.5646308986322,942719.93226508,33873479.887936,48622.3413473598,3850737.23658042,987781.358749797,356.0,65582614.6112363,33775599.1827993
A1598,58.0,1,1,347.2857142857143,1738092.0475346053,336.0,1722244.1765651775,63.29345325142085,245538.30616384864,4154.4338624338625,62442240500.73373,1.2279220459590496,-0.4070821930497943,1.7322515292010934,-0.8111700760893297,63.3387818205189,31.3873411664481,50.205330758038,3.91586448105428,-19.8254218447826,-30.4623769927341,22.5966052795284,-20.8859417382867,70.5084130623233,60.4886135864133,58.5635014256574,66.9859990715,60.9498900157113,64.2507548502994,1181695.64604505,35562532.3321469,896937.081335928,84784074.7714835,1775412.923574,366.0,176192632.28074,116622773.173016
A1604,83.0,1,1,454.875,138550.03165524834,414.0,131823.85033595513,108.12254332469247,57399.04910961907,11939.218085106382,3363289397.8278046,0.7673042296310101,0.46691701270330055,-0.5799111868858202,0.015708799523926675,131.071880057744,163.127765445442,71.3376700476819,20.5569897669888,-155.179574299112,-144.800450098409,-164.402870940109,-142.24750368465,64.0995000549413,86.9849427771573,95.3436753958641,101.628194693644,89.958663958034,103.027871841057,100257.944406062,12364066.0945597,467081.355161678,83664958.1986003,408268.718570025,260.0,180225322.876281,71922690.6381568
A1603,77.0,0,1,585.6363636363636,1315596.5226185021,624.0,1394927.603418633,112.72111420127491,408597.8269418612,13311.099567099569,174540919826.22983,-1.2444799732299612,-2.4984600111002524,0.4763401902199704,5.176801888465626,14.3711729499278,134.550288781369,104.63002673945,-37.6777240825196,106.293779463215,93.0246362893538,105.002884971759,-36.1265461045769,89.6186231319343,54.3662437115173,103.895023079784,110.666810625982,92.8785580532656,54.254369436039,39744.0202373653,97578977.5194022,11826.251301013,2958818.79904202,51284.2778333922,308.0,105732372.751725,95526536.4603884
A1599,39.0,1,0,307.86206896551727,49419.69070408375,297.0,62806.94525974885,42.92392961566329,33343.656398433995,1874.787658802178,1130968377.5688424,0.11915374035716832,0.09200106842437417,-1.7919368604701384,-1.8285375511107131,85.59263910208,132.513906600807,49.6404204262753,88.4395223329645,-39.328911144618,-45.9715054328684,18.9972736813646,8.351569490483,51.2932281066417,73.287974083305,84.2287783577318,91.1270198692816,53.73555203032,72.5522453759456,692279.239250247,24853861.4923789,325185.5412061,28872056.9332882,787144.018500133,300.0,98220760.8429566,21942434.3397067
A1608,68.0,0,1,375.4,113481.37110375246,310.0,172803.29358324673,177.34768112383088,87304.80803776463,32094.081632653062,7774572096.641149,1.883394563933791,-0.32594164192867425,2.5421737745054367,-1.8465124468218905,70.6077789483647,60.5536968368427,32.2123442734407,15.0129312027,-34.2242712244278,-41.8671894011891,-8.62421341096867,-30.1811660506701,107.850135782543,106.605237329046,81.6598105461963,84.1255739544524,92.7034753996691,89.1382993007841,363451.497000495,18230109.9730974,529152.020157903,61517437.6016778,734719.522822505,340.0,105513812.140939,72245264.0546607
A1610,22.0,1,0,470.0,16704.408963259673,438.0,17979.822747705995,143.39146108158292,5902.682005554218,21148.571428571424,35809478.60476839,0.14960683466290936,-0.7448581823380305,-1.575942455886339,-0.264110928267677,108.878035229944,147.046169840296,58.8913466714753,25.72257443809,-178.409193606528,-149.831505831943,65.1214437628408,21.5718425944501,61.4054707007283,60.5997252635402,73.9527376482959,86.7231506096946,58.3277390542175,41.2567893351992,2156902.63519855,70644778.0105547,238896.415683547,29851104.6125778,2091855.71364477,372.0,147332538.70865,48401496.5725794
A1605,70.0,0,1,433.5,778535.5968655612,372.0,1056067.2647426839,163.86808719210705,531508.7467556754,28020.260869565216,294272445706.0299,0.6247014444818345,-0.6875564379976674,-1.0732122157997073,-1.4097068256918373,71.8764395701138,69.9896300632412,73.0332268757434,54.2779363701618,-0.187066362842877,-15.9244745150867,61.2977631502295,26.6617833775863,80.2910159168931,80.2597405717638,79.2259635282354,87.0085245859959,78.830616557788,81.5139184997822,912853.879700071,37415816.7470418,212012.082380242,25295214.5334588,999328.168505519,388.0,76653944.6856614,51841267.2573794
A1607,80.0,1,1,392.96,475989.3287961133,388.0,678118.4673550297,98.25700178613226,446991.7086830401,10056.706666666667,207793651136.6392,0.1790044254387798,0.010288276080851581,-1.512637231866566,-1.7825684947238187,80.050432196169,45.3543130325748,39.1783460259482,2.04279232189194,-34.0062152709293,-38.3292281564169,10.7720587167924,-24.9291105316655,106.483129480632,95.2908448482835,71.4591321929008,73.7922791080894,92.9223146036873,80.3298477792057,614800.12456529,23811573.245421,419962.20714311,48323202.4807339,802227.659025786,380.0,100222971.19496,67225708.5300499
A1606,75.0,1,1,520.0952380952381,909652.363781923,448.0,1193020.5135501702,176.75969826209035,554832.9202182355,32806.19047619049,322498596470.1756,0.752627633672666,-0.8977295187107526,-0.18335516422046005,-1.0444064887359452,21.528173946991,55.1230365249482,-12.76757116704,12.1378953591208,-36.3597406438554,-44.5127102779108,-14.1208360937111,4.49258180441665,66.3818549179756,64.1204309840435,63.6425158840714,78.4801648862475,66.1192920712628,64.7886993907202,917549.626494033,27549307.7359301,58546.0814901496,4458833.15382155,972248.76878552,378.0,39980417.0490724,30320401.8588807
A1621,77.0,1,1,460.1904761904762,608981.9568369816,402.0,635668.2575196007,92.68257094468247,130883.17536757546,9019.561904761904,17946139194.02806,0.9418335200273422,-3.4098969631573373,-0.4772727502762182,12.000876902234491,29.7136140897406,43.9784983441586,8.43824719280805,13.924561491981,-25.1709653045001,-34.5638213363292,-7.52010127519405,-23.235122953885,60.9376862336951,53.8205012371898,63.3518047657459,67.592763920004,61.0276531020256,62.3252937089362,370217.943331865,12890270.0311727,328298.379528176,34606894.8497688,675250.224689625,370.0,75358790.2158946,44786298.6328245
A1613,27.0,1,0,362.15384615384613,703637.8837428332,354.0,1105019.7731790629,60.90578620212868,651476.2004036239,3857.8953846153854,440745133526.66364,0.17339502760198328,-0.032029370125045226,-1.69917085246096,-1.947356261470103,162.353194701886,154.931966354097,-98.9826356935037,-103.598906973512,100.997509597634,95.2308564369622,-107.928827675878,171.034126089756,33.9628551065235,24.8037849211913,133.783870129058,132.470694691202,30.9831456553451,15.231865702868,752561.614490773,29639181.362105,187224.600217082,17331067.9202739,576945.683940313,298.0,88413168.5449578,15756308.0925641
A1612,67.0,1,1,493.7894736842105,2764191.226955294,482.0,3100767.9776393697,110.36188269667463,973574.0235660834,12856.397660818713,997733030908.0554,0.1738895566766651,-2.0424723444372876,-0.7316624395685927,3.1034446932486572,9.72574001394925,3.54512338678748,2.52094747023939,-5.66656953636329,0.588228550218077,-1.91619973590628,1.97964079356176,-3.92186037660348,67.8636862816533,65.122564284559,58.2911863310625,64.0777243583812,65.0164909219133,64.622405962971,661939.50924412,35037519.7795819,280412.380241247,30745474.6404533,939516.692834166,380.0,84266290.8774275,65751650.501641
A1616,27.0,1,0,391.15555555555557,79234.46407928802,412.0,69117.01759428905,132.41516454873715,24160.991312169976,17932.270707070707,596725801.2131252,0.07293163013367342,0.36943128884546594,-1.8797133736734237,-1.417926165090526,81.4107711575498,70.9712881892326,62.5736115299833,38.2766089613894,-19.1669323171186,-39.9542439118814,47.2974261810926,10.8875222332874,86.9978358671244,63.0493207241845,57.8839666447813,69.9719437446833,77.8278672601942,60.1438324590727,1079497.89636143,48292884.6458139,365771.720321264,27183423.2200048,1190397.35849071,374.0,99995796.2602179,62667173.7747879
A1620,78.0,1,1,425.12,913214.9470531051,300.0,1363461.2538651512,165.3651281256118,783932.9884331914,28485.02666666667,639132967567.9459,0.5357123380219351,-0.18343158222667327,-1.343666928727697,-1.8047643460572904,110.512518464602,101.028147428887,50.4598411399389,23.6645298261514,-65.0742679308427,-76.0789326377219,29.1624280530138,9.95388918259522,86.5805467223132,72.5257291319137,61.6635064492027,95.8701392561285,74.1928530431586,73.6207826329503,649994.103963087,57239313.6968001,268479.778718979,13040160.8019943,610141.565836288,254.0,89139904.5728548,56221184.0421453
A1624,60.0,1,1,453.04761904761904,73731.4974919391,420.0,37755.72430928327,157.58005560001084,105429.2330318988,26073.04761904763,11644624281.394156,0.600694532947445,2.333986573557591,-0.6933849001278061,4.010010395523005,14.6204058711965,18.0441946381203,4.19198214500757,-3.81891190869091,-6.02080620689345,-5.67297664293511,1.12912953598434,-4.4265571081377,73.165244956761,74.9395948848368,83.8393252401688,92.8901614400785,76.2371102828013,80.6662628522348,948604.705574247,52763189.3971125,392033.155372821,24872335.8968717,1331625.37502805,356.0,102085783.382076,76799655.4592894
A1635,79.0,0,1,459.8076923076923,1516874.7546452445,397.0,2252649.7216538503,148.32980903554318,1130518.664375412,22433.13876319758,1302650766856.9573,0.6964974297153974,-0.5482254007281085,-0.8712332726550605,-1.6455900985841203,23.8703775446557,32.8545426562439,20.057980783541,4.35734414549236,-7.24163733661397,-32.1590978312227,14.3704752374012,-10.7771362021389,29.7626363750513,36.5385434131541,47.0318184866868,56.8379775671507,31.9150533014508,41.9249816365881,1545818.03664705,45699759.4973879,282165.559486502,23275027.7614204,1807458.38334616,402.0,92271424.8782165,66462444.9339337
A1630,28.0,1,0,313.02127659574467,38702.01033648721,294.0,52879.74460685928,33.17746566809372,19825.6905258768,1124.6734505087882,401420941.1007738,0.23098262147452728,-0.022180321900550234,-1.687385816666441,-1.89297626618323,30.4554297862609,20.2567287964465,20.2645775528531,0.511446143926417,-12.2209382658557,-12.4729872219151,8.81021100059026,-4.99149060765268,65.4870956254139,72.248661398324,70.4778479949532,87.9919100398534,66.4529434822543,78.6636609650425,689043.102755823,30866909.2208754,368082.876558666,21664423.5123358,1023487.60285685,364.0,77682410.5906346,51738012.4666217
A1626,65.0,0,1,522.9268292682926,434048.96578161774,546.0,488676.35150991625,150.53796057099115,210441.22546112374,23228.219512195115,45365643748.54487,-0.1666701742214186,-1.0947247411010392,-1.0498738559377183,0.06994762248457187,43.2990869907712,48.1009915178217,40.9385801930329,26.3716620808244,-22.4225027974017,-36.3368331792316,21.7007318149788,-15.179267728239,45.0873451576373,51.9382705564576,44.144314165223,51.1636300213422,40.8539359679321,47.4202628752516,644545.64188515,16425264.172103,310173.618296576,30510355.0729417,895904.7499768,372.0,64539033.6328794,43243661.1665786
A1627,41.0,1,0,429.0,299758.2491416641,358.0,100400.04819141117,117.16512564183365,224592.80196294733,14201.034482758621,52123324250.01994,0.12917204082801334,0.1219637500124012,-1.9150641191232312,-1.8682369233732903,81.5817791012379,166.754326583773,-25.4687378030895,-114.120475666603,56.2414386921716,59.7372804582601,7.17078607777936,-82.3488606591949,74.6980671188773,102.106875911645,88.3968843674426,89.6532546489383,77.3659468022608,140.244028826619,357765.683890199,31653977.0961998,246445.044208391,26520986.4169064,463192.269380707,436.0,99306031.8035098,8427009.03730495
A1642,52.0,1,0,454.76190476190476,171698.5030579766,308.0,147311.69187155523,165.07830890993026,154472.68156767616,28613.390476190474,24998085986.456707,0.13820675242653527,0.15277647238247274,-1.9203613155241692,-1.7472704595581565,26.8184518288677,80.3166010958828,-19.306291036325,18.170957206784,-47.4095921368459,-64.9761315085502,-26.7810739783727,-20.0407882470943,72.7042329836888,68.5575678976643,72.83764523847,80.779434312203,72.3503933435987,69.1663921694934,898766.820256746,28297918.6083049,331630.797327626,23369333.5140125,1204059.89752868,310.0,76103506.6535252,39615217.1607241
A1629,62.0,0,0,533.5555555555555,211502.1579143488,635.0,245494.8061037301,152.69076309915565,92472.05446565789,24685.908496732027,9026140904.716242,-0.8132034824038858,-1.6586486099893218,-1.191163233649277,1.0958567050960246,151.10149567494,161.035752353349,94.4352951588337,97.7053596435415,-59.1729745795999,-62.5911200275368,43.1604707094117,-49.7851184709642,93.4740058613848,105.590732596763,73.7833076487546,74.2318789219877,69.341555729154,75.0682048076324,674282.811220207,27339760.1813751,559754.713608766,66348778.1400991,327283.901166887,338.0,117642024.6262,41456258.1615294
A1648,66.0,0,1,504.63157894736844,144243.60942523286,508.0,146614.07715006202,141.6950805246087,41610.670795371705,21192.912280701752,1822576762.14821,-0.009407005047343682,-0.8553158904304397,-0.6929566988069205,1.3062764606081965,103.005559045724,86.8717098414101,58.8594134266815,38.681532790206,-35.8809161218198,-39.8424456880045,23.6401274123634,-19.5383823480173,110.445246577243,107.693400616777,63.5237440015507,66.8131373134127,91.9565069740291,75.5018378128401,558213.994060781,19817689.4584211,391024.160460241,50316558.1379379,605193.385231613,392.0,91997693.016093,55075678.1544867
A1654,80.0,1,1,522.188679245283,351702.8807325399,514.0,419041.87653064134,181.7280838935306,167494.88631004523,33660.19448476052,28583867825.67564,0.7627301397008606,-1.311402189815643,0.25246020982452233,-0.0024999645116712266,112.205054234039,103.491879053326,70.3321578170787,61.049856677247,-46.9673220294871,-51.6201888864087,46.1795904088151,-10.0303455374442,79.2994914798076,64.6553441816141,73.2292066158705,75.8722716385856,70.6544728357001,59.0882285067406,1164495.97451089,49258682.3531476,489725.616114281,65420665.6408692,1079275.75796484,352.0,127919698.132523,72129033.5612507
A1649,65.0,1,0,659.8571428571429,1381397.7843292216,659.0,1380297.2493940124,4.7487914681699035,96950.08847278358,24.285714285714292,10070699630.229176,-0.42731247614978274,0.3924426603011018,-0.3443680514321885,-1.065422177502162,160.771196495657,167.301187918064,37.2368041867654,30.4110530844015,-131.419672400456,-136.379580423029,32.8540529663422,22.673386342229,68.6755246870557,70.9811363574003,95.5465421210942,107.111484919042,63.4252156219507,70.3083330617221,933190.828050868,48287604.8855232,246247.818111742,17988877.7513832,705358.727632629,290.0,84808985.8681265,30992068.1204432
A1656,80.0,0,1,492.2,1167902.6384994206,463.0,1226921.9480405184,111.2904308554873,369895.78946793434,13037.43157894737,143664039819.4117,0.7279495058880319,-1.1715180402706855,-0.3954448121654055,1.9082012774258663,60.0955952751831,67.0521587956178,78.9074150090994,75.6511876824361,48.9144443103685,155.986345670443,76.8476507218054,136.835372974548,115.488326703888,130.236247836305,62.7935338660088,115.081293271352,112.282343649142,124.898417299463,454645.592461456,14020263.8177995,35405.3651208237,31561119.1519789,473293.257853682,376.0,102140733.057984,39213819.0897215
A1653,92.0,1,1,469.23809523809524,534401.1489785701,484.0,553462.0426518784,74.07711860712311,117190.26935382259,5761.790476190476,14387538242.232037,0.23945229537170298,0.8602917837796191,0.27587827396711084,1.728621739257349,68.0900623950288,63.3591207410853,75.588849160168,59.9940824548889,-0.937325709971201,-8.02625667868072,55.4704924922116,17.5848052502529,46.874629388599,60.3334461532573,71.9836297511996,74.0962351870962,47.4694484769203,64.697788983776,2015460.39670948,44798616.7276629,638723.600107186,63151161.5212964,2330402.02779633,340.0,118884162.319391,92369318.7688969
A1655,46.0,0,0,438.8888888888889,1177690.4510388395,350.0,36473.84106986165,159.39453341928203,1245713.486544393,26383.79487179487,1609276242060.7573,0.21731744148995896,0.19399486099031862,-1.8288690537367185,-1.8998340905049813,39.5661593548072,43.0997273969968,48.7492059935907,39.207353327488,10.7770993752237,-4.7102975952196,31.2964429849753,9.78559847754574,35.6078402790975,47.8299410105272,63.7879031534305,70.1440235223332,44.0007560411,59.773564029947,472883.849032755,15849241.117247,262583.331062857,24510137.3441822,695711.179252706,378.0,64830127.8202721,37672746.28176
A1665,77.0,0,1,416.42857142857144,184660.56985351758,399.0,194861.04898989934,91.56370222214613,73226.51673874218,8588.397212543552,5489792343.062844,0.47670315936949453,-0.3556269893212065,-0.13500970501228515,0.9804690522055868,122.632505915606,154.701907496046,23.6881205004031,-6.39034592507081,141.303991189135,146.382672774829,59.0087235875159,129.270027310001,62.3472464987168,61.0103021853284,108.985764704049,112.516759485488,70.1250114754911,105.479064734584,805738.484861933,32752211.7166627,440342.914973965,73661989.0373401,678575.136534131,394.0,118774160.386989,46220783.0091806
A1668,30.0,1,0,446.09090909090907,75780.94400279895,330.0,43701.19704984991,154.64502140265654,48903.190655481776,25053.896103896102,2500227604.2994184,0.42783781849723035,0.21475570945537753,-1.705481107970276,-1.6593486325187299,19.4796375216738,13.4434694923018,40.6972930968724,24.5251483474823,20.9234549220531,18.8994833468503,35.3886075232489,22.1375473171954,57.0850424008511,56.3943064758445,65.9801208125902,68.8821786068482,59.0441649706418,61.3192098916791,980344.092474467,39743496.6152024,333726.448276637,26170698.3123622,1299741.27353635,294.0,73194873.564489,65480396.4436853
A1674,14.0,1,0,637.6190476190476,4049138.5746988114,644.0,4226886.402325345,51.42028151881243,884262.4778198147,2776.247619047619,819154421569.5638,-2.275981222653232,-4.3258363673358105,6.462297708533935,16.83511278123194,72.6408292586732,74.4269756525983,59.7398152001244,52.0713166897232,-26.071360348149,-34.6202923921487,29.0553705679326,-8.07054425522003,61.5466259764103,62.2177711596485,59.3158293088169,61.323375089422,53.1521946654165,54.5863173078607,1062228.533855,40834403.820971,675477.935050344,79897396.7585454,1418715.8471117,332.0,141404692.720747,99009185.8238968
A1667,15.0,1,0,617.1304347826087,611988.2350102494,642.0,634037.418965494,94.19651260406346,123068.77712587755,9276.300395256918,15804442333.835396,-2.824803860081319,-0.7594537486710096,6.481957026206528,0.2208964652714851,53.5856917746627,126.048191208186,-31.5440298339615,-102.535098872906,22.0255889602234,23.4520557759501,-5.91073081157437,-42.9916157307062,81.9635735876977,94.7945705323461,87.4659019924794,87.6663331970606,83.9487875081787,92.9542499247496,333284.756015566,33577089.2737154,305035.459390102,31490786.3102866,569933.774898308,372.0,100575914.603462,29574317.3878296
A1672,25.0,1,0,379.0,308088.0804226836,372.0,41148.12863492213,103.6239503055306,288125.4511052673,11167.44,86209209250.56044,0.08511889669893523,0.11681738533346482,-1.833448972752345,-1.9303740076939149,67.7697398561046,63.0574073464646,29.9083435649029,27.290566760634,-21.6172823385574,-28.4776537166131,22.458462621198,4.57910340355821,37.3168039327192,40.0113816172943,89.9163943274624,82.9382911922528,40.6204188655737,49.8421725311301,865615.119900294,25351414.46037,97812.4211255722,11625139.8929599,907150.252062664,320.0,59328542.3503073,32325009.3255744
A1661,85.0,1,1,406.53846153846155,571004.1055144278,386.0,945825.1324676725,141.05488041872508,505019.519406654,20692.33846153846,264854127096.40964,0.575312626150522,-0.05144270721335283,-1.0084689775515026,-1.9616701948190152,153.260776689557,157.850202025452,48.4086179851101,19.5127807367772,-121.612384403706,-176.673744471276,47.9753766132181,23.408066651872,47.3806850241936,43.8764485050197,158.842219972096,156.547517600737,49.7373038897305,54.2735398376612,1589143.42218439,44756478.887503,135552.110355,15421100.0263858,1469353.06199399,258.0,93933468.6481472,31023141.7986318
A1692,14.0,0,0,407.9166666666667,1927311.4020920026,338.0,2907941.7952801744,131.40202835403858,1800730.9277657762,18017.21014492754,3377741535637.7017,0.41250562128245805,-0.03506062101237352,-1.5386058660680455,-1.9472358664015426,164.31677005171,174.738905519579,43.3420290603194,54.6157059987953,-121.039776623801,-130.574759588277,36.7064526410944,60.0595646349887,84.7938007107787,81.7125662581108,97.4536921063497,97.1796307778387,85.8808845696027,80.6290839587617,1087799.32961818,81403440.631356,333362.946515512,41739003.1349482,772123.808470791,342.0,133556302.098926,40023684.3811185
A1685,14.0,1,0,347.4583333333333,1714565.3596116235,284.0,95615.23570995475,89.4564508418606,1666525.1640482969,8172.7216312056735,2835166666622.9985,0.21244037912745117,0.0429498686101365,-1.7473197338298736,-1.995059177962088,53.6335064453095,44.8945293919936,31.7348697371685,4.11578800339673,-20.179142568951,-24.9549526898243,10.94150638095,-12.5901378351597,44.9623973736804,50.8455155630749,76.1151268048062,87.1408976944027,52.4394639446074,68.7739707897344,871555.699597939,35630338.4614412,435755.83250863,37136478.2107903,1183164.66673456,342.0,92883433.6693262,67255833.0937182
A1678,84.0,0,1,466.3478260869565,735071.9733060555,378.0,1081024.587502372,158.60550149339005,554590.8897837787,26299.146245059288,320943709597.73566,0.5994903963328937,-0.4309708166515182,-1.2023930034165484,-1.6739535007828052,168.088371914587,147.708262682318,-111.119357121523,-111.856255649068,55.9796232215548,53.3489658596053,-108.459787792841,-90.218981265199,140.542915784783,127.492149891429,47.4501407311572,81.8883568667874,141.761028406056,147.64046450397,564182.102490919,48685747.1806049,84184.4527076464,24226916.4459747,482123.60241346,270.0,103294949.273206,31033557.3852825
A1694,53.0,1,1,485.8181818181818,653154.188252183,477.0,629380.2288718167,104.55952474488411,164997.76732601077,11453.298701298703,28461729732.685135,0.5841497200735469,0.20121374277811332,-0.07340817014425882,-1.0118819813616047,54.015454678244,53.1171467360959,34.0870074619356,11.4166798605606,-27.2872689273962,-38.3161930547002,14.9624639466735,-12.5788560409378,61.225056806808,56.2055077943298,64.2019777570443,83.0875317960802,58.9903665970447,65.9864169073314,693871.2727055,36706951.0886942,329158.991035243,28776554.1195961,926388.960740029,372.0,84074616.9074259,58680762.8441962
A1684,80.0,0,1,420.69565217391306,95864.0665932983,400.0,104436.42822055139,113.21792559815157,39113.46944032463,13400.948616600792,1596379295.644392,0.888996897838744,-0.12324902504832409,0.3752636574472934,-0.5639601390584903,162.638848038937,137.100372837704,-154.94968445223,-163.590008533189,18.4987030780248,58.2894270748601,-151.763417117493,-174.393803240269,89.0142211093365,96.3782921897208,74.8790025718499,69.7080957804218,81.0695369735825,91.6811657794572,778455.103033465,48322071.0401787,264947.035163915,12067658.8569063,531491.1062425,358.0,92593104.1714382,40327460.1088247
A1695,26.0,1,0,489.04347826086956,356595.5541493607,502.0,411782.7312973663,196.14268946708145,300081.15462565597,40220.67984189722,93963860203.26976,0.2570553047783922,-0.03051393619809777,-1.1313938861013302,-1.6950716733061038,50.1855469396782,152.764410560051,-27.9887857110386,-116.575669201924,23.4193467627359,37.7418331415198,-12.1647803737565,-54.6063283223127,69.7220748335504,105.236759704945,79.0463148656293,84.9982624461534,71.0890668393808,114.214410525836,836058.480274956,43819665.687199,374323.652529432,37493935.8933058,1113501.77645358,380.0,131175790.407588,20107708.4196804
A1712,72.0,0,1,375.68,332459.37649296026,374.0,334045.0612124452,55.540054015097965,23308.113583809012,3213.226666666667,564998885.1891718,0.45092538183215447,-0.5969416587519596,0.30675854121489543,1.166468742633243,87.1101204630855,128.568548440394,103.304300451939,115.325869308906,-168.22809485339,-120.255289818672,119.199476987677,143.813489743738,56.9860185653179,55.9872761823548,87.051914933319,108.746386427453,57.6146859067818,58.3071506803036,1058131.70324911,34770905.2746145,255036.752084158,14595504.6887305,1100862.16453447,288.0,87845601.1058277,28093481.6461532
A1700,52.0,1,0,797.3333333333334,728365.937877519,886.0,837915.5359426569,209.65262274110054,312201.16146988154,47950.06060606061,105592028991.7383,-1.7693739765468572,-1.811518367735059,1.2340376418490502,1.4721329202415774,57.3637838737458,43.3148892554905,47.3871187812587,19.0781682512626,-17.1384016830625,-34.9686909429394,36.082789313954,0.557588723267047,68.811683888617,57.7076555941112,50.6037795440795,46.7013653627448,62.4243262490733,50.5314613774283,572536.875357214,21106361.4946298,169061.697381422,13401239.5787139,678810.000100443,264.0,49220417.5426327,32197421.956233
A1699,34.0,1,0,324.8607594936709,535572.0415314721,328.0,420853.04364518705,55.946342778677185,459175.64727013157,3170.1213891593634,213511164603.48788,0.08454807025759375,0.0774935171169515,-1.8239400963174388,-1.8939929768130028,,,,,,,,,,,,,,,,,,,,,,
A1702,46.0,1,0,423.30434782608694,541845.0469857121,474.0,450627.4005945912,88.7274452822451,534327.341895169,8230.403162055334,297918999961.8331,-0.04835504314754572,0.0939889897451081,-1.9316764570665879,-1.8738140453371854,125.515802485703,156.924473057857,65.7605101592286,82.4196602833254,-61.7819114064479,-74.014671359449,54.68016619022,55.3004153256586,93.5464498306059,105.217434112247,66.0499008703577,69.1671859195745,87.8416634039549,95.2871062587375,891268.338445668,31655652.9029766,208960.133983052,19256284.3385308,788441.656351469,350.0,69187565.3035875,15852097.6078915
A1698,70.0,1,0,426.6363636363636,218437.16427044023,330.0,44989.61148410729,161.4591266753814,208258.15371594054,26675.30655391121,44357173557.108055,1.2482078360288638,0.24927695596329574,1.262304874042984,-1.801830340565084,55.0121942053342,52.6824987681119,22.8377328416724,0.377721295069994,-31.6646455222195,-41.307660346544,6.62028262493047,-33.5918921954476,29.0330518327638,22.6550850430321,69.2417198427254,68.4720275398691,33.6712969731384,50.8163049678578,811805.159811064,21458744.3248936,189922.869313913,36978873.4780105,933762.817482696,416.0,83429887.6633168,52820719.7002589
A1713,90.0,1,1,412.8484848484849,824500.2148152845,400.0,824253.67151778,72.99154007107084,203277.6835172117,5494.257575757576,42573992877.21834,0.29483632860648057,-1.4793137997416643,-0.7044556525047243,5.525542153369733,161.228961394881,129.5047493091,-28.2690921177075,-17.2628484411251,135.070840306702,159.020946862284,-22.6225251896475,-16.1643107212671,59.9968424533438,69.3111964076006,108.878275029115,60.3205780846411,57.0924542494968,56.6700488016442,595218.640281393,16724655.7851185,141215.082444159,4113477.27509994,463746.198759454,306.0,50291039.2094686,14460501.5960901
A1729,72.0,0,1,460.2857142857143,99329.3936049881,424.0,107697.19041836596,167.196816686814,55819.21221527045,29352.514285714293,3264155140.5397496,1.8967503513946375,0.8864220244815023,3.340598760636964,3.2641988830270217,88.8751796517114,95.4993532318294,72.9593711376964,81.7421776756317,-25.6129798630646,-31.0061775016629,42.9505531983718,-4.5136812948535,79.2394060514955,70.9460192058815,47.1466244270529,53.0479427883463,57.0512736554591,45.5490240122694,463812.136301073,16190988.0641104,333960.22799897,42838949.1806134,576829.675470416,368.0,107229888.46376,44321338.860915
A1718,73.0,0,1,437.72727272727275,24482.114620981545,410.0,13834.957791961528,108.84734172984149,36636.75611473132,12123.272727272728,1372757623.5787187,1.0930158050316792,2.798452613052838,1.6718556938251323,6.219370117399285,26.110389457275,105.985245249736,23.0119344701697,12.8876327686438,-1.60839068449174,-73.2688081879123,20.4680509666409,11.2487848548797,73.196341381249,72.4476813297566,83.3335309229824,165.259691703433,74.0980865366396,78.325934406508,1314166.93232627,64139805.5068806,149578.963833447,6905375.60211912,1449976.16831997,388.0,111885273.042552,62591160.4851005
A1714,69.0,0,0,444.57142857142856,315177.4852884061,410.0,435994.1655329757,162.65785634666565,214016.18221930295,27780.45714285715,47984017977.99855,0.8286346520939176,-0.49490539786783433,-0.8355750667337949,-1.6576942838387732,75.682995358915,77.1938265751815,61.1027568522331,51.3049690920882,-20.6083697382974,-27.946447785407,38.2810030947843,9.5793055474546,72.5530618055414,66.112950850923,66.079771466552,82.5403907609855,65.973777966409,70.0349832897495,526096.24424734,18200058.0128345,248732.778767639,18338475.4539662,635109.286003091,348.0,54843223.0754287,28556970.5235258
A1722,44.0,0,0,382.7368421052632,105657.64968936231,355.0,92566.68627255375,122.03745848811435,65932.40276847986,15295.6586059744,4461478622.583605,0.5163215340287416,0.44091372666467876,-0.7103235657274576,-1.378666859880311,78.9310703091154,98.4679715850198,34.1661080507507,38.7139928948738,115.481951468324,139.520461187075,48.7602443749696,106.355898238499,48.7331870772208,50.2859377337002,83.0924605825414,90.2718047938748,49.7590366644945,65.3860643261636,675988.173476552,10606157.2612939,140391.621412426,13793109.1021985,716317.432283613,384.0,65694358.5744992,16113831.3560841
A1725,71.0,0,1,420.2608695652174,508367.25606165145,336.0,407716.22862374067,175.77387088586397,491300.4748937094,32300.837944664032,251870772136.47067,2.343541877643223,0.05253816916255755,5.486745316002871,-1.933590512545452,55.3249365344963,32.2918852700594,49.0632751890474,20.085135974398,-6.76626923381114,-13.5341270266821,33.3588537758771,1.14240290859668,82.4570440977525,74.4521390384046,70.7286476864147,73.531709119964,77.7279428238855,73.2673207344881,1237752.38106857,39516361.0138044,545953.179444026,50864743.05741,1612141.11043845,306.0,113625073.492312,86873494.078576
A1720,68.0,0,1,403.9166666666667,2095025.4061350494,401.0,2686067.9495291477,126.8023122379434,1266423.53132568,16777.905797101448,1670654750724.3806,1.1949257901927421,-0.9112723736164492,1.7323708369374202,-1.0634561262100088,117.090107239002,89.288526284818,46.9238947062427,-6.89775311383982,-64.1229107896902,-71.4386880756565,30.6840434422505,-27.5020618193254,41.2419315273309,42.169658540485,107.809729433463,110.379614109729,41.720281849436,54.8684796629079,530013.619486634,25175001.1645937,102995.255980775,9144027.34398881,491735.560357226,306.0,56413629.5530377,26890720.3178613
A1732,94.0,1,1,429.9130434782609,73683.72544224124,320.0,103945.3565651432,153.446751291911,55991.44735234836,24616.173913043476,3271348358.2025723,0.8440083093656783,-0.21398426527238076,-0.35651014820913485,-1.7841400054506824,71.1974501588392,107.375552765624,96.1018010685246,97.5449519524577,20.8394274343844,-13.042086554663,91.1240951027389,85.6778855812342,74.2668348178821,74.9877659700811,70.1766092770718,81.6913523369731,72.9564395217226,72.5029912271316,1322759.53876328,44715795.6021491,124744.593728397,9080771.15531832,1368071.69785803,378.0,74181342.7316098,42888694.2773159
A1736,41.0,0,0,520.7333333333333,231185.89977243837,355.0,292031.1326143149,281.5535394122325,181917.9312113239,82005.92643678164,34197271486.08158,0.5473488346761898,0.0838488949173226,-1.33304780665701,-1.5882849573181734,50.6304028330719,35.7985587512922,58.4295982339006,29.8442763586588,6.22595321397247,2.75217185544635,45.5683730280091,19.2591881048206,54.8342469782506,60.6326792142116,74.8219747286506,85.6170510273345,57.3140139812104,69.0936418994703,871838.556230785,33510869.6130946,259290.811548961,18936475.2351273,1055520.14692612,250.0,78829612.5033409,50109412.9066523
A1757,69.0,1,1,506.44444444444446,126295.22684544754,537.0,126649.49213045035,100.70982641134114,27878.724453253915,10739.08496732026,820402348.0927054,-0.9415318878398987,-1.9259475834659279,1.2589234187371492,5.0556361043044085,37.3890694389536,32.1822064528684,20.4727778152092,-5.80756362140135,-12.8869270091012,-14.9960016438959,4.46652820330391,-12.6444759152892,22.8240362001389,26.728341315283,54.9528485098915,58.3779583558835,31.364449008781,45.89333768561,1258917.12227921,32625728.1803168,551449.369203594,49997165.2541288,1729780.62476691,408.0,112355758.569612,79531784.379218
A1753,71.0,0,1,394.8,1027100.2943377598,344.0,42916.536276638995,163.46686863966394,1124987.5606201238,27507.34117647059,1301756926165.7312,2.5659055804328768,0.26904227243891404,6.400707444624382,-1.8686597390452315,61.5275301095042,63.5238459285972,19.521685672053,9.46729368701154,-30.6374369275139,-42.7492174609104,3.18286646922501,-21.4202432880496,51.8183518179356,57.3387834274465,92.4473704799753,97.0345399038637,60.9961387637218,77.8737010473985,1081979.33807513,32686111.4942255,430257.665357834,39132764.2832196,1341518.20196958,336.0,86032757.6736633,61157694.2174697
A1740,60.0,1,1,480.2,30140.713599419018,471.0,30609.097327157415,68.63789041047227,5474.792649409563,4959.115789473683,31472022.281730432,0.44083960819300955,-0.267405619876891,-0.32186343256657723,-0.8722069135437729,126.177315181634,26.3377873038162,161.439115634113,94.7993421682139,34.6937295819249,69.1406608004828,150.599512334082,80.1338712631655,97.1434952518202,45.9135669086642,64.8895222760072,62.3859201711718,91.7582925558312,53.7803915254346,479544.479141619,5539045.85852605,109862.538697642,5961348.49738347,424070.097037804,306.0,79700360.6820055,11198378.7118246
A1761,87.0,0,1,458.0,582579.0546382734,426.0,848717.666448578,144.17846084429038,482503.6480622745,21826.800000000003,243895949935.94626,0.2610272307693588,-0.28565425134988276,-1.5667742341615627,-1.8096697773726744,172.744116885537,161.386639096786,65.9941985806531,42.7986014715185,-112.272357135542,-118.030155821591,65.6461571356077,17.3567840513486,83.180204816695,75.1422706803182,103.872736343442,107.71529614922,84.6298912307964,81.4981356483349,1036060.43194664,33669376.3195667,177218.161758395,20897347.3794013,860552.570973014,350.0,76554379.8476463,15386025.7030323
A1774,42.0,0,1,533.6666666666666,1659951.3563753434,560.0,1942114.665490751,147.83662153426894,725862.1909715809,23141.29411764706,556146804742.1785,-0.40054836185880893,-1.6942721077649168,-0.9777585987499773,1.1531958627087233,77.7574691348386,75.942476998792,-25.2854174698299,-2.77422690197436,39.174125815506,38.2610133570519,-7.81432619870618,21.4414604566722,23.8124193392931,33.3534226118355,87.6114538248973,101.307037034282,28.3898701230688,61.4234586158918,887052.386158252,16733272.0904881,147174.58364007,13299336.5694735,929456.446152604,326.0,71867997.1801191,23769382.6477151
A1765,80.0,0,1,439.09090909090907,482307.7357458953,434.0,554136.978690836,95.30568479224631,184911.2741942618,9515.705627705629,35746369293.424805,0.04449097429087554,-1.6651261943956535,-0.1320783144328903,1.5026758671213374,97.4853927834565,92.8299959161988,69.0712788813754,53.4769705359542,-35.2419266225046,-42.674530069533,39.5482327943376,-7.84351985091756,65.5712142877476,62.6390712204173,77.503814792483,84.3392893795155,60.5306692738628,68.9561733324515,1293630.65253004,44754141.3510581,616061.188442987,61352616.3239449,1358442.99554507,348.0,127124198.759386,74134630.1054406
A1764,73.0,1,1,456.42857142857144,107849.99440831749,409.0,109528.79940417742,185.51346284827736,54784.48348115706,35689.8835978836,3108530331.379213,0.7395723910301085,0.4829852824080468,-0.6320993006200997,-0.3441801612209945,98.5171819136811,121.386637856726,43.2980518241343,22.4721006034188,-59.1504339485505,-95.3387520285031,35.563311783879,4.86593997257335,64.4396683514909,65.4403672701584,83.9753001094269,105.664891883294,63.3125517454783,67.5794012293934,741970.108824228,24193215.7062398,90894.2048596395,7023587.03368961,734033.126483826,276.0,45237809.1242782,21392683.6425933
A1766,60.0,0,0,349.92857142857144,863638.2459758668,325.0,1312461.0369849494,119.07678452261338,710854.190066737,14704.439153439153,523360596661.7022,1.3832069965464555,-0.3014088731463311,0.35179455062189646,-1.8486747432483053,15.3552495089621,6.77364376638648,2.03356808608222,-13.3146516056794,-7.49557186803066,-7.28552706301079,-2.77988672528214,-9.8288224623131,73.5167965824109,67.3922671832888,60.9029659931312,63.4104443049652,66.7794001699404,65.0298205335258,320684.200827757,19187750.8987126,359197.264652852,27141395.152337,673806.278764206,338.0,62721680.3429066,46250616.3883561
A1762,83.0,0,1,708.0,1674715.849772884,691.0,1886224.5269718554,105.1719680197288,672511.2522568494,11912.0,484576483298.6526,0.6370779142881318,-1.9145110729999633,0.9555188780468917,2.2256086078207993,69.8598562808275,54.4937811032509,60.1666089747118,35.8962448208951,3.19646622494867,-16.8442212184547,45.5782406198808,6.43347165448137,102.566090613732,83.954559066928,59.0426630887753,61.9279198145205,89.9431239799533,69.0844550713057,829062.28284562,26375788.3381721,352594.595277648,36997770.2008937,1006464.61892217,354.0,79171020.714105,56551235.4262156
A1789,63.0,0,1,382.45454545454544,184474.95738294302,318.0,36987.72580737909,109.93540552719925,173159.76236681797,12366.858350951374,30665764741.63589,1.6484081546268972,0.15854223793982805,2.4749126672314015,-1.792089520501324,89.9112239638795,87.2185322304656,62.3148400784231,39.4233081591189,-34.4437994055789,-52.671229398903,48.1533000108203,-12.4060089827275,72.2611033030185,62.2177751057351,69.5279719919212,80.0701268203101,67.6368127215237,64.4305407628437,770976.492722966,19273711.3455175,193379.657465535,21056939.4189784,795149.330605254,354.0,68326709.0354883,29227714.9978404
A1776,67.0,0,0,477.0,735856.9200814078,423.0,1107449.2569883594,180.01166628860474,696604.4845377383,34109.68421052631,509520698271.9925,1.3451421398114793,-0.0513382459969701,1.1591270465782673,-1.9469813542066794,35.6699919939746,97.1563502362086,8.12094918561162,86.2615346617991,-4.50447039003189,-4.5730746611815,3.25436734027991,21.7915421017802,114.560620513597,122.023094592814,81.0844884128537,77.7500767239116,102.482937013869,94.6781248370864,539304.428735112,18812005.2266189,312003.53202235,33163877.4036788,813380.94994058,278.0,73253295.7088698,36031817.6515248
A1781,76.0,1,1,459.11538461538464,1827260.179622352,421.0,3128287.630523399,176.39571487100267,1662509.9439348152,31725.555052790343,2817091992791.4146,1.2967253387245565,-0.16950975363395437,1.5051092701306548,-1.9436023866375667,93.8599467941672,102.779730682083,65.0218759728423,64.9493332147091,-37.0940846246015,-44.9538401187282,39.540386410854,-1.158122315642,71.2602945100936,74.2482987898974,68.519999506678,70.9666424627342,62.9449397763459,61.4951272993026,890504.627644924,30292764.4190615,400735.781464896,40743908.218722,951599.689828129,356.0,98313909.1088817,45074146.8304574
A1778,31.0,0,0,327.2888888888889,667988.5362016693,272.0,27525.84234128429,65.87821161379611,703293.5029542975,4438.573737373738,505613345771.00916,0.1483540377035005,0.313926883361191,-1.831917330615861,-1.6393976663028007,86.6264701858719,110.915306729494,49.3137480499262,48.7442528552878,-48.2800609945299,-67.100726118157,35.0489379023957,-10.2686406555603,67.4925880809388,77.8308807473582,63.8899803232773,74.9862139720904,61.7626445750184,65.4844356596825,953626.178701137,30804997.7618645,243397.193922398,31929892.6239829,997979.052187138,406.0,87510246.3648974,35583701.3934191
A1777,66.0,1,1,505.84615384615387,423737.6041800846,473.0,618620.2767436275,221.75171360151225,344522.6053258085,51140.775384615394,123261049641.27061,0.7251130042315018,-0.306644305640918,-0.5779640178080556,-1.8166138935962315,22.8991614160382,45.2210204135525,-34.5516408453927,17.3642736369296,-29.2928759586035,-41.8355483234223,-32.8986247998491,-19.8926433186932,72.8162424346727,52.1511508393429,50.3775499801389,49.934718781269,64.69654923415,47.05227691154,591283.879502131,18893611.1252124,336382.07695735,31581597.8929658,910612.086614169,392.0,70823139.8905471,46850316.1458915
A1780,88.0,1,1,727.6363636363636,1558060.5385003693,719.0,1773200.5686549225,246.8408661934658,626225.1785632035,63831.86147186148,409983336733.1759,0.4390363961901516,-1.878066618083398,-0.7088002969793896,2.0244409741424105,86.933607257776,145.982761774473,-60.5899760359594,-111.563526921904,28.4364066810505,34.9703253413017,-35.9813806990282,-92.9083572793459,17.2434433111145,74.7764695737536,87.0913722276484,96.292530436808,18.8592014333204,71.9668725754445,481053.776786481,30571761.5272749,65919.9942172578,12027019.2169933,489030.498169466,336.0,73934677.9000733,21673776.6660082
A1803,84.0,0,1,475.9428571428571,202838.50869011527,446.0,236226.89663167397,144.7034292923965,121552.84427880707,21554.93781512605,15197239493.761288,0.5839088027903103,-0.15077748874231203,-0.49449061498242086,-0.890450670939273,41.7433469580418,66.8665629394295,31.6066450831813,18.1307753654362,14.5398766873939,17.0846027905016,27.7495391033619,17.8031663858594,51.5288871349738,61.5613843345603,90.2122731914945,128.420791934143,58.289934882745,82.9545082152904,884747.482258998,34048178.5055498,203909.197314851,17423004.0357411,1045741.18445418,390.0,76804303.0014713,43919949.8344867
A1797,85.0,1,1,442.5833333333333,310855.46661204624,407.0,311356.4476634951,73.43132657267076,50867.706701445975,5626.601449275363,2695337067.7753453,1.1340471082388859,0.15726689091310267,0.4570709031235354,-0.885132628815958,59.3836664030103,51.5771486751868,46.1038639211173,30.2531470560952,-24.0451875148611,-27.3556484328043,22.3854301206351,-8.58127867371389,60.2528187177355,63.9703312534442,58.7849448697693,65.0765487799543,55.0322190890094,62.0218215570937,666029.462791708,16082156.5365905,375377.41187541,31047262.0254946,916056.482322438,332.0,70578197.0887373,42932121.9671455
A1795,69.0,0,1,475.8857142857143,7725416.36731951,459.0,263731.6680036418,178.09592462307197,62935526.56540505,32177.841821946164,4017464511265730.5,0.8534957070035057,8.24691690431491,0.021597047418427273,66.01254473780327,4.08915697500646,44.5958778814048,-44.5880807041415,7.44358634099444,-42.1763536716676,-49.5802775734843,-43.6729372829326,-36.1034869060417,50.382556700505,46.2951552904788,54.001139034743,56.0806073377294,51.7082246256257,50.7241002910205,787447.666242175,23312998.1309042,458508.691751389,60038793.377384,1245218.44863223,400.0,105352389.985028,78367833.4773211
A1806,44.0,1,0,535.3333333333334,248315.324643459,484.0,310833.8789382088,200.59836416008906,133137.11829980064,41787.38461538462,18381991982.848263,-0.2223678720350972,-0.8595719073010932,-1.6607832708668664,-1.017521443371684,101.338646407731,158.15096382954,107.004949557091,147.862579609428,-34.3913368238619,-36.4824788426449,100.03664297461,-101.063734940467,60.288515977141,102.1986258738,49.6666070952342,99.2194575879456,50.7082202998205,167.673599747247,325031.709079957,6716460.82300415,62913.8605456725,6871070.13056305,318689.364583048,286.0,43964871.2878282,2579520.33082503
A1792,76.0,0,1,508.10526315789474,847632.2206684075,360.0,1197052.4685143628,296.5318647538649,621370.0200420264,92816.21052631577,406421791375.8192,2.2466613003852793,-0.5896724219543137,5.2772856665295755,-1.5990380928413561,84.416946049443,93.6982397576396,91.0425568194514,91.1764537214691,2.76622356771099,-2.9395457645144,62.2746909241408,23.6829045147835,67.1538503876252,86.6715050100924,79.6096543044428,83.3956070422548,65.7011731326531,82.4033643299038,471687.305222713,12328419.8062827,246818.427706223,25543287.8992979,553227.920650049,360.0,63580420.8174935,27637389.0177516
A1842,85.0,1,1,457.5238095238095,556983.8882069046,432.0,493286.0808607808,120.05856469621857,230946.73939113255,15134.761904761905,55876224837.08121,0.8289286169222713,0.6577352251555106,1.0600563692961051,-0.2832467617170491,73.5279967022565,53.8689620465593,86.4724852784675,66.9285149589771,10.8605630253123,11.4768353732297,50.5108682184031,26.3394336743008,68.8716190870842,67.4820736955828,81.3166403181373,78.5141383944925,70.8550121087571,73.8478950904017,408976.151154591,10618729.0759409,355149.089850288,25389856.5415678,612993.719263255,326.0,62475775.161202,32792412.2754311
A1831,49.0,1,0,578.8888888888889,559167.4727896698,534.0,749130.3269341842,220.44220428969308,388091.28743963945,50463.79487179489,156193175067.54044,0.1379436215503228,-0.6545091077779142,-1.5724092323306753,-1.4262343299791642,46.1748224173725,92.737836157603,-9.96931812196455,-12.4351770076161,24.5958436379511,67.8811315540387,-7.28635043600336,12.863509790004,61.1229795037063,60.0669341798703,93.2598198856488,111.556946118218,63.0361068040367,72.9167804476134,357664.33042775,12495306.3131941,27801.629493239,6072605.43254597,377449.16303528,284.0,38307845.9795732,13629392.0154245
A1841,69.0,0,1,518.4666666666667,997410.9169166749,474.0,997718.5345597421,119.6045521244442,64578.99986985616,14798.533333333333,4309462131.663912,0.8243010908098323,0.10434353015648343,-0.5731093696518137,-0.22890286539722382,97.7330470804091,138.7171627328,73.1469480865412,81.4466436875018,-22.2045716895648,-135.138931863778,69.2763285242497,91.4186496955764,100.275069306594,98.5919539449406,75.0971418017598,100.884583298711,99.3119560232448,103.491712412526,386175.129624763,13312233.0984509,26551.8695043033,3196854.38846277,383505.946096436,362.0,38400755.3702751,11111935.0854509
A1817,94.0,0,1,387.2,118981.22498672442,334.0,164623.36635601002,139.87651697122,81470.9416009806,20380.66666666667,6903014898.364408,0.8144730616647234,-0.572099834087957,-1.1160569005866419,-1.568078877008844,102.848936859648,108.164281886913,65.2888351286802,49.1648348310276,-53.9750540694763,-66.3648070289897,51.4986760306181,-12.0928994246834,64.9641564561978,60.272597944988,64.9819412339098,83.0751667552382,57.2383331805476,57.7183803748274,1411492.63251518,38731722.8924349,349056.308935752,36594210.2369502,1376597.79549646,352.0,109299440.417932,44221956.7044582
A1808,42.0,0,0,465.6875,452320.4867511588,449.0,670111.6176995637,176.38105721349444,429792.9018029315,32113.834677419352,190494499016.4401,0.013370902287088527,0.04110304733709965,-1.9807452509361407,-1.8751555122057664,135.085689643267,155.005389347707,126.927772648299,131.97404689872,-23.5536242565878,-33.077045810512,118.359538082789,117.81077637498,71.6578682187133,81.9642024990846,74.0991437873664,77.9399837383606,63.3793350937095,64.8767906289505,312041.06071362,15840920.6300279,74383.4135973097,8066678.57253863,264629.180810363,364.0,25583730.3099793,9185496.20654725
A1857,28.0,0,0,470.45454545454544,1379299.1768185894,447.0,1774911.4001257434,177.85686974559763,902567.5139068814,33139.4025974026,851656667940.0508,0.03721284701292275,-0.741738294283719,-1.548907502546977,-1.3076780663562846,170.108957451089,171.159564381141,58.7930444157831,38.1573192780795,-126.909574962502,-134.164284210907,59.8659016738278,23.4191107742477,73.2375590318386,73.6125856409629,98.5807807312002,101.623838353466,71.7788433812495,65.8844780416014,993466.861724034,31385109.1402871,152677.212612884,20508007.7763066,843466.840575498,340.0,78509013.6421425,11558726.0685564
A1862,38.0,0,0,455.04761904761904,764277.4200228446,330.0,32947.89779881492,224.44311532800597,816522.1482335391,52893.44761904763,698456438487.1476,1.2713518460076285,0.21818478073692374,0.19988307900954405,-1.9051780679898436,127.40576743602,137.274721237633,33.8670818902756,33.3201472654184,85.0459486212625,133.608358791654,35.2360670984464,38.3334450253099,45.4455164112886,43.5957430404577,169.40144272687,170.144203709547,51.2884322172591,61.1150727836709,645255.121139072,26836263.4456478,78183.8174268692,9487727.49892166,600979.535489237,310.0,47019107.0392062,20883333.5838599
A1864,12.0,1,0,375.86206896551727,868774.5297967001,374.0,798754.1872296392,77.40966888637809,841768.9100647162,6206.266009852217,733008515122.2832,0.373928678565423,0.010136297414012512,-1.5081865731411592,-1.9866547702239927,74.3222787256049,68.6950011795601,31.8094240865248,5.05513584528402,-49.4152020038839,-66.3188777490727,8.14742287694424,-36.3281698725889,58.8973203614246,63.3620298459215,73.7171676373287,79.3644052675545,57.6325296990254,68.4167221630791,789790.115948012,30800205.8277958,335018.801327898,37047780.297804,937553.583598279,356.0,82716667.6244794,56128184.5282603
A1852,71.0,0,1,469.8095238095238,377210.3264878908,411.0,4012.1980718338223,169.20700735450785,449462.1833166662,29329.328687572586,206826165046.82697,2.215555079994081,0.4319557062772797,5.686313818770216,-1.6910585670091325,66.0176077396433,91.5697500811402,36.721458767841,21.7543885956053,-29.8000979425674,-74.4318251011179,27.646961443527,3.60832679737012,83.1621824058657,71.6085486209285,62.9598741930645,76.780223165028,78.8023012453699,68.1606910808072,1141489.60445468,66533223.0377987,238097.893336243,20646179.349674,1257230.04209651,358.0,103774228.656341,69120727.0459646
A1856,72.0,0,1,449.9047619047619,509105.96036316134,410.0,507195.1837801697,70.17115454162925,43062.14866815031,5170.190476190475,1942650964.4853978,1.1884578167466746,0.05324658775094016,0.18083223475351007,-0.6991405684046184,38.1392980316766,28.3012470840678,42.4249276182041,21.479606001705,0.416739004069685,-8.89050581511617,26.0706830350527,0.579784926213665,67.3111420128094,68.6596850197928,61.5542434796958,62.0697600256612,63.5088928044093,63.3792984084223,732467.628480677,22702302.1915854,499871.935623896,51890924.6596402,1167187.8720698,346.0,89706305.0986912,72680942.7370659
A1859,75.0,1,1,494.0,2624812.6991534014,459.0,2605158.670841837,119.95888184429418,185201.35465841016,14886.344827586208,35442859826.220566,1.1265798976437653,0.5873971946551313,0.1667200628021921,-0.13160718189727705,21.3542924004495,18.0245773222112,38.3272908023883,18.4268257842216,15.8334919245384,13.3528808445696,32.2088836381069,15.5029501384897,68.5951307005342,58.3291015852332,71.6519502051868,75.7452066646555,69.130266957286,67.7935538657292,817062.584160808,23298961.3538579,302988.370682102,27816834.4239019,1104772.55867029,338.0,71116176.4121776,50489719.499136
A1870,73.0,0,1,371.7692307692308,859320.3781211819,376.0,767614.4171345985,76.57138835617975,290892.4968290642,6097.704615384617,87873000277.27202,0.5575993302929277,0.385262973229485,-0.6198398246498362,-1.2446537120334555,126.049655623347,113.371066361535,68.1309073122605,50.2458518086829,-55.9417044450462,-62.0247033684452,41.1162968618951,-36.1718428642915,103.126577812339,97.4884780069952,72.6686620058574,74.9833698127095,96.179377506505,77.1899918165431,818663.083685885,21388258.9948351,382255.320077135,50251417.1678119,669334.467223393,378.0,92478522.361277,46151462.2792467
A1875,84.0,0,1,454.0,85631.28841936139,434.0,106165.66921349673,147.41389738710913,51454.92465961672,22260.878048780487,2710647587.720329,0.6051006282426652,-0.43510971882847194,-0.5273700726050876,-1.5221756860703324,45.0690397336097,51.9973039298607,68.1437203895506,71.5696476553044,17.5202385256888,14.9898106721182,54.1501392459054,38.193465152376,59.9422211132563,59.483878555906,65.7774330812535,70.6910082876795,59.5695651252808,63.0159758349588,856413.667292152,25538145.6324463,329420.66721665,32550121.0879417,1113759.28296481,384.0,73085850.7702133,52300386.3389582
A1869,23.0,0,0,673.8260869565217,332784.8727946438,678.0,333324.6670977055,31.710171422504363,38691.34572631413,1051.2411067193675,1562108070.3789568,-0.38105343833821825,0.06503055646301954,-0.5321751307649585,-0.6895140921542491,36.9149108782605,24.5835002378928,77.2287257121008,15.9176178308378,41.5236790801893,31.8769321445536,62.3078973737075,26.0456956946869,63.2016199698305,61.3394190104548,78.6200898034462,80.8219246817084,68.4008412575407,73.022291138346,908955.199036439,42100619.3342193,600520.701683475,64769745.6488948,1435152.97456893,384.0,146177335.722893,104531957.348142
A1867,68.0,1,1,535.8181818181819,434839.73272293014,510.0,481031.62754314876,163.6258582486378,174138.17683966714,28048.34632034633,31702473025.454235,1.1479553892497758,-1.8923732955917878,2.4210644396411443,2.1072481032202264,147.93969990519,161.862324558113,104.760280368045,85.2854108098493,-110.008613344598,-98.0503547224599,111.39510012636,88.8457407458225,57.8249120608442,51.4941541199476,112.841519503274,110.5980082118,57.2071306905383,38.8705288645808,1962684.71890677,85178055.2804845,314921.340323446,36828515.7740694,1704011.28476025,346.0,141451866.498697,51472550.088932
A1876,,1,0,467.14285714285717,612842.7116661167,400.0,860679.0974825271,175.4336900137392,427666.5170716807,32315.828571428578,191608109339.6613,0.30569902380708935,-0.5056362006988744,-1.5755138858718103,-1.659139272831409,75.8674669252753,87.3883919659572,54.0954372013235,40.816543157352,-33.7367402082252,-52.7539719430927,41.1638661131828,5.39435452235542,70.7631581663209,76.7050879182332,48.7303500569773,64.1890576558665,61.9118630849278,64.2671319415954,725556.330163617,25781835.2878403,211260.485318539,19017980.381894,803688.425481475,392.0,75142087.3687072,32727201.1878968
A1887,67.0,0,1,554.5882352941177,908243.5638200197,552.0,963983.3238232869,123.50711283329079,226626.71111100676,16207.382352941175,54380823023.63828,0.23213456207055597,-3.458990971817712,-0.5274803438567006,11.039024621112896,132.704258604089,135.674403650576,84.8173998317995,78.477169607239,-49.0186887270265,-57.6345003118824,74.6130943946438,15.2374734575871,60.2451372848866,68.4987444534094,99.9830042886238,98.0760640933645,58.3408767159648,70.1868649693487,603864.082908105,15766501.607612,113261.383004823,13843360.8047595,533580.117962733,332.0,50608834.869476,11311113.4941152
A1882,79.0,1,1,395.84,1109390.3623284625,378.0,1097203.8298252644,63.29845495744742,281115.25018034194,4173.64,82186815239.31448,0.8197691567717057,-1.8630432110704676,0.025840561273763107,6.025834790692388,43.9027939090145,123.997091417423,50.560827517729,-92.6348950835743,30.9813329523862,33.1201136928067,38.1609719857979,-7.41496898628611,40.1230370004633,79.7071966128529,80.8953709066153,85.5063237036836,61.3999508385283,76.399050514343,416327.543494183,29877769.9067834,466846.147376022,45213777.9316015,819362.400909874,328.0,130655237.101374,37765961.8321723
A1889,53.0,1,1,492.3157894736842,153155.65781096427,526.0,185058.1530466954,182.13501430231105,78943.11069218819,35016.11695906433,6560015500.799028,-0.07735853831990316,-0.8198042590838465,-1.5575628202599476,-0.7660582487672762,,,,,,,,,,,,,,,,,,,,,,
A1880,69.0,1,0,517.3333333333334,628795.1303826667,617.0,708015.6027399388,146.99055147261072,271827.6169524749,22877.176470588234,77995267412.39818,-0.7478894355506263,-1.5117185119114305,-1.3764857797590515,0.8855512155032943,64.2023764821608,97.8650503158824,41.6991254718255,69.1674600281749,-38.0571801474684,-48.6699923340889,11.1886148168451,-22.9039687228764,38.0979916001473,49.4217163605685,64.7275457541197,72.0426662302572,39.2167886164313,51.7870737198465,762563.662219898,22196060.08961,348716.145435209,40741027.3225106,966725.515646646,354.0,88042221.7800406,43646416.1268614
A1890,83.0,0,1,372.45569620253167,476669.5568603864,316.0,752314.9432371877,119.37344842582151,439827.64512781496,14432.712755598834,195897070803.7257,1.3513974410060907,-0.051521781684721574,0.9218392986882562,-1.938420140848986,55.18194558372,72.8168521217256,11.6823056378716,17.586295839019,-43.025478760793,-54.9399622670123,-4.01969968793694,-27.3871150344792,82.6825155029165,88.1382807745875,64.0386043430514,71.9686804694253,75.4009108413381,75.5886872072462,721014.284659219,22561353.3578113,342015.84979584,36233964.8258724,958351.734963872,366.0,79673063.1511229,48009692.8957187
A1891,59.0,0,0,408.7826086956522,544796.6659623805,396.0,812899.2933249467,152.89750944078423,429326.2991229678,24440.268774703552,192335030732.47723,0.9128358101191063,-0.270109313793865,-0.6399409885165421,-1.836986554188842,165.232957861296,169.381087672349,96.5511467418693,93.0216819128163,-95.6953084870962,-97.992050106364,102.552211544785,109.407079573471,79.9478550730965,73.784678654403,108.873247106987,105.48398113921,84.6763128926591,73.7505171361539,1382102.26001689,140108058.194021,480196.352681823,85576393.1552591,925892.421142395,446.0,248921212.713274,58175322.6905605
A1893,54.0,1,0,394.9375,269034.9436792625,298.0,378468.86581651046,146.25831974198937,231514.7721528108,22081.54435483871,55274061278.87314,0.5609410182545029,0.052554365170118064,-0.6514418535755877,-1.852891882533277,56.8349241201093,70.636795202676,54.7944847987204,46.3144729546431,-9.35644376959872,-30.2022002065339,32.4494397937012,-9.66944315954672,63.0958594516641,68.6582375938236,64.1862146248774,69.3518115949436,59.8775568767812,65.1968073190529,993074.682305182,22231009.0489811,561058.919686988,52293146.3362541,1382241.40223541,358.0,120585128.645915,63242996.1099984
A1902,74.0,0,1,505.36842105263156,317291.1364586634,490.0,279027.17480541137,132.7761117252473,215492.65424107458,18608.91228070176,48881141086.171906,0.31683229428255855,1.8186361468917083,0.15169497972232326,2.9721535757323787,71.8631884796615,80.5244916366857,79.2296669006997,87.0921721917186,4.79940603442484,0.895661299718236,45.9357262516731,17.6460862690544,33.7273523027591,31.6725004266761,78.5413048865342,81.1996238113199,41.2960434844498,58.4728291621616,721800.489214699,19095487.821789,341220.066263198,32962568.6069282,889248.338360936,326.0,76614575.2584902,40723601.8267315
A1892,43.0,0,0,412.3478260869565,298951.4221903085,318.0,261786.40690330206,113.88575843157462,270154.4178139852,13559.50988142292,76156601180.25732,0.15611141436988013,0.05396791903938706,-1.8789792185619598,-1.9282358079072857,64.0113017182612,97.0502796578205,22.5920297330857,9.71004151405378,-35.4064728244277,-75.8683833460803,15.0348677503822,-3.03583186012005,69.0945701058055,69.9752669561489,98.3224580920019,122.472912906311,72.0178470859467,78.2262358154944,959884.543794781,45722503.8189571,154589.489390984,11758188.0793646,1036977.20289462,320.0,73011946.6173427,45791140.8837101
A1895,89.0,0,1,449.8095238095238,99831.85392774198,424.0,85112.4428096622,178.93005258709582,71773.3373735781,33616.761904761916,5396717289.062486,0.7504919085329849,0.35326009615505805,-0.4351464243347567,-1.417471140805265,81.766398158456,93.8128223847816,79.5532971994513,78.3464717230402,-6.14580744529016,-16.6569040839721,27.5933638106672,0.226508987153438,73.4870270006939,84.5962932775362,74.9566990130324,78.5985740058171,69.3239999079261,77.2828664896694,260711.721044687,11093301.3075044,367021.306254321,37961625.0408792,479668.345943319,348.0,70305561.510801,38834774.9091363
A1928,84.0,1,0,449.3333333333333,1109845.3048423198,384.0,1474821.9705463394,164.7202709953079,826321.2266987062,27980.666666666668,703497883925.9713,0.595865376655668,-0.4308491266288064,-1.3145245384750357,-1.5579571797603395,29.291716427766,22.8689352186324,25.237329201873,12.9106384692265,-4.06954181319791,-5.85333395119245,16.217163603955,4.62616229683294,78.4936436611395,70.8016151984244,70.5472956968056,84.5469135168955,75.5697429201779,76.5233012765696,670536.460902145,33577650.6631882,315102.586298075,25235042.6714322,957838.101581537,368.0,77341995.0249171,57669105.4059449
A1921,13.0,1,0,388.4878048780488,84322.38697165051,368.0,44519.916801788524,89.1321632981374,59226.02386964297,8143.156097560976,3593276096.1735563,0.49918672033542644,0.21935909165516473,-0.6287395972008918,-1.697730025016802,50.6155745042192,132.321833439538,7.10994919123063,-75.8641747537251,53.9018940901677,59.4329936672054,25.1658477799762,-24.0011952349597,71.1663625722351,103.80825902331,92.2992615695412,93.7179044680899,78.2549781613062,112.770890813323,347031.17623661,30419963.0759635,211915.457074531,23437652.3879133,508591.856700098,462.0,99192647.1364275,22685171.7510936
A1927,82.0,1,1,384.88,227162.8008838589,340.0,370369.44332703284,94.3764038306186,203143.1127742302,9278.026666666667,42917809238.30775,0.967383564180963,-0.11436835283138015,-0.3233289928751275,-1.9319038018997936,45.0427451525746,34.0054788929246,18.4365503565163,3.20489630176998,-18.0526961797106,-31.0930593053914,9.53491882221198,-13.8155180048347,94.3465647032304,104.128748240817,124.060109860468,115.119378590803,103.230069042565,110.617162532952,288803.74026475,12221199.5021983,116146.159006943,12900444.150123,379868.032311092,386.0,59731763.6973513,24024417.1761825
A1924,52.0,0,0,395.25,1030516.9037649771,385.0,1725267.8966723061,106.65178932707443,929995.1147135423,11869.152173913042,900928034782.3485,0.05007269416850536,-0.05008660500286094,-1.9241143219530203,-1.9563352211089349,105.675709887167,110.458886979132,88.0781504639742,83.8900047784193,-48.5887652796662,-62.3221482151422,63.1747962022355,-30.7918713834599,47.9224109099366,43.4556844532452,69.4426445011765,74.0093295749789,34.5552266639311,34.3959183967224,820474.142262814,29856517.8591044,294897.723740546,37116569.0512578,793343.062377637,346.0,70069077.1971612,38656972.38381
A1917,77.0,1,1,487.9166666666667,264272.29129954806,524.0,324969.82840746106,153.71345545816374,147443.0275346009,24655.1231884058,22645256633.92613,-0.12103845922060057,-1.0941926917145677,-1.4151639875861046,-0.6264865368131898,56.2620024979681,139.835146005222,-27.1241052285497,-26.2382486738116,-8.18016360542654,-93.8621433204924,-23.988529749341,-48.7597179985289,27.3737046455351,19.6646878529684,81.9194575170326,151.271800402405,31.3016277575114,35.77219296947,631956.471417066,23640294.5502704,58927.762897319,8949442.74678822,666488.647368641,438.0,49337227.9580934,17765128.8885103
A1914,50.0,1,0,485.6,211030.285680477,376.0,14571.916213786915,211.09580763245867,230698.97636472303,46906.77894736841,55883118580.51759,0.8070512959150369,0.32147216930704364,-0.29507367866130574,-1.8547042602388346,136.009253090644,163.187280393147,80.1173368658755,69.4699994733922,-57.2329537534006,-94.2919306545477,76.3292096838701,60.6638425734448,64.5499417792508,65.9082519242247,98.3416227262499,106.886036583798,63.6783374664826,62.9454199396189,909149.728488517,21530216.9073826,75647.3885376223,7428393.96010675,856338.379795478,272.0,53283507.3825366,14578550.9905922
A1938,27.0,1,0,351.7857142857143,1030923.6263847935,335.0,1698431.393008213,93.03354124141663,938565.6631615354,8975.804232804234,912366414925.3475,0.806389682323408,-0.01549358599114453,0.444977173044494,-1.9279766695653713,23.5061536172565,28.7647926106733,6.22155053385126,10.1403465118435,-12.2559493629621,-15.3024830288138,-0.602972314842642,-3.41116642347899,69.1302211774952,68.8058559775185,51.8573454081486,49.8394713167284,61.7456674265526,57.1271776260651,479695.146078293,19697432.6825753,335286.229272656,27326685.7092043,798436.941420031,342.0,54723542.0028174,45589763.236188
A1932,77.0,0,1,444.8333333333333,431628.1315130918,450.0,450785.1451871979,109.11449134840993,144402.82574394418,12423.6231884058,21721016752.954075,0.08554585298885677,-1.4951157686607675,-0.9999121369816115,2.374120729381441,37.5911641678365,46.8818266341435,-28.6879205228545,-17.3520306454424,-37.7216365404816,-47.2607448062999,-32.8756729643846,-40.4290547352177,28.3000012424392,42.9294685689847,65.3861310860807,82.2702617523067,39.5190762733178,70.0408450982928,418493.03584853,10648065.1185473,188647.429559321,24116770.979816,579515.243163351,342.0,54422183.1517512,32342605.0502573
A1931,75.0,1,1,499.5,274763.9674688167,477.0,335496.8071615061,173.24930426576444,139758.2372602408,31126.999999999996,20229949342.1644,0.49388038541981755,-1.1968555831313639,-0.6228569351763982,-0.20161948002892416,122.43145454599,87.5409198448849,33.7037474606375,6.18984784963122,-95.2301237299218,-80.6162403912808,3.10970700732896,-45.2637037284967,122.721040346524,98.8538107019994,89.1898439277577,85.5363215306632,128.938010391528,91.6680179988156,460662.711299513,23409867.0791138,199378.118824799,31361264.1520725,391726.271740741,384.0,62803295.0345431,39931824.0574455
A1941,93.0,0,1,464.2857142857143,1346050.3892297116,444.0,1816809.3475452564,138.71009262457568,827023.7023136317,20202.514285714286,716538118673.7153,1.4423644035480911,-0.9583843705134971,2.9420743683607915,-0.9975361514282217,58.4160044513181,75.1128051332678,47.5955968610289,52.8524602780749,-10.2863888338982,-22.0905703063634,26.7394614042803,4.41334610901165,101.687956421679,92.601417302316,90.8968009802926,87.1331932046494,98.7359013396345,88.9799029544451,546036.2423693,22088043.044107,316176.67882899,37043646.51703,760898.86462445,456.0,81095583.8305722,47755033.1289178
A1933,54.0,0,1,398.3243243243243,158165.63669937503,320.0,33080.41903635951,143.11402636870497,155906.7516164441,21050.558558558554,24963858853.63461,1.7909067256030264,0.33713597522129807,3.252713185325627,-1.6867546037781342,107.848885036442,124.340312824246,69.0424692464216,73.0107571238081,-40.517313510147,-49.0313854187206,49.0626720423798,20.3772814891563,38.0538141068557,40.364095161317,97.4336841421676,108.173323453873,37.3914155525639,45.2453488087413,943822.725125774,25428195.2779233,200475.79234131,14715892.475917,902774.101676179,264.0,74516571.3244188,20999390.7661286
A1950,53.0,0,1,395.2,506845.6850712407,396.0,488901.3916133599,80.38109230409847,140610.1868022857,6730.333333333334,20562073617.87663,1.06475231531058,0.24990191967343667,1.8797453844289835,-0.08122582463753414,73.646048504538,162.167999336088,47.7936653642656,-101.530272892019,122.416148314576,96.3477414352014,55.1934854500952,-111.140293712152,58.0655383720921,85.7276596188397,83.7181259527326,94.9317013781332,58.5869264556534,86.2583980369572,228361.134093033,23858178.0075704,27234.5444379707,8637175.53610394,237471.841683083,294.0,52670467.0332995,15858072.8489099
A1948,81.0,0,1,392.32,466348.4629548356,368.0,468838.0984627882,63.031877649329154,39357.889283962715,4138.56,1611005186.844214,0.8768735057838094,-0.03217508545784619,-0.43150752043768126,-0.898651925053624,50.2056688197688,30.5402238205038,37.7003841987271,19.761508102098,-7.65118456831261,-12.7033566130954,17.2438279715572,-2.88338850484433,86.5405605660967,70.0070130190489,60.4585493714769,62.6025058611141,72.5583412509234,64.0172780931496,387669.528519273,15303853.5266255,369280.71987624,36567565.5797863,685499.035052006,370.0,69666526.2577997,50352493.5946056
A1943,26.0,1,0,388.8,325630.87537750095,436.0,468867.9199531857,148.63646927991795,205760.71861569502,23013.333333333332,44030972258.25711,0.4757460660213928,-0.15091399031626462,-0.9093566497212549,-1.8883788624544293,26.1974300081649,62.2592746323437,-33.9093682753292,39.9587775195917,-32.1119151710185,-18.6524335171607,-33.4919045295626,10.1312471468467,90.1066975073258,88.541139113198,63.9667067849679,60.442126734019,83.6076813901463,70.9759851919169,807198.087005341,20464117.6232733,271783.779508121,24294154.1750427,1057889.85797404,366.0,82668574.6887132,38364201.4940894
A1949,68.0,1,0,519.0526315789474,402043.7691996572,394.0,41517.26598823534,183.81955502302867,429648.1008502499,35666.83040935672,194313147962.3437,0.24573525618025874,0.22631598731335023,-1.6002376869773791,-1.9072139699104063,144.27690683474,160.437598367381,53.7619566650798,42.1516568221999,-161.711211195847,-157.247979072412,58.4307737394279,52.7310318583188,90.7100114013391,85.9719363722924,93.681919287873,97.2026219927526,91.3057107956405,87.9335408900001,1617025.56569849,66628139.2866924,204567.908932159,24614817.9312251,1455855.29394839,272.0,105457373.958564,44209206.4203416
A1961,36.0,0,0,612.125,521451.93371337774,574.0,671598.2844084171,255.70927706088412,339928.13879993407,69746.38333333333,122773085769.73643,0.06228413036155978,-0.6223556618946233,-1.572987610406198,-1.3596169211635194,63.8553616820518,54.8816941437623,49.4289140421627,20.1136945808109,-29.4876269281067,-37.2494018541766,9.52643148396487,-22.837306856505,28.8456659650442,36.7890975964559,66.0269498301691,70.190658164262,34.4945263949838,55.5227491696271,927053.859392019,33135286.7558623,498792.236453704,57741061.0792058,1231150.52146331,358.0,103115964.22748,81444792.3445602
A1953,63.0,1,1,360.8888888888889,221696.09592784915,290.0,5729.731212726701,143.0196395043374,234478.83293038624,21241.33333333334,57016631355.07732,2.068475940694527,0.16172186715236708,4.398977483742583,-1.950068654733723,81.5817791012379,166.754326583773,-25.4687378030895,-114.120475666603,56.2414386921716,59.7372804582601,7.17078607777936,-82.3488606591949,74.6980671188773,102.106875911645,88.3968843674426,89.6532546489383,77.3659468022608,140.244028826619,357765.683890199,31653977.0961998,246445.044208391,26520986.4169064,463192.269380707,436.0,99306031.8035098,8427009.03730495
A1965,64.0,1,1,436.09090909090907,1948018.2001210805,419.0,2039784.3573224351,73.23307070325605,436906.30856905354,5618.467532467534,199563809852.32053,1.3723296353557493,-3.1519694005956502,1.333106168154175,10.967338892947115,15.2940195494396,16.6740051875178,-18.8970875781096,-23.1984677964729,-37.7174442419134,-42.0736485267383,-28.0818057096084,-35.9007882945508,47.9899333305035,47.6094997661331,52.9314913547291,55.4455017689258,49.9323550267264,52.3498595214712,785438.726528415,47238375.880563,697482.028391952,86626167.6193083,1469779.2898646,348.0,141973827.471707,132572979.131955
A1964,13.0,0,0,359.7241379310345,721524.5737124436,286.0,561629.1372934469,84.67173796765798,555621.2679849507,7425.3497536945815,319360338038.48737,0.3924153096067323,0.1893521558141028,-1.5653998083620586,-1.7422252794122415,37.0302072574494,16.7893255457429,46.2707172151115,12.542229818224,4.98050859994108,7.65856558880388,32.6094439197135,9.69390726675359,65.7987282454762,47.2039870307664,60.6042063643339,63.513714628123,62.6383598111659,55.8976947348912,723026.854856582,28086310.6345832,385502.567238024,32216634.2342838,1056602.29769533,354.0,83193043.5852648,59659902.6163277
A1957,82.0,0,1,595.625,435173.58026797883,552.0,597370.0582476016,217.57667470342494,320720.4261944199,50495.583333333336,109290441264.476,0.47391515364876063,-0.5151583190480093,-0.8364045173213803,-1.5996457919376297,27.1292356818305,11.3919714880191,15.3151917815027,-17.8615186744274,-15.5961467604246,-24.2496772363862,-1.06163572545522,-21.9918973492549,34.9307049286662,44.8665596777547,52.3117532200069,55.1636550488375,41.6710923535765,51.1223308246535,579592.825727433,28384679.9296826,471153.810376652,44603522.3358497,1021753.72855412,354.0,92189933.7603288,72645661.6256583
A1958,72.0,1,1,600.1904761904761,635982.5678959204,586.0,615295.4869506187,84.02245677573576,149979.96423751483,7412.761904761905,23565132038.05224,0.16676575765018356,0.1688247838725752,-0.9471198978829163,-1.3924443555230335,131.918273340413,76.3224437206013,114.400336748874,75.9555165141789,-1.62504282282079,89.3063489678421,103.877519759107,82.2094414080617,130.449439701501,148.36366063924,50.94206256805,72.8413060408318,126.845164156799,125.859444590879,500785.773746396,9478885.13562427,93011.7794814939,4588063.65701424,444073.82072082,298.0,44505229.8240439,11465885.9793909
A1978,88.0,1,1,447.04761904761904,182785.87538860078,424.0,203727.8032774866,123.29850583827087,74328.4350742016,15962.64761904762,5787797987.274078,0.3045929410066975,-1.6003122738605229,-0.5307045947906488,1.492378177074186,65.0668504196226,56.2882134749271,48.8333985517121,3.42865814180497,-23.4958112107645,-31.6920527218985,34.5908980331733,-9.12394175835483,57.0179682302425,55.3463167156478,70.5239336589927,100.746498662698,56.1990623634697,68.7229192633043,1088537.40700785,38214842.9370181,280713.760535031,18119846.8477347,1233427.84016203,368.0,87739011.1736982,50570158.2158303
A1979,25.0,1,0,362.2307692307692,185362.53720882128,288.0,28172.583278120976,87.97521840413036,165028.65494468837,7891.396681749622,27758196509.638653,0.5491099483211347,0.061007939055865136,-0.9373338674391762,-1.963061292629114,46.7465529520033,45.9423334672225,54.0820675301857,-16.3623558933837,7.17235174246858,2.58477339815752,36.8251242050622,-5.93150928017216,53.8601298031224,45.7739413355583,75.0420244497597,88.5346730002111,58.8986170470777,65.3829535987317,550322.361790593,24901051.934324,275834.994442869,21822311.6981199,766140.973636652,354.0,70837525.5425904,43035041.3553423
A1971,28.0,1,0,367.53061224489795,105229.83411372962,328.0,161812.05971548133,98.85375758877896,79859.89135319745,9872.808331580054,6442679820.892914,0.7912000862202505,0.018665360476522702,0.7618532182011455,-1.943574736232562,131.384880982735,122.649295358566,62.2469236506551,32.3232467824881,-67.3542512376489,-71.0790646393556,47.8373018296055,-14.9179727683741,38.076744630572,30.3483792643652,112.170910401197,120.550128441789,36.1779261866328,44.6330263817891,780355.611768239,22026286.2073195,142917.116423968,11423174.1365883,694202.545589167,288.0,62809586.7388756,18551582.2397434
A1968,74.0,1,1,396.08,407235.5195842846,424.0,404448.59824023925,62.86615623688154,137049.7844825768,4116.826666666667,19533949163.789574,-0.06076180288267577,0.16684249588770164,-1.825763219938098,-1.3250135828628293,41.5477230963184,45.3762077049212,41.7299164710902,31.6972822091804,14.3592966964969,12.5420854525515,28.9046248963875,18.0662466874809,23.7886756502808,28.7791188785956,61.7720470500937,72.075973380208,33.7178640000286,52.5325407478704,724584.290996631,18631930.6449838,293197.643536949,23079843.1993041,963835.329301811,340.0,64369307.5204137,38522263.8685462
A1977,70.0,1,1,486.1,226495.3858687534,461.0,284858.9755045995,174.54681320493938,123578.16606444525,32070.094736842108,16035141284.244188,0.0698149605075703,-0.9578934583030427,-1.4736213186290295,-0.6718615247046773,51.3020097148512,45.9523441400707,62.7210431152179,43.7806710255064,-0.587633015604881,-11.8407511117092,32.7956540093009,1.92368237932629,51.0278738027212,49.8812543685182,58.6879764596387,60.1470717275442,50.0411271503571,54.7417763087996,535519.616887643,17049816.3315794,441827.056293916,42159764.5665342,881959.807399394,334.0,78322274.2026524,55386507.6697248
A1973,79.0,0,1,399.6666666666667,379885.9403110972,319.0,6292.539620746566,181.24354394632164,503282.5230225275,34277.44927536231,263847185395.75098,1.828728797523064,0.6315258475109521,3.2007562187170047,-1.539015248295567,142.365125831892,158.738873535317,-16.9701409324094,16.6015311880691,-156.686973385837,-151.080470799933,-19.0017128036738,14.0294092836432,65.556471610201,61.954388158648,132.382484627937,136.996874404736,67.0605654011222,67.4066957775268,977414.689742476,34221324.8399136,63434.2519011315,7733678.71165133,927988.710646746,284.0,56318663.7117844,27159193.8685222
A2009,82.0,0,1,476.32,57979.43989262677,472.0,71838.86959624288,180.39838580209081,46329.23881518315,33207.732244897954,2189326336.5781584,0.70904868934614,0.0667233258773859,-0.545356872235911,-1.3148994145680961,62.5352294113061,46.3407287911271,14.2839654020151,-9.20629603530972,-50.8135901208587,-56.9851742755814,-16.0895157802058,-43.3120144451558,77.206818759322,66.2781547674435,70.3235827937182,76.904265561373,71.1221393459319,72.4426152510758,518504.12900083,25489144.1228428,476663.743203002,56832049.1196833,850899.240668025,338.0,101767881.766928,76679291.5781175
A2011,80.0,0,1,385.68,1006706.7912087671,310.0,201551.03891991178,143.72716375132433,1039744.1755773562,21518.226666666666,1124310668672.9177,1.2461477982081792,0.15376529523797972,0.6330706940328348,-1.954567326405892,92.5395974041881,90.4100573478266,52.3500003431486,34.4472162181231,-41.5984410810387,-56.4718919549891,43.8876456350216,11.7571198720797,86.4695627966941,87.133205718282,70.5561079017181,80.0708500181982,83.511955974691,83.493785414347,1178579.16264732,43876750.5414758,184151.183477145,18479222.6959003,1184789.76225376,330.0,75620130.7141726,47487317.688674
A1983,49.0,0,0,393.72972972972974,240114.61807263573,284.0,205987.74268005526,121.34575319658235,225450.55490195184,15133.813813813815,52201681157.10065,0.06370945203101167,0.11416043571038835,-1.968903440847236,-1.8302463190882183,42.1036710582941,52.7901084333754,5.98351756143223,3.20844635117809,-36.2326240687755,-40.2398669081546,-9.01989547021855,-22.2046995242597,66.6973876691315,61.7112345985196,79.2759211172543,93.9930329944171,69.8921789405974,78.7599101721621,381714.31190894,21470250.9667541,201990.837269175,26269764.0635943,548558.39257556,384.0,75082149.2805152,42816321.3527563
A1993,7.0,0,0,422.6938775510204,358888.4902758894,272.0,329041.38908260065,162.03882176328605,291275.49656386155,26803.59183673469,86572872345.43277,0.13874312646849454,0.06661800170829811,-1.857910342549913,-1.900167935063978,139.80950126805,114.748940551281,84.5729564732134,50.8673020330125,-63.477566036788,-68.4416873343558,45.2900566444478,-47.8940741006499,75.4064854630447,63.8715805263269,79.8523217916421,87.3473952606642,55.7839277902335,75.9666580138298,994978.272405321,30742352.9971851,654112.76985138,77803649.5911172,650773.612742037,402.0,139966866.540772,70681139.275319
A2012,23.0,1,0,402.0833333333333,201991.73343767,393.0,327597.0119578745,103.97031494079879,177218.19608259268,11279.81884057971,32714884398.716953,0.038560223783933104,-0.03532498135673743,-1.945605778621963,-1.9405902191160624,31.8343116871207,16.4132790328386,11.3939826840097,-21.8204055052405,-20.4626662736749,-36.5007461578318,7.14989025799217,-27.2151630364522,66.0127622644521,71.105089692303,48.2289145942682,61.6559698293601,62.7067515933066,67.3126609284878,771541.694243812,29647612.3941332,150913.286716041,18570284.6635963,903268.461071072,350.0,70961733.1421391,47750318.7813023
A2027,50.0,0,1,492.45714285714286,135540.58124503758,418.0,11594.114401268287,194.76877761770206,167789.8566769858,39050.60840336134,28957819889.50296,2.034273127747319,0.634349785933722,4.484387964395205,-1.4881706084997783,138.920469397411,120.711377431471,93.5930487372622,65.9333093008338,-67.8987666821441,-79.0702309175288,88.2754097183221,-28.1224529498494,64.8189579825641,37.5292656049157,78.2756463177608,90.8487119356833,56.6194774554981,29.9295677518151,605207.551731581,11936152.3598551,128330.826180386,9340655.26557947,515417.128577018,280.0,37082911.4322029,10762858.712419
A2028,77.0,0,1,490.962962962963,362236.64591543516,530.0,441830.2186976376,157.2423186562893,206774.31149477093,25676.11396011396,44339157223.54901,-0.08732262790783293,-0.8526576023752309,-1.085950904271423,-0.8673469141438019,151.339631776172,153.893105589331,107.415302078851,118.040563924135,-47.9097226490823,-90.5690998377866,103.479737407587,131.14556059826,62.5487354360153,63.5095133604483,100.611876648484,113.237205663532,60.5306586970396,63.9295306850963,580190.996971103,14997978.1951697,75079.9947232592,4977663.84235179,515569.016502821,252.0,28052528.7309859,10753608.03883
A2019,59.0,1,1,428.1818181818182,1003201.5844932406,332.0,1629246.226166679,197.0979535809165,911346.2329033196,40697.48917748917,868304317873.7567,1.7676873637281802,-0.04535219887030629,2.6876319215241162,-1.938407952037963,107.221559364677,129.080780899008,59.1818416066902,56.6458053156909,-51.9441096863167,-66.1111257501321,45.6821205151379,22.7071176641888,61.0891704187705,65.5218961525101,87.7256466384758,118.472786517826,59.1724552215662,79.7299899940046,982559.682099147,30300258.379171,202735.281827117,17518569.2292954,942641.037657075,290.0,92813948.3480402,23574037.0385027
A2014,77.0,1,0,505.6901408450704,921338.2129695914,462.0,1451140.3353016805,207.7852759189461,759623.4913129666,43791.50261569417,585155001351.0428,0.687067668606686,-0.31021755611605684,-0.8967037735137091,-1.865389693261983,37.5928941648851,32.9175453117608,-5.81996591345553,-22.003985637336,-54.928234550075,-58.6801486895336,-10.7569506016656,-29.8957253562462,44.922201733675,56.8704843779166,53.5785280806526,65.0644963659557,44.7640711429589,57.6661358457536,481020.721881437,20031975.8043349,52135.0319319501,5275195.87848124,523298.117181263,322.0,47338693.7127347,24627671.5514853
A2016,71.0,1,1,461.3953488372093,674440.2709085937,458.0,420761.9545871086,104.71537048387876,664821.0765936878,11226.387596899223,452265832810.7061,0.20825465655332154,1.7189187645655601,0.14170110927606272,2.1295807247536995,119.82666699622,124.509494708583,111.608070038948,86.926204035464,-24.8092892441802,-41.4557013766296,103.710712259611,39.0398142787854,67.5904623542902,78.6214908914905,69.8512118367805,80.2594513101994,61.5815533008526,67.4297727622296,714904.872131037,16987214.1735387,123632.525800227,12708874.6391733,662157.091253202,270.0,95575901.1187288,14333908.4452895
A2022,38.0,1,0,357.5593220338983,1298464.4277308886,276.0,995007.8710037353,90.22988929159926,1234670.4066265547,8281.80245470485,1550248487795.9812,0.12469815159452645,0.10657463895227,-1.8695842620361878,-1.8546826042346267,94.7779321520451,136.637540900967,10.2706397912529,-39.5771846673075,92.8426457037971,92.1393200677908,26.2271737509105,-3.92316869775942,58.8496304883947,55.5503059798816,111.13227983846,113.164338654433,65.6613087882599,59.896827350693,660440.142056545,32054515.6510775,181491.702439934,16852769.9321024,670188.361701642,338.0,94710284.9516067,22935117.4264064
A2040,46.0,0,0,389.5,1437574.9680147385,381.0,2274768.36049422,113.03871018372423,1324599.361283195,13189.935483870968,1809393576284.0935,0.02068032107971766,-0.006045146451424788,-1.9712818089947683,-1.931743082777234,86.1442994262997,80.9943682992953,70.5843720971507,61.2929980779752,-20.3772860581975,-26.3539191329,56.0517406960942,21.9169021007916,77.0137791387893,73.5197180340217,68.4730793455722,64.7712244453188,72.0890450841086,62.5191547807771,834367.658107544,21148138.8159737,225611.346660909,19056632.0810124,878855.065633738,338.0,71029325.4588468,30603386.7160205
A2057,79.0,1,0,485.4,365699.3066076087,383.0,10709.311828435235,156.77640128539755,375631.5675619014,25872.463157894734,148154028276.46188,0.902102634297073,0.10458565471711435,-0.7636238728218934,-1.9764544703986457,68.2977976623664,31.4563660223943,38.5094855712346,6.22856943687168,-12.2133010706096,-26.4771269587612,20.582897129061,-15.5247351005959,109.654546190408,72.9741172010441,62.127718391937,65.0759227536605,92.2692655410806,66.9059068380559,478575.922480539,15795551.1932548,289719.580871025,32486846.0384267,644604.615801343,368.0,71942308.3685907,46694360.4772167
A2043,48.0,1,0,434.27027027027026,182492.11368451346,355.0,276997.07793361635,159.19232778074223,146058.49201245993,25689.35061088486,21621367995.561306,0.9208112062865357,-0.018858686543511586,0.34377959337278696,-1.9132298963937295,60.8541881083219,72.305306908235,40.0088425122036,44.7915828483617,-24.4998727454716,-25.5970018165518,21.0200829342718,5.40435796569295,73.7610303394928,85.5503324995034,68.451355295706,104.715140595429,69.565784810925,97.6527821762101,553997.835519163,13972406.0998139,260793.935244931,17744288.5792742,718094.477504254,360.0,64818472.7268764,25706073.8980716
A2046,66.0,0,0,479.3939393939394,1055328.258362298,360.0,879972.1226078516,130.29429146171938,1034502.34265095,17507.121212121212,1102625251403.343,0.07351145486311456,0.05079102453049154,-1.9768408814788534,-1.9370360970019098,43.3830333715654,39.182331763795,9.96329996622938,1.81337389138208,-38.0612727596255,-37.8064514726942,-9.52930036070513,-23.6208376959845,62.170973103142,71.5212664794547,67.0203712906341,79.8060223195707,62.0988429691292,75.9889990428856,398009.266540449,18046943.1335388,267085.919217035,30477712.9981451,619889.644317125,382.0,73840959.3610032,45905144.0143515
A2052,77.0,0,0,478.2,248807.58453259437,359.0,32783.1627828905,219.7907186393456,258399.52253373695,50850.4842105263,70108828907.94638,0.836512876217572,0.31333943178644763,-0.368910149737006,-1.806212037159888,106.469525672952,112.778361712305,95.6956840414386,89.995617353604,-37.1346245630878,-47.3219461272161,73.6866951657964,-13.520329567342,67.290115577519,66.588735350275,54.2590130392786,60.1352021452844,47.9765376717851,40.3076604895574,1242841.21196942,37700412.1608716,566325.504545358,69725808.9043095,1210903.33411579,352.0,125555701.403061,65173015.6684768
A2031,87.0,1,1,461.76190476190476,920927.0706320034,447.0,945415.7059391702,78.24163108260922,202268.8671627965,6271.063879210221,41886806400.06675,0.22240133292195424,-2.2126885306550768,0.5536812097332771,6.201412526247884,156.119639928047,166.17965895957,7.1751525703184,15.2293949224322,-164.643911423181,-169.862068324238,5.90104825642659,19.0372800957143,63.9293384928518,66.8255497701314,93.5163724332865,100.238034697681,60.9605210815238,58.5732002054595,1532412.73450515,72024277.5526652,186668.67128597,28884536.4455868,1363819.47733604,404.0,113851152.706702,44513971.4603745
A2060,25.0,1,0,404.0,310930.92788899044,384.0,291141.4484613652,156.5295499258846,287039.9948333795,25291.870967741936,84966707341.25739,0.8222540652065167,0.1369085504812542,-0.01367735349228516,-1.8028232815234175,24.3095996611561,29.9894830877867,-16.1442375115719,7.17708840168531,9.50890402856864,32.569267419604,-11.9754088858033,13.7921290452254,71.2207941026405,62.1414699542779,71.7436541833223,80.2809879333705,71.0656330373238,66.1178765420579,1428196.96562015,42314576.7812515,282615.096296262,13583499.6429142,1689763.7844889,370.0,84177431.8754943,54504023.5907933
A2081,80.0,1,1,441.42857142857144,187870.3236758555,440.0,195733.1734136542,50.158388586339484,25652.553305819903,2641.657142857143,689389371.6368808,-0.12434635185931533,-0.986167091830127,-0.851855322037042,1.115994021043563,38.1498975789962,42.7963001964197,30.1741247682899,17.6127022500727,-6.06359441194536,-14.1361079348049,16.8556117631509,-3.77291920361505,69.5704784282291,56.3982183743175,84.3784059063339,87.2757728366009,74.1589619827721,75.4192095586658,657847.74097883,25971039.3904732,366427.979412155,43897843.2481848,972708.223444104,388.0,96693767.6868701,65380625.7005128
A2066,82.0,0,1,378.88,454698.9794896267,356.0,449236.2638480713,67.1072693528801,79897.23616741273,4691.026666666667,6638911081.0789795,0.8058101740411738,0.3575347304260972,-0.5129932629988678,0.15417867524175577,47.7738555500041,27.0053858620808,52.5395252793731,17.2151546429052,-1.62735547062344,-11.5468597550074,32.4735461904456,0.0400445475012895,51.6838808384375,57.8317566724763,65.9598096951182,67.0366427342588,53.6750983078954,62.4093716918313,674627.794139568,25513923.8523619,354690.133014511,34484748.5277105,950028.015227198,358.0,76299121.2854429,58377835.4636485
A2080,74.0,0,1,373.2307692307692,224021.3643968316,355.0,222924.2101972507,57.93385332382739,68222.39049666385,3490.584615384616,4833305894.505416,0.9516874556512603,-0.40904417133891624,-0.05508936452262336,-0.3662045383821311,58.3169601964777,50.4245524548705,7.49730902688029,-13.0471688829066,-55.1889214904086,-65.3952058980021,-2.8759969948608,-22.5283480564167,71.5096724442812,76.4806350303325,66.6568935457234,72.0207077842243,68.9281761268246,74.6710694579128,522288.350961025,27388815.1699475,122750.41836289,6779060.33050152,595984.594177311,310.0,65465428.9995267,32135366.7620802
A2064,69.0,0,1,489.6,278517.6641227731,507.0,308279.61395180353,149.79399186883296,119792.76832445968,23619.199999999997,15067822709.979557,0.11559203441463527,-0.9207078843949583,-1.267036922994751,0.4621322572237645,15.8297761328579,15.060549048697,16.2179490386199,14.623243409137,4.67731763499638,0.476379835738587,12.1112526760811,7.12497338171977,40.814430937352,48.20760592804,54.2096846030587,58.1882419992253,44.8025435818066,52.9604495085638,481590.988090431,16432207.5312375,214788.488751143,16249435.6224654,690723.329775891,360.0,48630086.6295909,32399797.4843274
A2070,14.0,1,0,388.8421052631579,2437801.423906652,364.0,3767015.368199497,137.27623444331613,1876702.9628726211,19354.082503556187,3614698590087.898,0.8267019481228696,-0.46681147864884937,-0.8029215501556992,-1.7717982284455192,44.0069784398073,68.5947369820522,-8.32453919170306,-20.6812172001793,-14.4497309829017,-90.3158581178238,-9.02617706991471,-37.8257300549578,100.306538251863,83.1876104095752,56.6880313694069,73.6628483022004,94.8961962948645,79.0623740819696,978522.304872535,45488725.4333816,149254.166306731,17491172.5498656,1090813.9320014,416.0,87386544.2137964,54368470.7687427
A2093,64.0,0,1,407.1666666666667,922656.6301872141,367.0,34222.83233787205,136.422037157573,965759.337059075,19420.144927536232,971553226163.3168,1.1001588286498947,0.19513549912592806,0.8753304566678008,-1.8406684733983523,51.4374808318141,40.4787207317644,9.91653160366812,-10.2922479115603,-39.6976190011567,-51.3120452349353,-19.692560459024,-37.9289136111722,44.1866704226571,68.0654316425074,74.8448378048131,78.4094287043843,57.4719622594529,73.9878701821515,469456.59455313,27045789.5344443,489598.798499495,51324429.4999292,864090.906449476,348.0,91901286.0790879,74009425.7284701
A2089,33.0,1,0,413.68888888888887,726986.7138262999,486.0,1136230.4684847847,131.57639474586995,649397.0816398202,17705.810101010105,431088048967.7001,0.48479545893841336,-0.03181007017175045,-0.4133055152800513,-1.927631369887301,38.5352078097775,31.5099782964203,24.381641712662,-0.692579250690238,-12.2137661951349,-17.1218782478567,8.30301900892194,-11.7764800878485,63.7504228874578,59.4047224458446,80.6739902223903,86.8263611137197,69.8869559706397,76.91413171091,701103.379870845,30825255.0551907,503545.518689988,54840073.4822023,1139040.75384085,346.0,94512852.0125602,82704469.2075083
A2086,25.0,0,0,510.34285714285716,917320.8297527337,504.0,1172595.2171340412,190.69166479006932,549021.1412058623,37432.82016806722,310036333876.44415,-0.13701894546008744,-0.9106915150735655,-1.5106540449773744,-1.0543330170839644,57.1009771402056,41.187086492891,39.2569201956106,5.90432721894571,-41.1037545337872,-43.6841248841277,-8.70419337919348,-29.2125296763896,39.7537105057422,57.8415745806762,53.5223697895331,56.0264566238214,39.5632697408407,54.4186660263815,438900.999439613,22437927.6475729,483820.271228108,52726436.8196926,810799.223771069,342.0,102355815.566073,71163269.650242
A2084,78.0,1,1,471.3333333333333,141932.19976948586,462.0,157866.74748910678,125.03916846649953,57553.074194603214,16416.533333333336,3470087603.97567,0.36626561766835297,-1.230330210280073,0.07631705236193742,0.5898976044833133,47.3185130722293,83.171251766895,17.677138116418,85.2332953393318,-6.51642659211471,-10.6806935612433,4.87954601643757,11.8269047014581,29.946443543233,37.0389622345554,73.8881818246388,77.0134698966015,45.20083767557,53.7885689721894,426631.767958753,16045695.6424919,248512.676512896,24832085.700913,622514.615689052,332.0,67924118.3765319,31126347.6480811
A2100,77.0,1,1,599.875,291229.9851157093,597.0,301804.4009995217,91.03974063561473,76483.02436276234,8840.783333333333,6215256329.154579,0.34507797357947156,-2.3444001543117867,-0.053577837556691765,6.0850630498035105,166.481473832762,93.6453466783084,74.0488670366151,63.4379429362078,-94.0694136034944,-36.8659298146265,73.4311623821179,54.7784286999582,70.0618148606006,71.6273949068955,102.661323983868,71.9248723885225,69.7181124727012,68.824916804666,765459.434213092,49994388.0546988,36736.8914328466,7517509.56597073,729790.888748419,350.0,66888790.944763,50081538.8643477
A2105,83.0,0,1,499.4736842105263,1118453.0846256814,490.0,1162020.5612106281,83.45144722724304,155632.0701987954,7351.040935672516,25496148709.855556,0.5872566077598883,-0.3885248235664872,-0.46271435894967583,-1.3493475472979528,57.7887894205723,69.6809303750551,35.9400378664846,37.0544784308989,-24.9702634455705,-35.191142808932,6.03391121740378,-20.8238978553996,70.1438825860265,68.7139368637113,74.0403189920992,79.1768729553728,69.391872987616,74.8092991578569,794730.887355551,31976701.7710624,752515.399190888,103536834.129381,1354785.95878457,478.0,156290698.268786,118497671.458615
A2106,90.0,1,1,517.3333333333334,561487.5054604991,564.0,633262.9041822257,172.85703791155152,236628.47839130086,31637.176470588234,59103761051.65914,-0.2788324340087496,-1.5817656416250003,-1.334868297525892,0.9819684486380269,72.2283922639382,55.0800077082986,51.0714377033929,29.5567384406509,-19.1150715806559,-24.1932968714694,31.9947580642768,-0.253137772555786,87.2609225092384,82.2711183527998,55.1747342311221,59.2849155878629,74.2909830107054,66.5139014098919,954201.145613483,34032607.0949243,487534.546337721,48055948.1173715,1196734.44639469,354.0,98408881.257595,73075182.9028769
A2113,65.0,0,1,397.5833333333333,1352519.3701740347,346.0,116024.56602030623,116.89450966101397,2822113.393603629,14258.427536231884,8296170839955.199,0.6631108353592475,3.6363014160906575,-0.8548545774949896,13.062958127126901,87.5082311353727,152.149489991882,94.8335119226489,67.8615294004396,-100.443541754426,-146.238204981104,94.9666751197446,119.375205090727,63.5642241064491,56.4219922122823,24.7021618219924,129.286799198391,62.4990714017184,87.8014908313644,368854.201861086,9927474.75978281,6912.55086810449,8389211.12069751,369219.322956733,466.0,41847735.1314026,4654013.23278945
A2111,60.0,0,1,375.1212121212121,22790.106233660088,309.0,15034.797732832922,118.97650839575816,16832.285228373774,14373.185081585081,287618641.55492586,1.710825414604869,0.3326613332263838,3.659516190580778,-1.5023900152145948,118.258007339127,145.04724514686,-85.7258712465956,-158.10208091296,38.5418276038738,46.5946584112536,23.8205175742267,128.101669781845,48.7515431412469,95.747743491889,94.4703152484852,109.363585671867,79.7682731170037,136.287747039337,115756.028688297,23151088.0862729,323734.798504594,23705862.3259774,287610.58402748,318.0,127347130.794955,14081677.0518264
A2112,55.0,0,0,409.1666666666667,2345023.0055693183,409.0,3624454.402827967,122.90635549971459,2251580.2066703597,15762.753623188408,5280847319864.313,0.008609287842328669,2.62865213203098e-05,-1.9835832861757394,-1.9011411236113605,40.4637576744298,23.0077197844993,10.5460494832169,-10.9330794843914,-33.258428269175,-34.9669272414157,-11.2581114577038,-26.3087426529327,68.3787088168993,65.443562003864,67.5315098472772,71.1351616394128,66.4222442275234,68.6277737034759,691286.017195219,38381249.2203171,689540.804703715,64977245.3274514,1295630.99257635,308.0,114284368.423759,101420947.680454
A2109,73.0,0,1,456.1904761904762,115990.61015831558,372.0,5272.146838696084,234.2135002915521,151383.81345525663,57598.761904761916,24008347498.9348,2.2961236491372032,0.6527998538632732,5.295818546425076,-1.4539530598624972,107.924588305557,99.7645102527181,53.8711177837688,27.2230333823311,-51.2871697819217,-67.3611941244964,45.0494496293671,3.19677384055852,49.8047988030433,55.0786975602116,99.903875777672,100.587623955647,49.8929177226666,59.710156796072,904662.725849887,29121170.5842028,108239.997294236,10488324.3888169,877415.197509633,258.0,56512704.9509795,29230898.8680306
A2110,28.0,1,0,361.6734693877551,213941.79085620272,334.0,261486.6710324642,129.21701217294154,155163.6426795989,17044.89115646258,24567097968.981884,1.4839408464460946,-0.009449467403402738,0.9980761690591171,-1.5077386612883528,84.164090702016,79.739613758475,29.6960734759462,8.05995611878413,-57.9999252307392,-69.6128473571067,4.19724668511594,-40.2041508780997,42.303152278009,66.9653709816738,84.1984457034619,92.6569956049226,44.5292012195502,79.8924473344104,852557.358641372,24115228.2614853,280700.124324271,33761941.4247538,924290.64626118,348.0,105962804.306237,44849285.8657496
A2126,41.0,1,0,398.1224489795918,354782.5505998241,276.0,301344.56231193023,129.49787369668152,268970.46563236776,17119.068027210884,73821542227.0334,0.08296868550368368,0.10513034064755622,-1.9348959225766096,-1.8618040144013681,14.758345202508,33.8748117116235,-13.210330909682,-2.7549519774001,-28.5202695380755,-31.9609710549462,-16.7447096802994,-14.3595814946573,67.7198526296766,67.7414883668481,71.2480924743,86.3581078505687,68.3992700625257,74.3641010858155,860740.351001479,34581298.4825599,254084.851835428,21332993.6856655,1108334.25931339,406.0,81199096.4959803,53627997.8809666
A2125,35.0,1,0,422.0,791744.4751484181,402.0,37117.690713432705,135.8918254910652,812336.7719912123,19026.18181818182,679299590868.194,0.0323482035186555,0.24270162320962718,-1.954384840004991,-1.745884417453026,107.353956979098,151.001341053726,84.9858191278861,38.8131439642588,159.67310552717,163.320538858065,92.6755143278138,93.4346837296661,50.4186164361222,32.0701309200836,134.197769714662,147.032502553544,56.8113213638756,73.6621152945566,401780.041417446,10137648.8816842,62786.6499486703,8588930.74256437,387712.006227475,354.0,36852927.1347752,4922465.67020759
A2114,85.0,0,1,640.4,375759.94467882445,606.0,369126.00646845705,99.19193515603978,40213.604441432304,10541.82857142857,1724942914.3167832,1.1571956894083915,0.36764084179323175,0.4511164364306688,-1.0934345247229178,50.7842313469785,57.3785278795628,18.858572694031,-0.117035318766136,-34.8474614287386,-55.5409031589499,-7.56757581137072,-37.8674228472779,62.1594235509936,63.162956553186,73.9285179320003,85.6604057660709,65.3252300988536,76.3431015185505,343554.790411771,16875576.4929641,306974.861449571,30453166.8332434,587894.083482211,388.0,78231541.6805903,42027008.2078766
A2131,14.0,0,0,424.5405405405405,1960836.5015212898,456.0,1759173.953505599,145.78002580611698,1898419.0554741286,21842.14414414414,3701400178030.1816,0.591092133331437,0.015390260574834487,-0.44041387325312753,-1.9800913986749598,31.8096125932212,30.299465268353,-0.922353949317564,19.6003085236609,10.8068428148651,4.85341263914308,3.30014683213306,10.2915346246812,44.0153923325165,49.8990277260753,74.2728346790868,77.2787599591018,52.5074236886625,65.4407164273243,707583.502118477,21862680.23053,287879.896298026,29261134.6198738,964239.554869214,342.0,67952127.127448,49384930.9684285
A2118,68.0,0,1,442.5833333333333,578100.0572938676,443.0,637467.2272601533,115.92595218021239,207131.09735752142,14023.123188405798,44690928638.05314,-0.1675539803774318,-1.5824255658738375,-0.7275749243409559,1.9241957816418989,77.733585223776,78.5369577165921,68.2676223526153,42.0395829602075,-17.4909189306494,-26.8611491801636,59.6102960410483,16.4293162859011,53.8176666436585,48.7043655023314,74.7933058115448,96.1055438778702,52.9127165216852,59.2037929329956,1581082.31298732,33368543.9208093,204216.433423379,15893860.2290781,1636680.64801727,368.0,99013491.1042055,39709892.5333965
A2127,29.0,1,0,473.7959183673469,571138.606224262,408.0,676819.7423133927,209.4284719929443,430217.57299495157,44774.040816326524,188864449095.57803,1.0122735847364701,0.11215743532306131,-0.11851242870416456,-1.749099524212972,20.5587287610387,7.37044314282037,0.558172996931087,-16.6922789901965,-18.8002610278791,-23.8307114132903,-8.05274771586884,-20.8693389083773,71.6720783625297,62.0123594036554,61.1997532919327,57.994056003807,66.5064471494981,59.5748022582949,303960.149171396,17936731.9166924,264367.286461922,26334312.655269,559250.054176747,362.0,51121794.8764749,44182799.2767509
A2157,81.0,0,1,477.6363636363636,132756.6995100205,444.0,172744.1825996599,172.9448709116742,89741.2532851994,30844.61363636364,8297537769.719474,0.6045132545028581,-0.5810384678597824,-0.42359028956199873,-1.4174242528915086,114.297403446607,3.51466053767744,-150.674467511954,-152.648485385458,-34.9392751385417,-149.111329692907,-146.474279179837,-151.066306896106,104.904272502149,101.937856910842,91.7671480637793,102.574649347109,105.501325241909,102.228673472768,1205720.91650194,79668613.3000195,91785.6388391313,64636625.857713,1170945.70470308,332.0,182275243.102618,144238105.518324
A2150,60.0,0,1,438.6363636363636,841140.6092700518,423.0,765434.7648684422,96.63687676251351,367918.44312859094,9783.385281385283,141516889012.08282,0.9892791072167832,3.2030615282279333,0.7484567211429338,11.322718320899856,43.0284475535167,32.7405115081237,21.3377306269679,9.53762160390506,-12.2794241718941,-13.8336707324407,8.12786584166478,-1.72537549169383,52.5544256614871,66.3546820970932,82.9237751615976,89.9655280485893,61.9173280361524,76.948662680545,615310.847577624,28677789.7349137,322610.371920466,24460803.2340283,879150.796003058,294.0,84933838.2932805,50998228.0669791
A2151,61.0,1,0,524.4444444444445,1086671.4817235295,489.0,1353283.733258689,194.72436993584952,616633.9363113357,40148.02614379085,401361712044.74634,-0.1775821559414258,-0.9673567542653336,-1.5786545385670763,-0.9054334646369111,80.3102990293701,82.8833126857493,59.0099366948862,40.4404383054606,-20.0502530846258,-42.991877696861,47.5269268376706,7.21884535803066,90.2726279011198,86.5923735638878,63.8881646222007,78.2433949439311,84.5786313452332,80.8631099156625,664875.806193275,23362808.9162212,159461.019158262,16984748.6593218,709349.821397695,346.0,57038728.1620448,30538907.1799007
A2148,72.0,0,1,428.90909090909093,1608060.622222662,413.0,1557779.7714409844,63.99070180389782,226582.48239198088,4289.800865800866,53673240478.13562,0.2866334505686679,1.0860836522217565,-1.0011199297937092,0.8356220364766687,152.873720640702,159.602565048697,71.2866422181709,79.5960231350253,-82.8926909671162,-86.0561014569176,61.6071473687805,52.9111912971651,95.0816698789559,99.8498655669519,93.3140178228365,94.7008952661938,98.0208836620297,121.340887726576,1103166.04740797,49953798.4296054,318686.671201751,33781633.3155739,832315.679410996,270.0,104329332.542428,21752291.0779741
A2154,54.0,1,0,492.32,330870.89540862537,416.0,278192.9810391448,196.55324367712683,330518.5924492562,40242.89333333333,113612241552.82304,0.6462014335861738,0.04975329076813883,-0.5168992995007584,-1.9382546235974552,76.1122900363753,75.1760713729798,35.9035788968386,24.4883424326322,-37.7980607209363,-51.1087646279758,17.6769463360504,-20.2865057776349,97.4257858711946,86.4057403612485,76.3782109208617,78.0539831841659,91.8848225652782,79.403637460173,520757.161262123,21136656.6706168,201715.493281384,29639608.8112733,601915.959747848,382.0,62896358.0073334,40568892.216806
A2142,40.0,1,0,572.3636363636364,2555915.790590166,711.0,3222326.6169953956,180.77473311342877,1331256.435070188,34235.670995671,1852800227548.3215,-0.6342720743834417,-1.2683094486379294,-1.2917209599928352,-0.24664042009426002,27.3038706348551,23.1138395388224,29.8920017676849,15.4738801153585,18.0294710692046,23.2409897404992,26.7343329428622,18.8299545414837,33.2057969609987,50.1660902220406,59.2265480570884,72.2799606068078,37.9030544985561,58.4863308013506,607329.713380257,22554263.1181227,140893.196452531,13839409.7388697,735370.980853758,388.0,56572065.5493488,35698554.3318691
A2158,84.0,1,1,452.6,169817.72358026094,423.0,198967.918580488,143.80556317472562,111040.33355854038,21768.463157894737,12946453460.631506,1.3380362793629965,-0.09392513265601186,1.5009034721156072,-1.794204192090501,145.14941293844,155.858251562526,41.5368476667244,36.6218636152673,-114.226644597928,-119.932847067465,39.0118937666919,15.9161523628908,73.5429847618076,103.596183470498,81.1691867885412,83.5317393538746,71.1864892045066,107.882960424787,597874.640578007,18388781.4333458,56771.8162020208,9130652.99956808,552238.857134983,302.0,67698783.4768929,10727697.5067233
A2169,68.0,0,1,512.6315789473684,1726106.5491643096,560.0,1897233.7493019889,94.72853764771916,568908.9732263839,9472.023391812865,340692020860.5246,-1.0707318879378915,-2.5899234697169367,0.057740563927824784,4.874914931084787,39.5392301192916,116.35876156933,2.19654580847856,-79.6015797240002,37.9891358855451,42.2015626558892,12.744491599,-41.2561880814988,46.8068066013595,65.5550581415957,72.3335603738484,85.268267742495,51.8927177590118,59.3825083565877,642190.586641916,38894302.3254823,210905.497714788,22186613.5299709,815960.707261844,374.0,91647254.6742785,35195806.6214636
A2170,14.0,0,0,765.8947368421053,3967204.408123591,832.0,4400868.112892411,164.75496789469923,1324105.6444428489,28652.210526315786,1845532376468.8547,-2.034468329996752,-2.6256309181520785,2.6989595224600658,4.982157571270295,131.532019850564,115.22488988364,75.1183446188119,45.9290531391551,-64.1192990772871,-72.7111873963291,70.232911569808,10.747872081541,80.1328898840018,80.1054233442892,72.9290465795644,78.008242107887,77.0176936002214,71.3815253319848,869984.355740886,25792500.611898,106787.834586635,15064322.6837646,803168.040179195,324.0,59572191.9044361,23685677.8775541
A2159,79.0,0,1,426.0,538039.251971407,316.0,9106.754967790028,208.376033719263,640966.8497519795,45591.6,430402240694.3565,1.7293230848083607,0.3793444007761368,2.203568797870912,-1.8433837252619616,56.9994931104068,89.8943659775422,64.9446887084036,57.1288598290967,5.44765049378475,-18.9872387824482,56.4065929137131,39.8553845497871,72.9335371114507,62.8692119031615,75.0034757154278,114.883587395137,72.1044111446847,72.7863525594559,348032.658136779,15649740.0501574,65840.1167916053,5327298.25902269,387843.094957748,328.0,42978223.8882114,16540915.4943945
A2165,59.0,0,0,440.09090909090907,2352597.3555546864,409.0,4178089.150844869,144.84659882124484,2244790.755096817,21979.61038961039,5268134876630.324,1.0972685924038408,-0.06662269555984335,1.2735445131366117,-1.9687145688069716,56.1814788244346,41.5592536627431,39.5841668233245,17.7841246268613,-15.176543143521,-20.8765245612095,20.1982131806679,-4.35131165450578,87.3952663010514,86.7294489869235,69.7736259224914,69.0042843638217,79.6858743810704,75.5601618247994,392017.825634085,16533532.2445946,239290.662295844,23421502.9275972,561565.979171468,354.0,54712767.8279456,37435877.7418961
A2161,71.0,1,1,458.5777777777778,492629.7585328623,404.0,666429.1122613957,137.4876946233353,391297.02575008816,19332.476767676762,156515881524.4399,1.1261563258366283,0.19593762409749726,0.4297665566114639,-0.06917337387387157,61.7231936845537,122.363900399941,95.44635878792,119.895200996864,31.5285973589371,-3.12863918961311,92.1013349464603,95.5130693217246,78.6723653162312,87.3163990612887,65.7002215879868,83.3442797951908,77.3965015451585,83.5686126600358,567844.275226437,30990345.7744885,40925.6871335763,13013870.7182347,588337.090595741,418.0,67349980.659743,26419481.1686152
A2168,14.0,1,0,654.125,2058545.954761101,691.0,2159094.591746228,114.89009694051093,510600.0530755212,14079.716666666667,277006940088.2704,-2.4488753423734106,-3.681864669647925,4.965706744618591,11.753581507809733,82.3898766577844,57.5867101385444,51.6919458324983,19.4849356063451,-22.4805983745751,-34.6564542471863,36.1224188376046,-1.88838945140385,107.359802968255,98.1889050595445,68.4355919342424,77.6697284364293,99.4862258522712,89.8744196881732,399063.549823234,16911869.3154762,128783.809352909,11537624.0018206,435257.478564686,342.0,49828774.1270624,25066083.6673856
A2205,45.0,1,0,425.015873015873,220491.25908646666,428.0,40441.53115564867,147.16662536411997,193812.83191794957,22007.338453661032,38159658479.802284,0.04269631228255324,0.08671121772149966,-1.9238258208909598,-1.9555589125012798,47.6232327473186,155.297088927524,-3.64021784939911,-127.579820892307,29.1474374721132,29.2957580988876,16.6032445773948,-45.7298110884062,50.8094153022659,86.727410879762,87.9268612346474,84.5122647633735,70.7034296913963,69.0526590604348,196011.422641093,31531413.5615765,242179.959424173,32406007.377755,401324.67825084,294.0,85050017.7157078,13703368.7160473
A2176,66.0,0,1,454.43243243243245,164678.83940753288,414.0,61241.84898531683,115.4779821158247,173628.36359225836,13705.585585585583,30961587255.718052,0.5002974625216604,0.7641018274222067,-0.8872065700866352,-0.3182788955187892,142.787431925979,139.46731335294,90.5575722321847,63.7604053948818,-53.5605761754187,-74.4298034259348,88.24275281759,47.5976507710421,80.8456539380476,73.8714406587867,88.7989530846318,102.933271680365,80.2707939533814,74.7912832896293,639470.977210237,27267456.1674446,41246.0437772246,8824545.0429275,607135.387233692,250.0,43023883.4769522,21345326.2779065
A2197,26.0,1,0,412.5,354242.668878711,352.0,18537.732191423238,152.30989972932014,352233.81521072006,23861.114285714284,127515012260.61913,0.640119301127717,0.1083436964483482,-0.2625406464042488,-1.9132417847814451,41.7387759923715,126.722539209199,44.5917897127681,-110.919518657398,28.9731837125678,37.5207651403851,37.2337281946395,-22.9595162612362,32.3665277441043,59.3964251615335,72.4563792439303,76.814103692182,45.2197517752997,34.95087640768,562258.905133444,29542365.5346667,281391.857424837,29992904.3213218,794627.445177772,340.0,94411504.3421594,26696474.2171347
A2193,66.0,0,1,506.8421052631579,652698.4769253385,504.0,790571.7648405556,187.0415836562033,326135.84573096095,36928.14035087719,111962726179.63069,0.838016617774605,-1.410725667114631,0.6322371685686008,0.1319767125448661,49.7353195555122,34.2707343515744,33.1635735526562,8.09067536320911,-19.7561542902713,-25.3680115999307,6.90912054277347,-16.3502895371632,72.9800792697369,76.1976431298039,61.4733872357671,61.6751466971405,64.6584275537808,64.6230365612046,451588.424173975,17221743.5460906,484448.06923971,50153275.3087355,849361.02528473,360.0,90615062.1802084,65111312.8796773
A2180,80.0,1,1,425.30434782608694,1159961.9626707833,414.0,1186772.6865558117,83.64855817911169,318745.11864847585,7315.130434782608,106015774604.06706,0.7251340704644078,-1.2770318132687104,0.463409196476527,3.684143235663031,146.011996133367,106.632985657921,-34.5575868398393,23.6406286562854,114.766714468353,128.810269082434,-32.9723428005589,35.3778479042187,86.3278121110209,82.298783033237,109.825206712281,128.626410291386,87.2748210678006,91.6356334809658,1114400.32391634,25264877.6032819,61269.1553214311,6531040.15267065,1064150.05677959,380.0,55463786.857793,24217884.2925008
A2204,34.0,1,0,420.1818181818182,190298.35170973235,338.0,254703.74979205374,149.8822678467204,121570.60992552052,23534.44155844156,15451204706.64775,0.5086548015998338,-0.7517300252191736,-1.6616953305638213,-1.2970144626531706,27.7270160405338,23.4354341837197,-30.4961715436891,-33.66442120675,-16.6433664831509,-21.3289846196875,-24.5948385166543,-25.9723276728601,40.4941426626671,52.357655453791,66.0146733708784,73.1290695549422,49.0524852572899,64.2533051747565,527970.899016475,19142303.0618413,278902.337585657,26189094.2980057,785638.423447259,360.0,57372284.6040301,44409759.2429123
A2223,72.0,1,1,465.48148148148147,592489.2965953634,462.0,689784.0238381664,114.75138032587712,244659.67834173472,13674.336182336183,62075334436.14335,0.09585300483593537,-1.5847862099635823,-0.6963937315813733,1.1838765169302903,58.8384797164238,52.5546098034965,61.7370090843637,42.4911720290483,-0.573830259523266,2.42220340004103,49.6106915191114,24.95526760132,68.7399004775826,61.7788706233607,73.690449511788,97.3769399793339,67.8574044264307,75.485219135005,972991.825426025,27593062.0142028,258388.090082111,19275643.9622538,1128566.52936607,376.0,69807279.8221373,42186391.9091352
A2225,60.0,0,0,737.6610169491526,745219.1464458012,870.0,905835.3216121816,269.759504327905,406532.86053683824,74024.84862653419,168070135623.3197,-0.6267403182428,-1.0442759363023728,-1.2256262828609832,-0.4905591810967316,60.2682059099258,132.742229910392,-40.9998102659167,-117.349859054411,21.2558295020385,21.6637509604259,-5.80978330627271,-61.9376862414142,53.7834221657917,77.1003969628664,77.340236643369,78.841426493016,62.4008814429457,59.2641978785219,120218.080028349,17221931.1432785,125903.664768211,14174860.4175919,212878.207599231,350.0,47976440.5631343,12890097.1640274
A2221,82.0,0,1,671.3548387096774,240865.66604693534,815.0,267417.8792097084,229.1377312795554,126386.76711018501,53364.82284505554,16231253850.573242,-0.5997704080073923,-0.28995240976788295,-1.1192651903579796,-0.8289677406121565,72.8600606256102,69.4402168817067,42.6810048915049,25.4075125077643,-44.6421059112333,-47.99666060172,21.8279265168388,-15.3049207212415,36.9825052123833,40.3610154945751,70.3788898335043,77.0367687100815,36.6132910946574,50.6547680365201,1057694.06867737,36930556.9503907,262267.562484596,29637311.9614332,1162326.76531515,336.0,85054733.9072744,54872533.9574725
A2206,37.0,0,0,451.59090909090907,772420.4811109182,414.0,243101.17443692486,170.42171198927494,573646.7644789207,29718.991543340384,336549487906.16016,0.07366324737927976,0.13737591599523646,-1.9056745075660388,-1.870827248662271,92.197020958774,92.5888302197149,59.6825559416487,60.2333801798496,-44.605576438269,-44.9347307441045,16.859623878404,-24.3152362127054,61.8084169354113,57.7342717488088,69.5038779460534,71.9718051325848,53.1988111163597,60.4882672731708,673441.66369049,25776434.997813,490281.423871421,64793662.9692404,817670.1024085,368.0,103591497.873216,68642318.7794753
A2211,76.0,0,1,395.6875,62550.05832623416,315.0,93310.32304665445,143.0883550249635,52111.30082355927,21134.737903225807,2800449788.321098,1.499592923896577,-0.001681750837104887,0.8200457793278013,-1.9065336654054077,130.769070902399,155.418023874533,34.8446215581873,16.6431575231147,162.369427024444,169.687561318529,43.4990209525055,59.8181226979493,68.6195199484615,64.9896328840796,108.314261110615,113.502894140388,69.7212548591359,72.6981522486642,931076.182317386,37855410.772533,156925.337848559,27216684.0967437,837081.845032032,342.0,86603490.5172811,17318793.4543089
A2219,29.0,1,0,367.2307692307692,481374.46746557066,274.0,440077.0628034616,104.13759673266154,459299.1751206813,11130.024291497977,216364853606.7059,0.13094879098227646,0.014278615863199541,-1.8821472643395636,-1.9811827776830921,118.754258315005,109.899169821799,99.2373504594491,95.7100866413679,17.1747593518924,82.6227313671386,92.349571217282,93.962624380245,42.5484798262362,55.2257328123246,137.599562357003,164.784062444376,47.0534038652734,83.845858293164,593841.64064474,17291195.2737196,73877.0822838643,8392551.44451838,562046.979274482,356.0,52266922.5565845,16450970.2509434
A2237,81.0,0,1,504.2068965517241,581102.2863313084,452.0,875735.5869246238,189.77470841088802,466057.50563620497,37300.66995073891,224699584717.07718,1.0872546027962584,-0.3376737035864981,0.9363585276965516,-1.7959243956702926,64.5165378468588,44.0811946083625,-37.5881473515812,-18.6663570076752,30.0405273572934,25.4092074539189,-37.2433825848395,21.7478798917197,54.462648597719,56.6195987587722,77.2619261000308,75.5305213926855,54.4744479230461,73.2486634047475,49178729.9232152,117038589.305099,267638.19756196,1024695348.1929,49294473.4679391,324.0,1230923731.99739,1111756068.40109
A2233,69.0,0,0,445.4761904761905,81177.29347183785,438.0,114393.06544368093,122.46753468635755,73895.04114391621,15364.109175377465,5590488465.319667,0.008905497810286099,-0.0037502221631914947,-1.9853276089841312,-1.9516851704290448,75.3678831372757,93.7231808006022,51.8808069552469,34.4751288471522,-25.891481218857,-62.1920054365134,38.9333258050397,-3.99848719744128,81.303984982591,83.0711980779946,66.1569135188913,69.2123424594152,76.3442218894874,71.1312817217348,663048.848294131,19761617.9681606,177407.706992716,15361632.6157628,728379.503347603,360.0,72233614.4616594,24229650.0297319
A2232,79.0,0,1,601.25,638141.1445529098,569.0,675882.2575554653,136.94501633867515,162367.8721690117,20004.2,28011033782.235806,0.08315237728745418,-3.4171626407659903,-0.12611446962777473,10.555918369678928,38.7377367333866,32.7454675536845,35.0399637106879,12.0233774749391,-12.1547293402086,-19.7759335283041,24.5901654927272,-0.968820737522439,53.3332007131578,50.3912317372,57.6421812977157,68.7890761269069,52.6310318687818,56.1045259789525,895003.864663617,29790515.5458737,257656.556143963,17168323.0882224,1107776.5829891,318.0,64901796.1780437,45194845.8140013
A2230,46.0,1,1,490.15384615384613,296522.9539131002,482.0,299012.4340417501,103.02042079409166,70684.30613823634,11037.735384615382,5188435408.637913,0.6301740955151481,-2.3020063520864333,-0.04739714039710874,8.873891685036075,73.1921392816449,106.569340165132,71.0883646979628,51.226255538195,140.506603337462,148.587654584673,86.9815544145693,93.935386257136,83.0788719200858,66.4237631204625,109.394550566047,116.803753507171,89.9263757407866,89.2333836861767,291377.335899745,10983411.9101036,104432.627520852,9378808.95805455,336756.573111624,334.0,29561773.0754911,12241110.2976633
A2242,80.0,1,0,507.89473684210526,1042691.2340284141,432.0,1337420.5073899967,179.50865533650523,594097.1314649022,34013.54385964913,371527791173.50024,-0.16302348573190026,-1.090644391222466,-1.6868821452179934,-0.7069146461200426,129.050242436675,173.773216490514,44.2683896046891,60.3383229696611,-86.9956512803108,-113.688953652634,39.698443767964,47.4909394479333,75.8795211048165,79.1133404379516,87.8504345913871,103.040291097699,74.7661845603644,84.2132132451608,828159.218215738,52383415.0610449,79861.3387727661,36394714.1162433,780315.032717635,328.0,103845239.669995,16677338.0514659
A2241,67.0,1,1,372.9230769230769,656742.6524184346,353.0,617363.1012626737,73.0842101629889,191447.6626923105,5554.953846153847,38061907840.74673,1.6718260308989774,1.6383984394091975,2.044300851685228,2.7206698604307054,42.9579538292598,46.2094496615935,28.8121456424185,22.0747032950007,-27.7524313016531,-34.2501289016443,3.81011798052228,-12.6585802995284,37.5777748292319,39.5236882047693,54.7443786622977,59.9128060999957,40.4447079294992,46.9962767641917,716889.350759398,36513678.5360825,432303.226995907,41580737.6536414,1074448.41572335,338.0,83540255.3186795,71857911.4376012
A2246,61.0,0,0,422.1111111111111,225161.6375763907,489.0,309254.8607750312,163.50327515880016,194379.4619721231,27497.13015873015,38832913437.58794,0.6221989631787096,-0.010049903784897543,-0.4702172356068881,-1.8126189533133557,58.2192339965288,60.2796499610289,52.8779215339737,39.6876853152931,-21.6736212608185,-35.5636212414632,31.7006584717155,-11.261659263616,52.1089066656497,43.5209302198962,54.6686508140566,61.9430625849798,47.5833991825445,48.7771373923317,870179.786135701,24776836.8033451,378905.722905333,36483245.4119069,1117177.63492215,356.0,80682639.2090117,53302962.2239701
A2253,63.0,1,0,415.9230769230769,288343.3899565589,408.0,475058.37808783294,125.71148992126716,268215.2180945844,16113.24886877828,73322853279.40097,0.01595212526309039,0.003538661552828954,-1.9739806722268656,-1.945130725593684,61.0530183230644,70.4380891629605,-37.6580604540688,-50.5375142919435,25.2715829751604,25.1554277512273,-34.1093903277121,14.268092468654,54.5204005432053,54.6799272878662,77.9020229678649,76.0764313341378,54.8643503261912,69.7144818662316,49218326.8550698,99108964.3205699,2948185.97846341,399138581.360685,50710915.5188843,262.0,536340346.218459,442294436.647243
A2256,87.0,0,1,516.051724137931,90408.20576370283,492.0,113401.88149475722,163.63004133734682,50877.50828800398,27007.61469265367,2610835684.5062227,0.36103380244203426,-0.8441514266148858,-0.9397053002235185,-0.771554841367486,62.8094429490682,104.54895669732,-4.71306403926374,17.1659553156467,-74.2112826945799,-92.9080429884042,-15.8863165291536,-12.0845868933612,64.3421120303327,63.5436219435712,67.5859907322777,83.0602769134902,62.4453026075591,59.6144264505103,968623.841320448,40089259.1266998,215048.627857008,17895801.8383874,1083902.72026951,308.0,69005308.3427455,39584865.9195231
A2249,60.0,1,1,429.3157894736842,2135524.4597553257,405.0,2168996.738446038,71.11928647411514,236083.02902984057,5194.654338549075,57201912295.79677,1.3785158315693449,-0.4125887353678595,1.657356786716595,0.32083058357631655,75.7991254262557,98.4973403720828,-28.5549321671298,-3.98898863157793,51.3142880440692,69.0556454739933,-16.6362241068464,23.2917612086132,61.7892614042943,52.2073066803964,78.6075982576327,123.653077551814,61.3059332090389,75.326682045068,825255.371559125,32209374.8044674,165298.176098491,19561435.0776607,880511.378295975,378.0,72264206.8465974,35126818.1432716
A2257,14.0,1,0,415.037037037037,2827394.5822365736,314.0,2756993.7330961986,111.43823450566401,2812261.9767864062,12896.113960113958,8201736590007.422,0.1809251181481047,0.00116014267942793,-1.8510681719128053,-1.9984503113406964,38.047048606534,54.6246519874777,87.4115351892683,64.4413491286723,36.2195823950645,16.0715205843846,78.1897841118764,44.3511411626832,51.5818230551015,30.8204144002706,44.4134862423324,72.8126509956989,48.313527417821,39.6980215567141,478051.623670291,24484223.8807217,128254.457755241,9520200.59306784,584422.760168966,374.0,55518942.7856432,30983910.0498305
A2278,79.0,0,1,654.9333333333333,788699.917115754,698.0,839225.8405955316,126.488717107715,218992.7237674008,17142.20952380952,51155000600.60278,-1.8308467793173997,-2.576797549530666,3.4116159536623885,6.735360627210786,36.6275238002976,31.0581198827698,12.7152137839407,-10.4341396724567,-30.8654278235247,-43.5602796183573,-4.77477759192427,-30.4426168509085,54.4413936844221,60.0462356789968,59.6115274378996,68.9169151780311,54.5607506019121,64.3260867950914,510831.102300235,26059238.858195,329216.885650348,36482120.9275145,799538.754044098,372.0,73185164.8067353,60322851.6571802
A2264,27.0,1,0,345.57142857142856,870389.6833366908,356.0,1363664.5570838875,99.26926893607124,772493.5328460134,10094.738675958188,610954502533.889,1.5523700297830039,-0.09779142627003759,3.072187868452012,-1.9353575573288628,47.9320193261136,69.1002437362277,8.45111171209841,6.51521000504351,-39.5258518497134,-48.3319891303344,0.797953703701146,-7.20270923712766,94.9507257571771,78.1734071946036,102.295327927437,123.508534028047,96.533456576006,91.3508031730852,1083063.4021161,48977266.9864271,227278.368471807,20727804.6303898,1246811.07431574,406.0,115326793.159356,59604706.7588693
A2275,27.0,0,0,424.0,134572.67670515084,398.0,14561.65430543683,137.89192078646892,129689.49836256658,19919.61904761905,17583882621.240257,0.06755234664649198,0.1700974409558826,-1.9079937318239,-1.8688163912101567,72.7964343050749,10.9609414894467,-64.2407416829268,-107.608845051837,18.0144685399301,-104.956185195494,-49.0106654051823,-107.173113712137,68.7009953520391,74.3334662804542,58.7520368672572,63.6547213761658,62.3857187870066,72.4745507244153,443614.584798878,31658906.9357454,137941.875195453,6687314.55626194,502015.615636787,344.0,107267136.864334,38245367.7231107
A2261,23.0,1,0,383.52941176470586,634356.4726598075,268.0,496381.59673830017,131.1844014132922,600418.2466168264,17553.534117647057,367570738926.707,0.34941381091338963,0.12278156376272889,-1.5512605092345895,-1.8387953083294661,100.096210753992,93.7142307249702,76.6024415939458,65.3696283038242,-40.888062365642,-35.7843753807224,62.2391647885736,16.7307927262116,51.8234641541914,48.2549312597488,73.7406986958615,83.2251256735379,46.6277848974804,50.9016207910621,662929.408635397,19619116.2376263,138276.955730726,13943065.3439355,653036.652266716,326.0,39965343.0854425,23321181.0689991
A2262,28.0,1,0,372.6923076923077,411022.06476395886,354.0,74062.21414546952,109.66794960970881,364469.5918102654,12508.141538461537,137947240406.43152,0.0868569647984791,0.16519637469429294,-1.8759376353830852,-1.8633383317251448,20.9155734790567,82.6425167584361,41.3290862345304,-4.76853764777053,22.4730243790128,67.6033420918404,39.1406078031033,4.58887247267123,79.794858944016,74.9202902412254,69.385897084489,119.241539545092,78.4585562834317,81.1095457838052,529549.038393647,38663842.986601,74135.1371505481,7806404.11871677,599383.801269243,454.0,81733050.5075683,40412078.3615508
A2273,49.0,1,0,475.12,313011.5613104677,454.0,443194.47674546763,172.6147896328701,224595.38338476993,31037.360000000004,52460809687.261856,0.2869878785467996,-0.5224950784065119,-1.4503980615589256,-1.554156272318218,55.0085418103044,56.7564327822665,55.5130419021237,49.6342420255305,-7.0972942872599,-13.3220882418189,30.2386650918425,8.01871829614481,57.0302327186983,58.1186273260371,66.0801973574929,69.2436568066253,56.7207920408218,61.7757739313714,408797.913858677,15063334.6360949,264123.60445396,24963111.1782429,600593.357978536,426.0,57852529.4488154,35529385.5290637
A2297,76.0,0,1,456.1904761904762,104983.14102554624,488.0,102426.03627647436,144.84790678423087,44664.001911677864,22029.9619047619,2089867022.3266673,-0.02550269924393705,0.002240616147021176,-1.4500932646759677,-0.886533829105725,53.4717054216403,46.4697829601208,52.5432034410087,20.2711501608892,-8.98360620815238,-32.8391769233677,38.0886482023244,-1.94915751466665,63.5989803709889,59.9445921951503,58.9373428761227,63.4233121660555,59.6915390580922,58.7016732310342,570236.647894959,22703829.4945308,203267.368096942,16185385.6624089,710261.841435959,388.0,60376241.3325158,35827521.5900498
A2285,50.0,1,0,462.70588235294116,54594.933449568955,373.0,64564.02677712029,201.65426577827307,34600.27420305421,41896.698752228156,1232390121.2479072,0.8092974397995147,0.005454857544953218,-0.6353941075485681,-1.5979474473594453,34.7434735826097,22.9954001062933,37.6198206012932,20.9150908125863,5.46957130810193,-2.02092106577904,28.8121266498793,9.18014915903007,94.116796918673,83.4237294095464,80.6840752993064,86.1173414437571,90.3661684449117,84.6932723384709,1327903.54965485,41547623.0397388,518673.113742977,43313954.7970903,1778835.07391404,374.0,108188746.637896,83159380.9948942
A2289,54.0,0,1,364.7049180327869,417253.38713316666,304.0,590645.5898960053,117.94495024073036,351982.77597403387,14025.978322720497,124907381751.09502,1.411901297842454,-0.0478415687384443,1.328066917203219,-1.806924684893159,92.8563842826242,66.6217221978971,96.3594201264968,18.9933897226382,-5.82467930633406,-24.5427158667439,77.9531680272593,-3.38565481164619,61.2759946913249,40.588437499059,74.4903922471363,95.4931765545144,57.0972451672624,60.8194625507867,954455.598477629,29204984.5743635,275899.272368356,20136585.2051268,980235.00683499,390.0,85640526.2651478,41534566.974236
A2282,53.0,0,1,395.2,506845.6850712407,396.0,488901.3916133599,80.38109230409847,140610.1868022857,6730.333333333334,20562073617.87663,1.06475231531058,0.24990191967343667,1.8797453844289835,-0.08122582463753414,85.3368490083074,109.847822375614,100.492926418541,79.6801948584121,-136.89988880231,-116.455909422983,134.178785323296,-130.407933459341,124.047245692861,120.975870283671,135.090866592249,127.536057882977,145.637268243936,152.325013501907,334855.604055164,10197718.1095596,218012.953919852,22926225.940809,414159.179745118,418.0,57510330.734918,21699021.825652
A2300,62.0,0,1,471.14285714285717,1276479.7507606663,436.0,1327114.6347355319,116.27319459924082,324370.4983446193,14195.428571428572,110226516396.16225,0.897790882557502,-2.5978434696180446,0.1335742132447577,7.84633294928074,138.694234971178,167.02798773167,-34.0931593300468,-69.759121218743,105.308899677955,101.083526108201,-20.853172470519,-54.2182562331139,63.3661730448674,73.5033243436117,100.890460721148,97.1086479275322,60.9927251505739,60.4211170153325,864576.172679113,56951715.3266353,223259.795834249,35286441.6813916,712275.834639332,404.0,116996063.19225,23915600.2221941
A2284,80.0,1,1,538.0,1225423.8412794154,470.0,1489285.6933164373,235.35675048742496,714013.0567411217,58308.21052631579,535305377456.6403,0.5739253635620841,-0.9020304735032063,-0.9623177310490725,-0.68610872363179,77.4461788458915,65.0213644021588,60.3824298073437,13.9537504619042,-23.0569279154617,-44.8687580780599,38.870581951096,-16.2107405457058,62.9544923642244,51.4935986073467,74.8084610969729,88.405530014345,61.0284401794878,65.1877218171018,585328.505038089,24318011.8993169,224498.526817398,19946320.5275971,670919.299033266,348.0,68667100.071648,37401599.1406099
A2317,63.0,0,0,490.3,820461.0151338563,390.0,1254725.004215285,210.28958604743127,764583.9094781077,46549.16842105263,613817982364.4686,0.6141643411777588,-0.03532111661813537,-0.6650974967628862,-1.926501376502055,98.69109054697,99.1457574894617,59.1266573377995,44.9738275421562,-38.0967506115575,-49.9516655645265,49.9636766414453,18.4433582723619,72.9672328916668,70.0001079518788,96.1901064597382,103.618944557894,73.7633640322867,76.9910667290045,1031977.80545557,31390363.0968299,158139.512255362,14581261.7311489,1020130.38574115,306.0,56631985.6195069,32441714.7721321
A2324,67.0,1,1,270.258064516129,9289878.84453187,257.0,777630.0189944122,46.55691469514836,66321189.272583425,2203.079851930195,4469443697280316.0,1.7090669130660712,7.74588601176153,2.9654960498612573,58.004660102479825,53.0171134721872,44.8364756329719,21.4033286597542,2.72451502269171,-34.4960741129972,-47.3942142499745,1.76089651284888,-23.5005730697978,74.3053154652114,64.6011799538388,58.5297415916233,63.7822365398612,65.812199378534,61.8890608796965,454849.368070226,29213338.1703117,291814.797631184,32092817.6123111,672116.393621824,358.0,67831806.5788574,56683562.0098529
A2306,44.0,1,0,473.42857142857144,182710.7357443445,356.0,28153.82948095344,163.03332158052302,163923.75854806788,27008.571428571428,27297522404.089153,0.08545495704826275,0.07963211334895694,-1.9497430920261407,-1.9659542039153568,84.7561361261178,67.5488237400014,64.9914875297623,35.0593167546186,-28.0439050063351,-36.2552812320673,25.6492111864109,-19.0898118719985,63.0685039977516,49.7042032605201,72.471383061301,77.1669073864147,58.5967409148437,65.3403989017385,577365.473033,23981147.1470665,424661.533049392,51520322.2148808,747332.350706152,400.0,89539128.5020117,64599664.4042173
A2310,77.0,0,1,405.8333333333333,402542.614963706,392.0,421163.7671188774,57.19241402688142,66970.61047858321,3413.188405797102,4671940279.0355425,0.7524093350735978,-0.2581765232439655,-0.13882541557980854,-0.8849231910061865,59.2989640891052,44.3880317234854,39.9030052354328,5.66189549247373,-34.5020838950965,-37.4477516051382,-0.4751936379849,-28.8159096043165,34.3452898374535,39.9940233271551,62.9501013432567,68.7872413864455,39.9547907177564,59.7454625231592,655074.658742223,22744837.52743,480415.583845757,59144377.8719614,990593.60190083,384.0,102606688.572803,77058661.7572415
A2301,24.0,1,0,445.3623188405797,65497.21283978547,410.0,24559.509213064128,155.77556979625405,50440.042299572066,24622.881500426254,2581070300.0403385,0.06929668614945834,0.3277594513653177,-1.901054956621268,-1.5726793568428263,108.445149563978,130.389358755155,93.4270654795294,93.9988982035686,-26.1472428772731,-45.1731087440664,81.2249899156334,62.6944287000721,66.9213438985161,73.3903986840963,72.6387196444805,77.7547386413576,61.473466827093,58.7534236366722,722032.511367238,19464951.0986479,154127.167558304,10419916.030949,688959.967301595,286.0,62372877.2880925,14986957.7135622
A2336,67.0,0,1,403.1320754716981,1415426.8415674414,336.0,14541.912492867874,161.13723645130605,1580382.082272706,26464.539912917266,2544732196269.9087,2.232609220635792,0.25468294710805867,4.712258780743261,-1.8902196883864717,71.4738164782216,73.8160856550047,28.7585919118274,24.147584619845,-46.7503018970507,-51.5799870887386,-9.66202343232437,-35.1569441677051,64.1770538624467,77.6644436359288,76.9568668652513,78.4562446393121,65.7674058064087,76.2325013756898,531580.045746982,20869156.7322284,506145.01779514,63286683.0997433,842460.164532405,330.0,113836752.199907,71951115.7128561
A2339,73.0,0,1,436.0,329648.77965473663,446.0,389734.2960002121,82.01073100515566,141368.2609012693,7006.000000000001,20784384597.859318,-0.3001250429465637,-1.4748454851754964,-0.2562525216956488,0.7086347651108191,122.68023309761,150.262048736805,50.6813940607748,70.5357196693033,-78.7720275812101,-85.9868289403408,34.2526180990778,-42.368144796943,73.8019899496739,78.0524364656431,78.1519146560057,83.5296063191525,67.0675686387466,57.8447261728176,1014888.1158206,31127746.9344812,306018.29652668,40924937.598585,887837.757168811,304.0,102144288.276391,20773119.2348703
A2330,55.0,0,1,635.7777777777778,52661.78555614793,666.0,53876.22205201245,126.90134206258004,24357.049871617513,17051.24183006536,626225093.9178218,-0.5863619690188208,1.2515630224297691,-0.2878452254542103,2.7730590857207478,58.1650985221296,41.1873365850612,50.6234963491219,24.6914968523056,-17.2692326851723,-21.714844369083,24.4313930164542,-7.86937872727949,58.6974242250517,55.5162922602492,62.0677942162898,65.3827456960628,55.4254188491216,60.4275289420664,923391.496914929,28259391.0048869,592508.785956757,57625486.1499906,1334503.0758798,356.0,98165623.3999526,81057515.4615173
A2337,21.0,1,0,437.22222222222223,1033486.7030818076,357.0,92588.20774136735,134.82357012677122,1038456.2645104547,18696.749206349206,1108346730337.1465,0.28052870444413364,0.28944964549057933,-1.6533025964919452,-1.6547300548249726,74.2402115860954,82.9128635516114,23.6098619365349,3.89225240760821,-51.7946439533214,-66.2868580507028,11.923603240735,-14.6751972185367,61.985373545851,60.6122865165149,83.8371843648619,108.612145357586,62.7267485622369,70.4424838884147,572988.41581471,25897963.9714826,114938.194102902,9672902.16431552,614248.61274461,340.0,53387103.6681174,28741683.7577758
A2344,62.0,0,1,483.9,2076637.0383027438,506.0,2605590.538841158,130.21440012533176,1344850.0735912693,17848.2,1899052806460.3647,0.24152780046987546,-0.748126319556728,-0.3257930261021942,-1.184664247878839,57.5196202181715,48.3797271721554,22.4573457141739,2.33381421792031,-42.0688673037176,-51.6816143997502,-4.30558488925045,-30.4687928731293,66.0901609558932,61.4232375689644,62.1418623757662,66.4352797249891,60.5608382760441,61.8276351012335,782840.371644994,40538455.4668335,595207.458587389,58150412.9581856,1211426.39430414,328.0,114958223.864599,90312057.6949676
A2332,81.0,1,1,492.9655172413793,1553609.419022926,486.0,1945653.939356733,179.21177662169657,923103.9775527444,33263.89162561576,881504434524.515,0.6929213185495612,-0.9691850935834311,0.1837211414390354,-0.9396147064053055,120.955192126155,142.129686756973,89.8575484784932,82.3618338330804,-28.7472408094942,-60.4015849742892,71.7753406366849,48.7544301311381,68.0426890432901,77.3962656208588,102.484228153897,117.680793550774,69.5337773177049,97.4514898396954,443329.170421589,15848044.3784722,132946.18383963,10233524.6988232,391896.543881416,320.0,68507549.1783551,9991640.72907475
A2357,61.0,1,1,443.0,651550.1982124451,422.0,10134.473260799437,134.20845387273147,737676.9611329256,18869.61904761905,568902176212.9581,0.31562730664355726,0.2731569644269792,-1.1726741404456007,-1.911613406137078,78.6157091189817,81.6818869808059,38.5457869164603,34.8374749780175,-45.1192037596205,-51.8282773909373,19.7948170333259,-14.3619196056488,71.8626047858272,67.0275820606708,71.6808256815931,76.2672859463651,67.9234598406339,66.0777682525871,819387.734120337,27186946.4887785,291133.958906043,32066048.3854904,922133.371838849,376.0,87699424.7380011,44939960.2754719
A2347,64.0,0,0,540.6666666666666,464086.84427709173,485.0,613391.143704369,196.14620397380455,295740.2233547176,40736.470588235294,92321295249.33704,0.10778223898483633,-0.6757492163153437,-1.605590760303308,-1.3757457886803972,161.122566954614,157.440384649813,-13.9323468950349,14.6781154061506,173.949542697328,174.029635299515,-15.1562608838383,27.4174357004776,69.4226008180476,72.4554623786014,93.3317219744534,97.354776566075,67.0135391382733,67.5760890501327,1194101.31549779,47056593.7417662,151137.768676996,18128374.2995102,1052229.67921253,326.0,76494446.0176923,31102936.3825732
A2370,38.0,1,0,362.20512820512823,763304.3500744414,422.0,1150192.0715738924,94.07230701997527,702712.189243611,9082.483130904186,506466072729.7933,0.9410028165168635,-0.009711282579963964,1.4735165594113537,-1.888858729069064,77.791122591777,55.5704867280998,52.9587817584808,17.8332129960971,-31.8156716138088,-43.2856629737825,11.2021124808074,-30.8954774432517,67.5875089421033,52.288604106289,69.6595073372509,70.3688217076215,62.0560136226032,63.6349988375965,632756.453409692,25641529.6146401,608995.638243483,75440019.4050481,966560.61645508,378.0,113719828.284847,92390855.0618506
A2350,39.0,1,0,340.6896551724138,524727.0685378948,324.0,684087.7231637086,113.39801842466082,403352.79228885873,13318.364532019705,168303594876.4337,1.4398690310969888,-0.050110329573649325,0.9403058381302465,-1.7170345395306876,126.477885709461,143.689456988175,28.3964516479088,18.8551722730679,161.563582400025,168.072819682341,41.5079985294182,43.9203473384989,60.3940134863381,69.5903554563689,89.9653668403992,90.1044390563221,56.000458211265,59.0295611149376,1131914.37145675,49845972.7625639,257930.074637848,23915945.738537,1000308.23891288,316.0,83472505.2081558,33694764.0408896
A2348,87.0,0,1,393.03614457831327,27784.872411812943,324.0,6829.313634848479,146.76704316238607,28239.76057504419,21803.25477519835,807092319.2314324,1.4475944998398862,1.8505272136823578,2.199173167269575,7.7223163610157,86.7972055917326,93.3853064228169,19.6061052080455,8.690458041095,-64.5317339556392,-73.6623136209852,2.67627813033219,-30.8758984356598,29.6027137763772,44.5249319102903,89.6429711876418,102.167505000834,31.4813652739503,60.8275160756461,1857834.8842754,50336015.5539065,289886.078766832,33859420.7600051,1896249.81443235,338.0,109105837.735787,58982116.1977817
A2371,13.0,1,0,444.07142857142856,1124248.9997839788,406.0,2013191.7871230615,156.13865828885844,1055046.2503467402,25282.21693121693,1152876968598.242,0.09778792317466407,-0.05578786808835255,-1.8683493563123241,-1.9789945236486595,16.7574412862276,13.4703438778215,19.7354501824514,4.87629246467412,1.74700501266254,1.77117060797496,10.7548092197011,2.84571421096883,55.4987305167204,55.3480465533806,62.1999959829094,68.5390791075291,58.4102205507854,63.5980533541924,495646.578292161,24974360.5216309,460384.637128708,41709021.4949389,945840.991216436,330.0,77136577.3570911,66252266.448629
A2375,83.0,0,1,466.57142857142856,1257867.6139379467,462.0,1330299.8242125418,87.2787387127731,287035.8288387634,7998.4571428571435,86312879753.2109,0.5864886813566047,-3.6488186405294414,1.5213389468817518,13.187917298178938,70.8216617252983,139.749642860583,60.2906943656813,47.5630485592878,-10.7363368286161,-91.5058034069056,55.7880052334914,42.6962407374515,86.8073539500842,79.7282014585875,76.1457528475914,100.214227729487,85.7349882797864,80.075673832312,1080755.68708976,60458376.7811507,95125.9733195934,7153636.71210792,1115629.23547859,312.0,87466132.9079974,55192403.6029632
A2378,81.0,0,1,383.8709677419355,128234.65391702109,316.0,214440.98633072845,132.03414561673392,119167.88694630288,17718.8027498678,14430033428.912096,1.506255018638366,-0.06313787275825021,1.3383918764908715,-1.9521788934360451,79.9857636098765,116.722023156845,73.3205424547452,89.1770147110343,-42.1661003143842,-49.0283401145437,44.7518645866651,-19.546630312378,38.68822962999,52.8001487244594,58.8275112118681,77.5600318679571,30.4384881766182,48.8470437555768,1393248.88497745,25506339.0435657,487458.363243332,40036945.7055647,1554013.21788575,312.0,92376790.7927216,36539617.3068037
A2373,74.0,0,1,506.53846153846155,421550.7680359894,540.0,428573.6229317196,103.60510485241203,62212.35611287405,11163.378461538461,4019237916.696406,0.6844401227912281,-0.29486071669888,1.3033009153875001,-0.9975084604946822,13.070674510669,33.1932735245487,-9.39011593263778,13.67902844472,-24.2244505604371,-25.1905116308514,-15.5861777846575,-10.99776448428,61.6704665639355,50.4795147904743,61.9632087281887,60.3340152559807,61.5971224841424,54.9598258019696,768082.230899232,34878466.1947687,550436.615365963,52724811.7903212,1310185.10862567,354.0,98543071.8967473,84108279.8604476
A2383,44.0,1,0,422.1621621621622,1177860.2872975983,296.0,922568.170132376,134.75774329925846,1147243.8380551205,18664.08408408408,1351740543521.807,0.08524656123186394,0.1121318974862019,-1.9479808453315985,-1.8498564394368222,131.364639964778,144.188484095016,-96.5317923558248,-169.97646805395,39.1409367000856,36.7325113035261,9.94612471210978,60.6687283211852,135.195777079301,126.768204196148,75.9929155914841,79.7174296650923,109.824973181603,109.921021721872,273505.469670479,30391550.1652268,390510.952094541,47155973.3231379,293492.154820742,346.0,152156762.749703,28686723.4425317
A2380,65.0,1,0,495.1578947368421,943311.3397432383,422.0,1257336.0557961618,180.68677846305562,622043.6195844823,34461.47368421053,407303436490.2779,0.3550684487181862,-0.716758937813431,-1.6389475034685175,-1.2814507140818352,38.0546130264706,19.3241736999358,27.966725855902,1.2360153374237,-20.9018023835587,-19.1895916685259,10.8044101907543,-9.89699274366396,40.2973517271339,45.5656657384732,54.7782723120838,56.6978610049925,42.2880536142912,50.7474012367514,1189001.18307707,51561761.3850479,528509.37845655,52675361.6518787,1637888.02842624,344.0,120903725.352822,102758662.765657
A2377,32.0,1,0,405.75,483124.14456621424,380.0,69579.01204409642,107.03474903039667,444332.9899822698,11954.54347826087,205658131236.0249,0.29378608656270766,0.11686975649411163,-1.5490293109570747,-1.9373419394456364,37.2317756617427,39.5396174731936,17.0945493207716,1.39767729766773,-26.1098276541902,-35.7128879412967,9.57714862702566,-9.32652587285512,43.6718692790948,55.8097386459289,60.2072942926884,76.7069583919257,44.9436155325986,60.1758555793447,745120.050709008,30988099.5206508,132965.003268585,11027977.8668639,854780.290631013,348.0,56432884.2534937,40111865.9648202
A2401,80.0,1,0,413.39130434782606,1223324.5983313804,320.0,1725963.2977342696,144.1453792501454,837853.7671630066,21722.339920948616,732520627981.8173,0.5049261844497265,-0.6743677875453019,-1.6537684837500455,-1.501021601310154,,,,,,,,,,,,,,,,,,,,,,
A2397,8.0,0,0,385.9756097560976,770224.2245793531,381.0,760446.2062067622,127.78201480472528,606777.5171876396,16529.826558265584,372668942624.93774,0.6452798111458933,3.0766478513536324,-0.19179426353279716,17.032967271950586,75.1884765122527,89.4678523393359,49.1443092738186,34.1691979790255,-28.305512852112,-56.1280112802806,32.6674795904472,-4.03058612487114,77.616737821247,78.7447567140093,76.7861400172125,85.7803786400663,75.162813128214,78.5437812351909,1005320.15122121,39237844.5304505,327172.92494702,30242327.0388593,1133965.50858769,340.0,89127097.1057678,49761922.4047202
A2389,53.0,1,1,492.8,299084.46363329754,417.0,15230.559375642433,198.44334203998883,309163.236570907,41452.378947368416,100361002189.34854,0.9016704519337693,0.21972601795038246,-0.44605724805616553,-1.8159236047758864,30.58890073587,25.207059868163,25.1133240430421,15.3367640125477,-7.74616379526789,-6.53730567380873,12.2947712299574,3.63021792063839,63.6020100541096,62.0337765710355,69.3598502115081,76.8618900207985,64.9427990644873,69.2590612152956,376271.716363212,18445267.0161915,233169.930931276,19228459.3961287,589067.700467519,364.0,54796207.6777333,36766311.8767715
A2398,67.0,0,0,528.2222222222222,89726.38746946666,630.0,97898.11477698453,153.83091567459368,34663.09468426168,25055.947712418303,1268281807.1506512,-0.8676829500739108,-0.9320630205579564,-1.0390417126237423,-0.3136669631722162,112.327616603591,88.9542470616755,-104.177939919105,-99.1246908986981,-24.2313763811481,-28.8535268101974,-39.3777114983487,-48.8989399251363,15.2047021719562,51.8551922840562,115.872599249684,111.703631361575,62.0451279171125,92.2335374420273,455858.238688482,25393169.4133754,460147.915634538,48195925.9759272,510063.36598894,426.0,104188504.035415,54884722.5019059
A2392,82.0,0,1,472.9,1548139.5057079478,418.0,288055.4561178755,173.83149887175222,1416326.9696522371,31807.778947368413,2106281189212.5037,0.7788586601916948,0.164558371352071,-0.5953195959948898,-1.8808690880799568,25.3306758960118,70.188307503502,-17.4346194871056,28.8585360520944,-41.9566352308597,-46.3644791850602,-24.8021856110884,-14.6520160477476,80.8477596787253,65.8173688797106,72.2042819578895,73.5891991970879,77.9392822100826,65.5899237919454,759584.305854195,24217709.0006137,342422.966758418,30164895.6742097,1079075.92415459,342.0,67315538.0368356,44627476.9037154
A2385,75.0,0,1,430.96,889161.6090836651,368.0,7852.697457295753,226.37676205829962,1144786.7719678346,53381.70666666668,1362958223403.4363,3.0434827545238594,0.6313443967465571,9.892952941698162,-1.3758304828986598,67.2398737182758,63.4026317560719,55.7444686197707,34.8464901116824,-20.3079282097132,-25.946541078484,38.8908899318894,9.46913178637935,54.0828378695736,56.5942178494637,69.6673198921042,85.6741500482265,53.0653348440505,64.591955571145,921843.633950667,36861480.2854933,268739.588236141,22822523.5392027,1055320.69244152,330.0,74468777.6659891,51312197.1171254
A2406,74.0,0,1,426.7826086956522,278189.2235136863,354.0,6363.326264740819,167.8630281487906,354154.6598791065,29458.814229249012,130878806727.74152,1.2875396720791115,0.5383359893924817,0.8704905024482952,-1.6803548060225388,94.9887157932076,94.1151580027736,86.7227546915887,80.8152392214385,-28.5715324916357,-24.1602487441338,61.1122975474295,14.7584822803495,53.8564730763672,70.6475456361269,66.9838334700083,63.7024511692009,44.6891535053482,55.1646538871392,490097.729320514,9653740.00176928,185872.756291515,14780704.0769347,508823.313757478,290.0,48159131.5829016,17064137.7128248
A2403,24.0,0,0,412.16,649336.9343418041,393.0,741585.2881327389,138.89555212460908,595626.8897442103,19685.688163265306,361866819622.0889,0.41446874013727464,0.06145677179658055,-0.7419517515341276,-1.8943265027244327,90.051475641292,75.4402239378448,54.0511683425773,22.970315979929,-39.1172107746959,-53.6308421084502,33.3840623778475,-16.7733631613828,81.2464193330972,83.3316912636607,70.5728177819932,76.0263453497334,74.7972385512484,76.7408282695059,791464.137935651,20519234.4595737,306956.496510163,22385928.8449413,848646.710549476,350.0,81493837.6021992,33957572.8959937
A2419,23.0,1,0,418.57575757575756,152828.76287983157,317.0,179409.71890760548,146.62868591621827,113833.17643281606,21830.74032634032,13154325269.766216,0.9122825348234916,0.12842076525138724,0.2312901787118644,-1.768297434695816,57.5128151509372,34.1908262301227,16.2671073126885,-7.36094505711576,-32.3401035216064,-39.7566937840011,-6.45214750231493,-29.1549758122453,103.41349649108,86.7674413917704,71.6048680659555,74.4123472768586,88.1435231796488,77.9912692350982,601991.388333149,29969085.787938,545872.119708643,62686612.7965222,1006663.00422618,370.0,105384330.867111,89082561.7324785
A2409,81.0,1,1,423.48571428571427,296874.2418825657,374.0,453777.89116623194,160.3826444883025,250963.63646066774,26479.139495798318,64782253877.721115,0.7766263609439535,-0.157772083515504,-0.8299559950235977,-1.8863999274378849,42.9327362462848,23.3283802336287,18.2115351391048,-23.8788935203148,-31.9538035865311,-41.6114219195073,-1.93038433879546,-34.8578185979631,51.285760483419,51.0446425139136,62.4982443509993,68.7406665870413,52.9200853650732,60.9499930772937,557947.699401806,20910557.6268186,337782.972762734,28256566.9278961,837480.782806042,338.0,65733721.6717593,48174690.8633486
A2402,68.0,0,0,351.1372549019608,316039.66766110115,342.0,296546.2069268258,64.56035923553476,308471.4530107121,4251.400784313725,97020414524.94272,2.670636503352725,0.0113099815303957,11.785931558957802,-1.9845221877953017,45.3165184886161,37.3418350305273,49.4835970901767,24.2194277535377,-6.51083574768164,-24.8794811107226,33.6367136781955,-0.479498806217897,57.650688377665,44.5712415545048,51.3462303065969,53.1300398739131,52.9075613649693,45.8897998805374,744602.007204836,41084643.7507964,341143.738391911,36455362.9036975,1013930.24072406,350.0,83911806.6879064,73474247.8798212
A2407,77.0,0,1,367.2432432432432,483750.67447932466,312.0,712351.1485262346,105.57267393304606,344326.4634318494,11455.189189189188,121765057025.41672,0.6108333823165821,-0.637415682025434,-1.2841350773890308,-1.5545771451952501,76.5739234216237,81.3469673414653,93.684337404859,85.1822762116689,-12.8010724358206,-18.3630302487391,53.7170628384921,4.24226885341277,42.2882050755525,48.3903507105871,57.8349812433521,62.5720476607858,34.173842127925,48.7068286578906,786982.101196276,20134514.2059437,438094.214850098,43574645.6288213,985582.646741435,334.0,97148944.7604721,50676869.8547763
A2429,59.0,1,1,503.55555555555554,1183301.5427651529,489.0,1129308.3035967853,50.67348881945867,114728.83678412707,2718.8496732026147,13893967433.718805,0.5792473406974479,1.3624277751048948,-0.7915188701031455,2.0513084479598964,40.6819020986887,94.5415051358989,-23.2563606281106,-90.0763469242624,14.1289379628523,12.8939409193894,-6.5448349220912,-31.6072928609611,45.0614473347763,66.1848703697252,71.4031345632396,73.1123034829313,53.5145545040379,59.7575414085235,828047.893365739,41565285.4556665,503711.245245505,48325583.2578579,1253790.76954386,360.0,119652363.266018,61195894.509808
A2428,18.0,1,0,332.80555555555554,241349.6218972321,315.0,31594.436279725833,72.48805244254794,218520.51885272205,5328.525039123631,48414428509.102615,0.33872517060457835,0.05598925711446399,-1.3618464112691404,-1.9598623207644672,58.8454280253674,70.4610463109333,31.3454947067247,24.2512720263683,-29.5381204147624,-46.2728724647474,14.3381968849735,-4.80570003602689,78.2764063561347,79.7339245999415,69.6731190312021,87.8774263510312,73.8985454601395,81.6762520342258,646258.710183161,26611653.8658061,284769.017480008,19218840.1123574,830158.823617853,352.0,68250404.899603,37678205.6392642
A2433,67.0,1,0,807.3333333333334,2344287.649930823,854.0,2572446.6276827385,147.80016538857083,697289.8366870987,23830.78787878788,526730876042.7142,-2.9964164965529783,-2.782713932943299,7.02143098899495,6.58300249328296,169.399182966363,156.380281109431,67.9233875755216,53.7332881662686,-100.950688081345,-106.705560366748,64.3779821998076,31.1096801905612,71.9092628314472,53.6727035073434,109.233923548978,110.047777270598,72.4137355696766,43.4527764785286,726651.46727078,30908739.8347404,178619.373823107,15184668.4019193,552059.449715187,308.0,61823360.3735226,18052264.8999996
A2426,48.0,0,0,424.9142857142857,176104.9297785343,314.0,21411.10867590843,142.1575326236097,178092.47684785954,20803.13949579832,32623128318.656963,0.31851680108117536,0.1942847686999208,-1.6897171363497745,-1.8574669159641504,40.6984437872057,136.72449524714,106.387111271711,9.35491166835707,139.418265995587,142.199668932479,120.43624374726,83.5986564261248,85.7778719681161,61.4480563173149,110.375427374859,110.789360620546,96.9190991815559,82.3054766407089,162596.611275719,14798626.5150449,129095.75077028,15677534.2247386,273736.004022758,362.0,75341646.0927833,11267348.9697403
A2430,81.0,0,1,457.9047619047619,178627.50565467222,422.0,103177.93737183671,170.698817124784,120244.49400806638,30594.99047619048,15147249688.74429,0.8916880898748369,0.39111525373810363,-0.19837313453505434,-1.394558197334613,74.2916609865391,58.810073201167,43.6858276308435,19.6405323318866,-30.794787015732,-38.3698655375576,17.7799464865388,-16.7374650274922,72.9245924484694,77.6740968617882,87.0094692888923,89.9132014898086,75.2796076728479,84.5143993576252,899144.709437992,37554229.443097,501489.832878366,59027150.1559549,1141977.91337981,412.0,122363757.299499,84796807.9197574
A2454,29.0,1,0,426.48,54693.1044602054,326.0,17773.967849047454,128.7009308435646,46892.46156514506,17254.093333333334,2286859069.7041507,0.4396749221610842,0.3987784435394677,-1.251536540558099,-1.5862883739001323,80.2521134461658,76.429621825808,80.7521856353324,61.9166508426056,-37.4126224950035,-49.8783671959464,38.8081067480014,-36.1122584356903,43.4503377604314,30.5481395141327,53.6156830080931,62.2056240410258,30.1505735994735,45.104200337312,506740.931806153,14800114.5352272,297918.03406972,35384460.686814,629811.886506696,362.0,63807345.0047729,41435035.4344707
A2436,70.0,1,1,534.0,780580.472240636,550.0,805288.2293233695,104.83278610949087,183296.92521770217,11234.133333333331,34328148941.96529,-0.6132077461296734,-3.011753586364215,0.004170757191041208,10.427525782580322,74.3681607857275,93.4043666209251,38.6606599201124,21.0500980079238,-32.3367580721906,-72.7877809257682,21.3557536415156,-13.1859628120272,94.8137754401631,101.297502053109,68.0157751824411,91.8197685999132,86.8387335745992,100.791897739255,469677.080173924,24502109.5311969,186302.885841669,15680262.4548153,549964.666504785,398.0,60466447.7353169,28294780.1735006
A2442,50.0,0,0,406.75,1307142.8027228718,413.0,2097405.2998069925,131.87849521434492,1231285.3450927066,17708.154545454545,1543136165344.3523,1.207519212161392,-0.059745178127605277,1.2228865982911055,-1.9392500166932205,20.7792993846971,56.9244241007016,-26.996136913657,-25.6480472017426,-52.4305625671303,44.4094485914768,-28.5121288769713,-2.69961686519181,34.6681881747062,60.3170105229344,16.6036403656648,11.9256117744511,32.4693025907971,22.5510627843354,809656.406220493,13349641.7530425,105170.603770829,29868959.4432438,908752.354915043,324.0,70910642.1785101,38801909.0022966
A2446,85.0,0,1,446.27272727272725,774229.7780533544,392.0,1180796.9311958633,159.61920077546543,672374.9645391686,26691.541125541127,472637551709.00507,1.5200521980061246,-0.18158571544446997,1.6785432303963503,-1.8486656130376298,147.16615654879,160.33763813267,72.3785653856664,75.7967243101147,-109.867381716083,-96.0214004549666,72.7620305025891,66.3004148043562,69.5180628865658,82.6086459091497,77.7224735471835,79.4955169487951,64.6192164328235,63.8140784941326,2012829.04790986,51447514.8625883,281520.581728542,28191647.855665,1782828.80960792,290.0,122826118.43068,26645350.1903598
A2441,33.0,0,0,476.3636363636364,1113119.7333608607,484.0,1559505.2952122006,192.48578352570385,816987.502337506,38815.09956709956,697808059838.2073,0.2693653365176542,-0.5541569504406344,-1.3199425765057846,-1.5851999757725728,126.177315181634,26.3377873038162,161.439115634113,94.7993421682139,34.6937295819249,69.1406608004828,150.599512334082,80.1338712631655,97.1434952518202,45.9135669086642,64.8895222760072,62.3859201711718,91.7582925558312,53.7803915254346,479544.479141619,5539045.85852605,109862.538697642,5961348.49738347,424070.097037804,306.0,79700360.6820055,11198378.7118246
A2438,72.0,1,1,437.72727272727275,279021.3549846512,432.0,283922.4360981015,77.10511232796071,65824.42557523597,6228.303030303032,4529802956.960223,0.8897755526234996,-0.3742519679489185,1.830387654675084,1.1815906504369744,30.889767928349,29.8902792881474,1.11630639192683,-22.4436780486273,-23.1331163444555,11.5488506643074,-3.46735766339526,-18.2978036336316,40.1362222447823,53.1217577289177,64.6898112667668,62.0891992432832,43.2284926651917,53.6347436137053,976541.91556416,27906434.2247466,165353.773472676,3669585.98080264,1121658.35718833,244.0,62630482.2381156,31141635.7635332
A0004,45.0,0,1,439.15384615384613,3400341.472441545,423.0,3957617.6591416677,96.47506346109593,1466972.5986441446,9679.735384615386,2234778166910.169,0.14338369505018977,-1.4928746088732638,-0.8433015609352261,0.8403217973984392,108.86563182158,114.516236564426,65.4964280914935,62.9669607199256,-52.653856969392,-52.7499300121776,12.2534126488599,-23.2582114954078,64.6629383617599,72.1017635106786,77.4638562070552,90.3795285023355,55.457389748737,80.4001718420403,594463.783143096,22861896.1080504,486926.276249358,44096780.847872,635051.700506924,318.0,88519346.6423969,40379921.8375123
A0007,74.0,0,1,488.9,56829.96814734567,499.0,57339.35009742669,55.51747472643186,13334.129810639048,3244.410526315789,186688968.69732156,-1.5135787532023157,0.32440706901230165,1.9441827769828768,-0.4491664037293246,96.7620928451042,131.390558006425,27.5058801714763,16.5996094989501,119.077770079434,141.043556801216,33.2232276732438,29.3869029544816,72.4180096167942,65.4534061141844,107.904042063981,128.021874047268,74.1472495020056,73.0457055218919,1095186.19761976,40002264.9932415,109586.671531134,10999683.4247332,1087740.12237415,372.0,75586372.0799586,33753701.8091315
A0003,81.0,1,1,410.4166666666667,3692825.7359252167,389.0,3750698.0758093316,66.00499770640268,443252.78414726513,4546.079710144927,204659406931.56464,0.9775785373024268,0.0035796499042657537,-0.3420299324996332,-1.137093880330547,116.332176105051,148.095680577717,86.1359977798412,60.1175347424038,172.801072415206,-167.419389027693,96.4701403794567,116.62169410791,51.0564181806508,43.6484631694118,138.856634397892,137.752136312133,59.8465713181078,82.3677151463687,408473.794149161,12390397.1993727,89144.7116344918,10934347.5232538,377483.259783171,368.0,41154636.0312441,6561538.07833968
A0002,49.0,1,0,547.1111111111111,430843.21754238365,485.0,604064.518833217,194.3744635973703,287876.82008644915,40003.86928104575,87477122628.8128,0.0264458551535825,-0.7492392599983448,-1.5963617579769909,-1.379590640933438,122.328005643353,74.0841605363473,-152.150052080984,-162.905420789021,-30.7562800841248,136.629957891955,-147.719265184606,-172.396194951548,100.521990729051,99.7836411303978,59.9518564657821,51.4767708326369,98.0585818263566,90.1771925155775,733083.246946988,29925737.6023305,72172.2602599715,8000685.28976458,697160.561224796,312.0,120352053.716907,33028384.6017202
A0017,60.0,1,1,378.1525423728813,1074322.198974414,322.0,1757631.0070008624,94.60180841058636,945318.2984649707,9025.993625959725,901199792916.2048,1.0206821569753748,-0.15722392563481483,-0.14258469554299236,-1.9366677552436,45.4950156343093,47.4982617938448,21.0863152778148,10.4544668598972,-23.1838183860177,-27.3328606824893,9.34332884045774,-5.42359006781353,61.4019366727531,69.2511131472252,80.2038808610717,98.8646483010453,64.8130403856695,80.8501418451686,783663.33321248,38992442.587228,264286.093593948,27058835.5817533,987083.353656888,342.0,88870374.160255,60648622.6531779
A0009,81.0,0,1,510.9032258064516,101103.84630318882,406.0,91753.31828271714,275.4463070257256,96438.63332632292,78399.69032258065,9600423223.586023,2.208162634800226,0.030311925138716066,5.014620186440618,-1.955741390141538,112.104963208835,154.652519974948,21.6905936560462,54.3731407345348,-90.1757432641906,-100.738251358369,6.34808801775925,18.857156977493,77.8381835739326,87.1211255868077,93.5117738589971,98.3109831188377,77.9637992027232,95.5824330005727,1214167.34265489,53597236.3918702,316686.149959609,36142317.6182206,1133625.49569424,348.0,111695492.380615,26031831.6672641
A0019,74.0,1,1,406.84615384615387,371605.2115683974,411.0,441135.3669714075,112.52920725397074,200591.5677360475,13169.335384615386,41784553087.06708,0.43792839437610237,-0.7518987332924998,-0.3026976601241973,-0.986019108265344,105.825525215116,174.662828774497,47.1147005299697,22.1042649748275,140.431338278943,-161.581850483769,51.2975553081533,23.1895747620335,55.4094934999687,54.0030912856388,113.804165861883,121.624628926686,56.6368250572333,52.8200345043458,1276896.69166601,38356302.244732,83811.4025310093,8298653.65707082,1256630.30317769,378.0,65577516.8703059,30103525.1659995
A0023,67.0,1,1,421.5652173913044,2383250.492937815,386.0,2469645.0978044206,124.18353391057109,1054476.5868268413,16122.529644268772,1160265257912.332,0.722673429659242,-0.8593689672637389,-0.5723965459733398,0.13319441579591862,93.9635780026217,135.261278752477,72.5209490427852,108.606408487072,-25.6543585028113,-25.0269380271265,31.6918963723279,1.52519196230099,73.3172597459433,112.271637887695,77.1798333784468,76.2555003597682,67.9412046462056,85.9903940265031,335194.686587246,13428377.8526189,255710.318021315,27356341.3952411,407300.769739986,318.0,64280675.2943916,20169628.4174412
A0020,27.0,1,0,419.84615384615387,78196.90667616112,300.0,66420.37551458529,128.78476149335143,64471.7408078915,17021.97570850203,4263184987.4871206,0.10934456093432572,0.07456031378716958,-1.9115680881168733,-1.9017782311806923,52.8964446908484,42.3952843797033,42.5127027227614,5.24256579584299,-37.1447901769074,-45.8417774864377,2.09610810775178,-34.6824426152995,35.9253966296019,30.1512973910111,49.7873406944648,56.6944763102054,34.6909337184863,45.8680715479417,631011.852540907,27273102.5845744,496897.253668508,54353674.8555325,1011624.06975325,394.0,91215006.784429,76731161.8409995
A0016,14.0,1,0,421.82978723404256,2138863.8119579894,300.0,2062481.5921409244,129.25240343441104,2100723.9473112207,17069.361702127662,4506935594355.917,0.14298979689717586,0.002271694008266257,-1.87206712560095,-1.996941594020227,175.340900651174,166.890269913561,64.9891025347329,59.129865745062,-112.057961095047,-126.262588195497,64.2725724881848,61.2835142996739,99.1721825075466,92.1521494033644,77.1798240338069,75.8695232335679,98.2703826762545,87.2430792959918,1761174.31665742,137021365.544907,348412.945327668,40404677.3298448,1414195.85874479,316.0,206857323.062589,98098749.7487844
A0026,74.0,0,1,684.4,103117.00141642614,720.0,127915.89311938663,251.29658440443106,54578.91013406231,67660.68571428572,3177447926.8501863,-0.32445245067441547,-1.1321135044554658,-1.0598895838735505,-0.5821224992925047,13.5281172201295,8.49062752971166,3.02968808797382,-4.11030858906565,12.1691891254012,6.14861100405135,6.10386376075872,0.996255306125844,61.5184921754384,50.5692143146774,50.2842725248664,53.2197088242787,57.3251853665543,51.7527902345863,476847.751640963,34735483.881504,276553.40902918,33200611.8779733,748529.01868659,366.0,74394643.2636921,67749790.9055303
A0037,42.0,1,0,437.0,730760.1376302346,431.0,75402.17110292167,118.72619378599269,702146.771373827,14767.142857142857,515419638030.26605,0.013334934008156192,0.1391164267398092,-1.9812370066927758,-1.9210173398332016,106.598601507339,112.509038756508,101.457045444773,104.310508370828,-9.5039506246418,-9.88553484183838,36.1429059092318,8.74998002795101,84.3236593580149,91.2028651014919,66.1690531964978,65.9796228987848,63.1659922875645,64.4091969730583,390102.055806983,15502677.8255193,539249.801615308,52852658.0290377,568140.467101278,328.0,85315063.4320375,49054952.7859279
A0038,55.0,0,0,470.54545454545456,1286110.389943999,552.0,2100934.0708821807,193.19813834806232,1117786.9869111618,39102.92640692641,1306240827567.3853,0.491862162101852,-0.2422356409207469,-0.7385442374824582,-1.9132915894127482,159.575291824426,156.424568653052,82.4153037863391,70.1200036827551,-95.614286598428,-96.7795737783713,82.0238708796965,31.2334907942737,81.9078867081202,75.7399942875476,77.7615401823917,84.589806412597,77.9477670874731,41.1139976015098,2004088.69466135,56767120.5777241,336574.158513898,44034845.8203876,1692754.35225508,372.0,121540611.287407,24070612.7977075
A0041,40.0,1,0,457.23809523809524,2362957.6422770717,304.0,2277804.006506729,165.78641013921518,2243546.3273888845,28859.390476190474,5273190605194.445,0.1316322033864379,0.0025257760322840816,-1.9384458509420792,-1.996600631621974,80.6974344819533,55.7427709793026,-57.328694743083,-144.714994942545,21.7875838467832,-114.46512744927,3.03433050945211,-135.725705161205,74.8649643628361,90.7885555244824,94.4106232127599,140.249167813169,88.8382184473506,110.94797882759,78007.1838607464,21505807.726461,204186.383699868,14490640.9633429,230057.950405171,286.0,114669979.857833,31989381.7765392
A0029,35.0,1,0,420.3478260869565,364003.4289241722,504.0,287426.6134497217,118.91341705688077,349063.80397056777,14783.146245059283,127143171383.377,-0.023563733146303747,0.12912863831530938,-1.9041390079117981,-1.8397350545194662,162.638848038937,137.100372837704,-154.94968445223,-163.590008533189,18.4987030780248,58.2894270748601,-151.763417117493,-174.393803240269,89.0142211093365,96.3782921897208,74.8790025718499,69.7080957804218,81.0695369735825,91.6811657794572,778455.103033465,48322071.0401787,264947.035163915,12067658.8569063,531491.1062425,358.0,92593104.1714382,40327460.1088247
A0030,46.0,0,0,486.9166666666667,864062.4514058821,455.0,740663.6298365019,178.87144281733615,836556.2406547987,33386.07971014492,728985774769.26,0.06338830389859432,0.026419120853460713,-1.9165582977114695,-1.9486720047720134,138.61879309095,143.956907729468,70.4416172868622,71.9143267257266,-68.405007744087,-72.5763451921294,57.5420386094147,20.8687254560291,77.9543914879616,76.7565486666178,94.4437969675956,94.7335253999576,76.7132893046049,73.6380153969068,1681384.91681862,69661362.4873462,454814.411176064,53007501.9128387,1373438.27192714,324.0,124949852.322914,41122446.6348617
A0043,85.0,1,1,537.1851851851852,1051629.5286682884,596.0,1344169.9141467973,178.08550527184596,584768.0458055356,32934.23361823362,354618618039.49255,0.1416097348157796,-1.0368109008467967,-0.6911920079022771,-0.7142760648083915,54.9365351149953,49.4059450444473,48.1868014188334,29.3457984960464,-18.3371435607888,-26.1422910967985,17.7939442733243,-11.4559098933146,45.7876594498614,49.3925859016849,62.5909862610894,66.9421558858257,47.6529447140511,58.9799998665137,936517.365136753,31795037.8276704,648793.960077829,67616128.9884785,1412840.56886793,380.0,107405952.949684,91545999.7967059
A0061,82.0,1,1,548.7777777777778,217757.3257527931,536.0,257485.63859465605,206.12632468560403,131902.7765274362,44987.35947712418,18364917036.51604,0.12340022629024756,-0.8346069723172267,-1.3933034844172958,-1.0030457755217954,117.572837147265,127.437591095558,64.3893889346201,54.1457887885651,-51.1494696254273,-65.9206407317114,55.6992077603546,6.75057239322936,73.0528157350405,65.688550738209,101.680922778507,123.459170162386,73.9016563306917,93.6473648439429,758207.696599042,18421853.8607994,116920.245941199,15515602.5319102,711675.153300151,366.0,62522764.3516494,15250997.89506
A0059,28.0,1,0,402.48979591836735,413274.33891767,478.0,378507.42220813385,128.41357332557982,396921.5827375879,16833.588435374146,160761982492.7672,0.5344592336725921,0.019963706875244232,-0.19716246924017522,-1.9732504811392808,97.6278022832511,115.823155910733,93.5450035227851,88.8073855907204,-27.09682243501,-32.3888870834391,52.1325318978688,-4.50534810775355,41.790008243507,51.907541920374,74.832629947141,92.6361230448198,33.9400266922649,69.4517934204766,599900.179357001,14785285.564457,278898.608837639,24865771.602056,627094.677150044,334.0,57374126.0487511,22729286.5435085
A0064,83.0,0,1,509.89473684210526,1191226.5885145154,490.0,1197693.1515002097,103.01246461975371,312199.1166937479,11201.09941520468,102598198383.53308,-0.3481523530032885,-2.469237259019029,-0.5842114700629217,7.524585237883452,69.6087459222039,57.0356905520987,41.0107016288851,10.3081568663427,-29.7996603232917,-27.9141429981311,34.8087171123115,6.19564413606793,82.9614349166795,85.8700794816605,70.3329154945127,38.4966506136936,80.9663663261798,78.0754111656411,860561.109100739,32097203.813107,108462.829528167,6577171.33103102,904087.14005796,344.0,80647643.1959634,36100211.2238533
A0065,66.0,1,1,400.22222222222223,95239.46955336833,390.0,104254.3814026321,78.03955945228147,40898.215432562254,6324.410256410257,1734614545.033765,0.5744991937203144,-0.7935358476139915,0.05437699343414604,0.2377333852358965,52.6367856571616,35.0665967006798,24.1708721372638,-22.5230225332874,-34.3262479417341,-42.4384628284775,4.07578742026269,-35.1138175955429,47.6092054562256,47.2322575144411,68.4173295645704,77.7593256289388,50.4959973855184,64.1252106985573,921021.518961801,37536135.9979583,404612.735388589,48211266.9065125,1210081.66346582,380.0,103531538.048822,81826974.9751
A0073,14.0,1,0,598.5,1751136.1965881903,697.0,2094191.094797763,183.17546233052067,821140.8603095178,35790.13333333333,716414331999.2211,-0.503880808118532,-1.5800946845233796,-1.340942107459085,0.6888783857518832,152.137516987258,177.597770737914,-140.439613792435,-155.089968737905,15.6434705341946,22.8448094886183,-123.250308663769,-153.302701466046,114.579372842301,102.623085447891,81.4163511789257,76.0612846318653,122.282040699458,101.460460054021,360870.818420669,38223960.6749819,149185.20327166,17839989.1673653,239359.880946268,362.0,72091037.9292444,20413349.2656717
A0071,82.0,1,1,542.4516129032259,248502.57345280066,444.0,372060.3406492068,264.0106105772996,209551.65032889412,72024.98924731182,45328406870.25869,1.256529804532781,-0.11117123040809102,0.7916875502819933,-1.7563380393926276,101.680697281962,118.817607833739,77.0133069247651,64.5940832274153,-50.0571680792597,-67.941453090217,71.7348752806424,33.6650602789274,77.8159557966469,79.4089109247227,38.5804338133477,59.8163345957098,69.4670810258066,56.8044081523782,991745.46150226,29611129.165837,168250.786734496,17667849.9940034,971752.291991378,342.0,66401500.8564333,26165183.5181002
A0075,48.0,1,0,403.0833333333333,493604.99227700196,391.0,22312.269424698618,101.16978990236606,497272.89068341075,10680.340579710144,257583674800.66187,0.13851225974710443,0.10994036435248128,-1.7466551494603746,-1.9523910004148586,108.1728062075,151.326645035923,15.231237628075,42.1919168525198,-85.7426357204494,-107.249085527411,8.09569074988406,31.7657644164009,61.4541078833801,67.4976603609424,108.740584682796,122.060079196657,62.9804761047856,72.7003480207959,528524.024903315,15689010.7491843,61036.3694992821,4719071.27522964,512777.567672636,268.0,33339929.1961797,11768522.1584677
A0089,49.0,1,0,404.75,1102589.5669040848,301.0,1800084.7475188496,146.99865362195214,949375.1468343363,22548.108695652176,938867884819.4977,0.7110350778181619,-0.05545452845156084,-0.32454836202648574,-1.9625496340161066,104.630452275783,161.754479496275,-61.4966624699968,-101.60768941017,52.6878563507515,69.2633967057683,-13.5969084399745,-47.3931181762082,48.5615489193867,69.8756536020797,85.3605481589884,94.1916128020956,46.4075827823277,30.6227235931586,427161.320498184,29429034.1137201,260368.849974781,25148832.6319909,440538.620027277,364.0,74681669.9407557,9630152.13460227
A0086,65.0,1,1,488.26666666666665,1593221.389963915,475.0,1572537.5254173933,124.45586455536042,377762.949051121,16023.374712643677,147461673864.9932,0.7158174540342868,-1.7912860725591513,0.1320869126497355,7.061370866181688,74.1839084131185,70.4789646094452,57.2408139625833,42.0635953745362,-23.2095353165621,-36.6060373819578,32.0852036662942,-12.6503862377314,74.8174778582481,69.8060761954867,58.8291793541546,59.4785230946205,64.0349718321569,57.2544537396131,466460.732176907,15473509.7803908,272050.364924546,33891694.2642023,600641.964453708,354.0,73072929.6473744,41695943.4795928
A0079,77.0,1,1,519.4736842105264,180758.10681208535,524.0,196996.36926992377,117.684398832351,69640.71440912488,14619.040935672516,5105083266.750835,-0.5128317597214777,-1.3607565899902303,-0.4985543203258578,0.7770394390051294,116.404960844407,154.70377527941,59.440969783588,29.8595123601567,176.310204204125,-176.375562270801,73.6286666387049,50.7698071707116,89.2605539260099,71.8128122712893,102.009227407024,105.135291286348,92.5384472169526,71.9209598943469,858378.5367718,52205302.7406509,220455.483809156,25014449.8097494,785560.034312128,262.0,92024160.3279299,31460826.9397313
A0090,51.0,1,0,599.5,985113.323751906,631.0,1437523.774253533,248.27353866250024,821516.2742000576,65749.06666666667,717069550574.0159,0.16087853867885502,-0.2714444237193746,-1.3454826953777104,-1.8302052521160392,14.1669293245129,8.2387173410219,-8.97447777964401,-25.2503858886996,-17.751783360022,-17.3625169417853,-13.1671095068214,-20.4000757144772,85.1509481868877,72.6138177428472,73.9048490133843,75.8210197580818,79.6471899990344,74.5404175095514,415458.491946643,24309404.6061446,394085.488484268,38179543.0717904,803369.513954345,356.0,73317912.6818016,62335475.0277673
A0101,79.0,1,1,504.10526315789474,2347312.889775866,498.0,3029158.320977834,163.07631237095623,1559650.8095623842,28071.3216374269,2560537523966.9478,-0.18653812432191128,-0.6273810091777643,-1.4419791213275277,-1.2820450925704623,46.3305343243424,70.923914219339,96.315295021249,82.2157003354273,135.774776023584,151.038968107401,99.6043688544038,94.5753140324427,86.9059734653636,92.4887718651125,112.684061247383,122.823159559255,89.2859626201706,100.587439319019,608744.707015698,14272013.3658086,64045.4552777599,4357136.48019998,654609.205661971,274.0,45773048.0589382,16227202.7853162
A0109,75.0,1,1,410.3478260869565,399742.90815077216,360.0,384313.1134712533,119.8631860282352,107903.94841122713,15020.237154150198,12149490868.93854,1.1255350151651418,0.5880195941003711,-0.21162725641099245,-0.8292694529876679,29.1293287142495,44.5260705650668,12.3705252930843,5.65775176052394,-20.8953150422344,-27.9041772237604,2.15104179210651,-9.33085510459176,42.355302101065,38.7350220504628,57.254636021693,74.3096092564582,45.2640055960232,49.6465690421481,725443.519500398,33304808.2801342,263356.76361494,17575950.6475325,964053.465500858,288.0,61940002.8980097,47463381.9962275
A0094,29.0,1,0,442.1333333333333,740176.7317286927,431.0,1085479.2210297664,174.55614824144374,595736.6789049018,31520.533333333333,366732263612.3969,0.7756373945900034,-0.24974481023761297,-0.5073529030595734,-1.8442853109494133,58.0035083196574,55.8032229204263,67.1718576283572,8.52469037062815,-18.7254068484712,-23.6098451929456,11.1513702549242,-18.9335843876316,17.1498761298555,16.7445063706823,57.5962055485957,69.6297191549689,24.9842912762566,50.2627294146929,666129.219197133,22590190.5494993,387284.543877556,39266261.8561785,931187.117944634,390.0,77429787.5369862,55219976.0642846
A0112,88.0,1,1,634.9333333333333,238992.0547039442,628.0,241858.28799173515,141.37772887630578,69727.46681343982,21415.352380952383,5186047603.433975,-0.277049926724064,-2.21173069198223,0.4003569604752242,5.343562118154733,57.71486940395,54.1347373103058,21.9867125620088,-22.6680349465498,-26.7741983449144,-29.0520608832061,-7.01568968377513,-27.6967179189446,15.1574369809526,22.4430629133251,67.1161818307017,76.4149422536262,27.3697700512501,54.7970164286295,1127404.45623459,30282016.4597576,458903.410165099,44075037.5182686,1426296.4729145,364.0,101811514.942428,66509685.8302499
A0107,26.0,1,0,399.5,169274.32446501174,439.0,256736.4920364838,122.46257931847317,150784.29321116972,15649.130434782608,23683232374.158333,0.5068208224483794,0.031831730636253996,-0.4983977330524456,-1.8526639558146452,110.237226545033,99.1381401259892,53.9635349972534,37.6807208871974,-55.9769449905469,-62.5196187205329,41.3963775637652,1.92534298356295,94.6732546292055,88.3382295503277,68.2565084564404,71.6017858994324,89.652017086156,77.3701236942782,1115714.44192279,42533660.3707562,262659.524586079,29020318.5138875,1054073.06921955,316.0,83436028.465129,47531324.5917547
A0126,87.0,1,1,531.1111111111111,1126432.2404945164,480.0,1299591.9832634227,142.2197916458974,469058.1314714625,21004.410256410258,228164254058.7405,0.2524792377165193,-1.7369634406361358,-1.2150186850199163,1.4802533482331253,70.328885691888,158.155711695545,-18.5911178581192,-97.1549085399068,44.5977882079232,66.9626982345789,12.8860362624818,-77.8195021913566,75.0328097078237,84.4356018934151,107.69672560856,111.059022699141,91.674121300559,104.604132352648,157540.257095719,30478579.9880774,158695.373042841,18662943.9454876,258524.264303123,398.0,76955488.6600144,14875937.895436
A0122,74.0,0,1,450.0740740740741,175395.04646738933,434.0,191752.72479360225,158.13088638555385,113063.18592379626,25317.94444444445,12941102332.365328,0.8459417613488408,0.14702196774824203,0.17838840112391097,-1.0326169252034256,100.276343154469,116.327720690864,57.3549759630245,46.6320003518385,-46.0857776223819,-68.8915384481051,39.0170936405123,8.51180948037135,69.7439497714812,70.7933193489917,83.6439987177952,96.9065078489822,67.506567367636,73.6225132097034,761103.671302568,35873480.6341302,226866.731578036,21584944.4394735,754413.925202239,318.0,63327176.1715806,32649360.8602431
A0133,26.0,0,0,473.7142857142857,375453.1552851291,438.0,61604.85003397879,166.33561679618103,329610.09213903756,28342.355400696862,111229546478.95016,0.05417745820913724,0.08805501412895697,-1.9199278464080933,-1.9406621541718319,12.9686279403885,42.6229089288248,-23.1020076808038,13.5441547963608,-22.159232849974,-26.7174776752041,-22.7950989311186,-9.62165674844112,74.6237454650283,81.8997731172303,61.6844875849367,62.6639828955643,70.1561705841915,69.2232607357652,885641.507652891,29241959.2932802,468191.044913495,43611520.3495222,1345997.67054924,332.0,93160477.6497753,68072281.5842985
A0125,25.0,1,0,455.0769230769231,170708.50914843567,419.0,258642.7287599861,161.72743525329727,134641.45745828206,27201.99384615384,18825565222.893852,1.036466728936548,-0.35241077698893947,-0.5618507643073465,-1.8440435922254172,83.9686894280658,79.565943862588,51.1382358747177,34.7330832555468,-28.4779375717713,-41.6193707423646,28.9270720333752,-15.8085476312089,98.0032768151477,96.3376912125149,65.6126003383824,69.5329506552498,86.9202131801906,76.1378400745685,941821.408415301,32184799.2109225,459466.094003736,60545793.0535732,1090446.35721792,362.0,118538244.4123,73535511.7033683
A0117,70.0,0,1,359.18518518518516,211649.27725141155,316.0,176520.61145444302,106.20073133494334,206788.59326636593,11712.387464387466,44345282390.45594,1.755656340510193,0.22904626535289055,2.6945067588046676,-1.6468232635783733,114.720150926708,166.256130905649,68.8654433835658,47.1411896005266,-45.4705539756421,-141.414383685021,54.5835524621982,58.838579041456,47.7587139919892,46.8646653821456,100.095002858371,121.181516955364,46.9819350296968,36.4195580226007,1037699.96458793,32690878.7256785,195499.22703024,16331293.8479047,972299.608746074,294.0,81955868.7153187,17268726.2682366
A0121,81.0,0,1,429.7391304347826,591106.7877169118,334.0,476188.62101005676,162.22936457275125,580397.2094759087,27514.656126482212,351507047757.3097,1.4568109007947243,0.10152291474142248,1.3161455446022288,-1.86723680601463,86.1850644303956,106.7376176435,91.8360019449214,95.1283729242456,-8.21627253885982,-15.7143168293335,63.7721025222756,30.3014380089862,48.2337475425652,65.8192394267305,73.3150265620632,85.0447258896032,44.836394474754,66.748533120478,598655.586968566,17338901.4493617,230601.117041495,19969977.6541107,655694.677780465,340.0,61094565.8891312,22360693.2627253
A0145,45.0,0,1,465.5402298850575,161175.05419425786,374.0,242316.73242979115,177.54072251647307,148482.2254758947,31887.22801390002,22300384745.28908,0.9296222381578282,-0.041577979502827926,-0.0410444001625212,-1.8740870809751897,28.7029079730838,25.9261750048783,10.0034115488856,3.72740212026009,-17.7347370683637,-20.9646308236632,-2.40161344076038,-13.2832208127649,36.7476787716241,48.8020755921215,57.5019111750552,64.7365673279786,43.4691575832999,58.5925179233746,607185.095975003,20978014.135253,349913.67472552,38201340.7697692,929421.360663751,402.0,73605343.5457316,57800429.3234714
A0149,28.0,1,0,463.9375,156552.28212105317,426.0,207700.96727057616,173.75808209620064,103730.1693239564,31165.802419354837,11096196403.850937,1.002935068696055,-0.19785347232821313,0.581961141551762,-1.614742591590167,26.3734051071116,23.7919830196102,-17.0950866636934,-18.3287357742722,1.75121286362463,-7.10234892586643,-8.08407043690186,-10.8753705395143,45.1993758294739,50.218003535638,66.6334124641656,71.939142318531,53.6987242384225,63.4941896130861,762344.631519777,38263549.0715543,540301.643507075,60969934.4582687,1269309.03550949,332.0,109086514.781325,97215029.9718301
A0143,36.0,1,0,421.2549019607843,640841.4927518273,290.0,479675.7606301436,152.89517659164528,596623.2626382264,23844.4737254902,362938911982.27966,0.12695684130277007,0.12239892361033634,-1.8689584633920486,-1.8331354881280748,35.7574326404288,54.6845696910678,15.2118874892952,12.3092762768183,-18.2386929172064,-42.5142926755696,7.13007092438638,0.991689877440446,84.7130244812991,77.5672133946585,69.7913534190216,85.3875016201825,80.5854558474989,78.4119330620304,663485.484624523,41560111.4408748,231007.212548844,11607079.9299141,861587.989753573,374.0,77611187.9878132,49190308.5362204
A0150,85.0,1,1,485.1875,275659.2310615546,485.0,288609.68603787717,93.58266315803371,77490.3571041612,9040.221774193547,6192404051.759502,-0.4179004446328918,-2.4453918443588196,-0.44630223508536115,6.12776241952141,23.7946789795827,37.5949914764651,16.0921611972606,26.1710482148001,-0.0100059666768688,-16.6592595166087,12.0664481943061,2.21026023679861,32.6107669592322,37.5526188429172,53.8509850463596,58.8868560021715,36.2475126349082,45.5977646406171,892348.660956899,25998873.2841303,199847.092494518,23241171.2104911,1078227.19572032,398.0,67432052.6591752,46622214.130272
A0141,34.0,1,0,341.97402597402595,147879.29052006634,272.0,115813.35984887954,82.65936579675291,140839.66183483912,6922.473000683527,20093418272.32004,0.20584765973152536,0.1116116735768528,-1.7140065194533407,-1.8522939294036633,161.295374674307,173.215617074053,56.2271657449434,71.3649315234245,-107.148099096888,-103.951243511202,48.2452731094058,66.240985538159,77.711228940552,79.2194500393022,93.3873814977326,95.8245855988283,73.9179140302182,74.0587583266023,1411225.28813946,75476797.875208,460649.558317042,39075651.6996854,986033.970350476,260.0,131654848.426849,36964131.5065557
A0170,22.0,1,0,438.6896551724138,310533.71707724925,448.0,50143.12994935685,150.65674697877265,287170.9140574394,23508.078817733996,85310828152.32957,0.2719655080702797,0.1638364024279915,-1.5002323099023893,-1.932710144873797,105.457547628319,117.599964248072,100.124666481536,81.8074951434403,-17.0130066386761,-27.9190991620325,73.5347989024449,35.4155720942797,24.4093490688408,23.711862487449,94.960058994841,111.603265787187,22.3487396328242,28.3042107298865,856494.916512393,26915058.4192137,159030.738733062,9432356.30582433,828413.113321573,280.0,56215058.5885842,24044829.4610293
A0164,47.0,1,0,312.96774193548384,874928.7529636683,328.0,563997.4930157556,42.169767393215714,872513.8533992687,1837.5655913978499,785837857417.9514,0.09427052048641857,0.193500626573587,-1.772911035232172,-1.780467941672162,63.4517694782192,99.1380912302308,-64.0619814436613,129.6534635404,4.74120213190426,2.20399886531818,-30.6585350802722,9.53374854019432,73.5239280863965,65.3587201422639,46.8964644202879,50.2915842110707,53.6324626939161,45.6213342737545,291682.335163241,5149940.94144216,364084.003005664,41253495.7130898,559075.434150951,346.0,76135471.8299459,40754037.2573441
A0157,14.0,1,0,411.2258064516129,1981975.6757235844,486.0,1943929.1092538044,136.1059145635793,1889892.2400671053,19142.313978494625,3686908571938.953,0.024407646850751946,0.0015774546054481743,-1.8872520016223735,-1.9973872729044329,108.607154945811,106.424348221142,26.0563424757724,53.2016931193979,-93.7231912247025,-73.8931915109211,22.3851474507762,42.9128418888308,79.3742070641048,67.9298137559779,58.3901676596154,58.733908194919,76.5312044521898,59.473924003435,526560.730812586,31784122.3944527,43332.2437254407,6895951.61816262,514376.379322533,316.0,52735733.5952188,30558757.9812334
A0153,52.0,0,1,456.375,657296.3705089882,449.0,729540.5551600835,119.73871293362059,253424.0143580462,14799.854838709676,66230722648.764305,0.4746483810276271,-1.835966689081767,0.03729858127987917,2.2661457588463954,70.8616275574939,94.9671113801111,33.691144732226,44.04427804507,-37.1137356997576,-51.0260208294421,-0.767958783700733,-27.3668781043672,71.9609968597045,78.8300827617891,87.1079680135117,89.9645385121205,76.794928745363,85.4181211542219,592377.484323876,21096374.7793244,538437.723914949,48884298.6302966,921936.93606728,278.0,103506351.174577,51537820.4778408
A0166,50.0,1,0,370.65497076023394,741571.3852374073,330.0,1236603.6314799292,70.26194278517008,697713.3253158408,4965.780254557963,489650690664.36017,2.950020989909045,-0.024267818238805694,12.532069318640936,-1.9705563163699338,42.2396685327898,38.2694979347348,34.8294586256661,-2.01244608094261,-19.6835745208993,-31.6699443034877,14.8172843919016,-20.948537030815,37.4016477000354,32.4161945054961,55.5256503830148,64.3754646454032,39.8436931413866,47.8037677097965,739081.88483197,32222454.8434394,329008.232041752,33418001.3831988,1007241.89904006,328.0,75893954.4524859,62015078.0304915
A0173,34.0,1,0,423.0204081632653,602219.2854363481,479.0,28388.055035577097,141.5417281510886,596032.5682748986,20240.597517357455,358879871652.9876,0.15519974952061888,0.12243345915839164,-1.560363192707956,-1.852269550770148,60.420496928143,74.8060861344601,48.4295101595103,50.8044141960013,-13.1922754368553,-24.9948387397334,34.6425626861056,18.7488778011189,63.4957948934815,65.1270161466097,80.426868605475,84.4663841376814,65.0243736832708,69.0081609491028,671649.667623071,25379791.9011117,195980.053075066,17757101.5429552,787067.109855652,394.0,60602413.5821778,34578584.4077668
A0179,29.0,0,0,376.05405405405406,255810.48556091823,438.0,199608.59330392006,117.45360117727593,243889.18191088503,14178.552552552552,61089552865.408356,0.8310462582027421,0.07672468298884025,0.8450930154758569,-1.9054338104647393,114.85732665353,103.319510923901,52.5444219717955,41.897260245348,-58.235480125439,-61.4258239686365,32.2325621541228,13.3096231400188,107.006869573757,91.5915855746401,69.4446454628358,76.3079383002261,100.642122197881,84.7291720579141,543304.278186034,29031314.2667577,192619.105436971,14815022.3631569,494266.752092606,322.0,53281083.1771514,29396061.8802805
A0175,47.0,0,0,406.44897959183675,805479.8623177111,342.0,22820.969743861206,105.2617846860165,827726.2836834596,11310.877551020409,699113061939.2155,0.1173898124793179,0.14313493635421418,-1.8593996822916419,-1.8967206844426054,112.327616603591,88.9542470616755,-104.177939919105,-99.1246908986981,-24.2313763811481,-28.8535268101974,-39.3777114983487,-48.8989399251363,15.2047021719562,51.8551922840562,115.872599249684,111.703631361575,62.0451279171125,92.2335374420273,455858.238688482,25393169.4133754,460147.915634538,48195925.9759272,510063.36598894,426.0,104188504.035415,54884722.5019059
A0177,23.0,0,0,439.61038961038963,1254336.1617099696,388.0,1771452.6970285773,187.2985085915727,1171492.4635720777,35542.31989063568,1390217898598.4634,0.3536389368031648,0.04421474426581877,-1.3495979616320135,-1.8881750512560185,99.6730642615918,69.3357016428033,78.8758583799485,48.2555675430096,-31.5120735827961,-32.2243840843914,9.33488472464632,-21.6910908809879,70.2699492699086,54.094335936261,66.7492902844333,66.9493418048887,55.7962827327917,61.6527416284239,513929.123819135,19447265.8738943,754245.275529297,87966623.5387386,838299.311992308,326.0,140568797.575151,96559383.792905
A0186,65.0,0,1,553.4285714285714,1092781.137568677,556.0,1250401.7049883641,142.67931789541902,442748.030104784,21375.257142857143,205360380931.26993,-0.35748952873493695,-1.5921390989195807,-0.3724647911581105,1.3312760389102234,123.867533751538,166.206582639143,-144.929144248307,-159.506052119881,25.4554689728041,26.2242575126105,-68.4713660248336,-171.694490722416,40.9045131787009,81.7204268092246,83.5961968528304,85.72593374707,7.54759320880027,58.7657578253093,554538.05153423,35306676.3062671,356068.750042196,24042444.3365469,462845.044714912,306.0,85300371.1257369,13260552.3320631
A0184,52.0,0,1,494.1777777777778,809134.0165597342,500.0,909816.9606477967,152.9966287048892,306511.2146719729,23939.967676767672,96036883046.79242,0.4490128863555863,-1.8066192684216986,-0.32735451100208346,2.236164674879012,63.5852634868616,56.0608996446149,22.0003687749698,-1.82118078778647,-44.3888718492663,-55.9361359147181,8.88129272825491,-23.2240503536855,53.9026695211057,59.3232899517913,77.3419749178929,83.5428863644696,55.2624202863961,65.9316469964848,939723.63200285,41026662.930465,220394.884033783,23978978.9828892,1056374.3958676,390.0,76444850.9950532,57936921.6140852
A0176,49.0,0,0,413.7391304347826,43569.11745716002,442.0,40398.96227838239,61.260113551048335,39819.792509755476,3923.3833992094874,1654555696.19476,-0.013554869823154531,0.028078914161884634,-1.8845982564166504,-1.9610714755934013,32.1719207750444,14.7392364482848,64.08559880005,82.6241833603492,95.0944480382283,94.7480797250043,80.0083228703511,87.3830325538409,107.127631254328,124.832983823612,123.250407508318,136.391328657786,116.786193837853,130.010190700792,378268.217058712,49373393.4494143,455628.823375222,38026491.3531603,801534.198543591,692.0,171157083.901987,86690121.133315
A0193,31.0,1,0,424.5217391304348,513381.85126890166,320.0,332853.6191561017,115.96283871220476,479118.96278132516,14058.62450592885,239535631822.5943,0.16031808499471004,0.1801549341506887,-1.884082398646957,-1.7804965082790187,83.9858243907315,113.883737316862,45.2765635589277,32.9791367277324,116.590712396797,148.100152043464,52.6186612626162,73.908318316952,97.8501092089294,97.9140267472117,40.9367139684721,48.085853160239,88.5821267958823,63.3518500020181,360822.204870607,13873967.9015249,77582.7593818742,12573457.2510151,376932.057726237,332.0,39191016.5232165,14467913.6452066
A0198,90.0,0,1,483.6,1165756.9791643496,383.0,1621906.3110694594,235.79872773193665,822353.0552229856,58527.410526315776,710077774806.3077,0.9096708115339749,-0.6472349002777987,-0.4426093275992944,-1.4951045901504862,65.8385231587471,68.3269195846869,60.5127770749171,43.8868417102335,-4.70568214063253,-24.0860156889307,53.403568477239,32.8764229257777,90.6035599932627,86.7754027072447,78.9266296230782,68.7024839539745,89.0360145575907,82.5218302868478,1040707.8478002,40032437.8277657,154565.820697503,9773341.710855,1112944.19236037,330.0,71328973.4968157,44576899.9946378
A0192,33.0,0,0,411.3333333333333,745897.6592157863,406.0,47536.220641921245,108.39690442484458,742872.521515623,12260.753623188406,574853732523.9373,0.017110964803995234,0.13228256246171194,-1.953985947684183,-1.9186597865167123,35.4732722957063,112.185637458856,-50.2803250931541,101.246531840819,-15.4633104821289,-10.4372816604641,-34.1884768127551,17.4428915619494,74.893340183888,96.4503335167674,84.3593853785517,83.4129483081366,78.7050487090341,86.1869848475983,301253.946346361,8865525.69488652,252337.310999214,18853044.0168451,527487.879700168,326.0,96237682.173004,17544405.4608745
A0190,36.0,1,0,512.3157894736842,268363.3365058287,525.0,394022.84070783836,202.82194748663537,222674.41246547078,42248.54623044097,50888733281.75953,0.5978824579786812,-0.2684063425532856,-0.7854041570539967,-1.808713665162512,77.7010134919861,43.9398026579644,70.4509905802678,30.4882241609136,-4.73187029118304,-12.9175373943354,50.5699943166865,10.4015370292982,93.0021644213076,82.4917728362085,66.3834136033866,69.3445712916978,83.7679041969624,75.193182562988,528856.888445641,15342374.6950264,238416.8112395,14103547.2400195,624699.236122459,268.0,44406721.1980248,27311507.0215627
A0189,53.0,0,0,509.2631578947368,438127.718895248,466.0,34303.99996275113,196.81058008179582,455406.1771897365,40886.31578947369,218310301286.91544,0.06238776586546017,0.2285588141005206,-1.911743817502238,-1.9105661823964109,14.358201985451,12.6485991164659,-11.4393983330641,-18.5626887593535,-29.377753997375,-31.608398985133,-15.0326655913956,-23.0593421269127,43.2349971094823,54.8009166859678,49.4750084968938,60.9879382779405,44.1661132969777,56.6883145221579,865398.465615266,27910559.6271165,197272.465684787,13754408.3219529,1057640.98070554,310.0,53870679.4502992,41440758.1387603
A0203,77.0,0,1,551.3103448275862,1074464.7267032883,590.0,1383751.0036386906,181.74273280510366,611333.069223183,34210.078817734,386615298130.1763,-0.08712675145065893,-1.0331206172723277,-0.823317244473746,-0.7467725412762505,42.621864828202,18.6170940825369,94.5154403748733,103.688479954134,105.45003729367,92.4445855750504,96.3860257207468,99.1863986648736,62.3337750302659,90.552924767362,103.616190027179,105.499157214482,68.5094553858851,96.6984952079467,232186.051582304,10626337.2255209,43841.0142418269,7372984.88648446,266107.125431805,380.0,88246128.2213203,17770093.2966582
A0214,86.0,1,1,475.48275862068965,2714458.893909185,466.0,639717.6168567985,138.38206000172508,10563934.91714999,19485.552329098606,113520802329190.78,0.7555454100871949,6.737855965725023,0.8561161608415464,45.9582334237152,65.8330588329792,71.6341351855178,26.7188568556874,4.68261022223484,-53.1215836430377,-69.0085669552478,10.7414231796342,-34.1683044401935,47.1800420447653,46.2456614659751,64.4997561951757,80.4215077452157,45.6215232776823,55.776405945468,821065.911197876,37113171.6843484,204585.869290191,29851459.329703,923874.600242111,398.0,80567282.1533912,54466947.7376584
A0208,74.0,1,0,676.0,536502.4165001469,682.0,524066.6709079546,15.550504230351562,46752.32289958672,253.33333333333334,2285133319.0757303,-0.7943073431110775,0.5339757755456361,-0.10974051670529716,-0.8560026532764025,55.2348648799476,46.3440496832303,38.6435585449056,19.5321399351451,-16.8977743556504,-27.7716061410304,20.6374976844727,-8.65495328392175,82.838849038155,63.8219064015335,70.027517087995,77.3634255490491,77.0970708870022,70.0421753072145,612003.983032061,25962287.5840989,327808.306089584,34439432.7187497,843089.395116958,352.0,67957686.2655443,55629066.7235369
A0213,61.0,0,1,471.76190476190476,95202.5707287354,462.0,95252.29391094169,91.01983287901744,30941.12379738472,8486.673635307783,980147264.2699698,0.21145017448998507,-0.6551790272305206,-0.032884766821308364,2.8182308003288012,123.908696984475,107.75934027587,88.7316530099468,59.5784628253208,-27.2601599549688,-28.4827429906019,65.6427130359864,0.768243769520303,113.964942825059,124.884217689973,56.6231867371658,55.0338970053928,101.664982294139,75.5485649204803,697677.340064046,14223815.4200902,299778.340631157,24926529.0813596,585888.094190392,322.0,81915365.2785245,24644658.6355236
A0210,42.0,1,0,403.4594594594595,653224.002883678,354.0,30230.545579928905,101.05246017695919,670961.7119241996,10495.255255255253,462356905864.6919,0.0639453492724183,0.1783503800949366,-1.9468509374014664,-1.8723944616616721,151.548993210524,168.046180477172,-31.9328120624919,-68.095903654174,123.851972173585,114.014470908408,-18.3357797130813,-72.4398623525195,99.5965808146168,96.1609319076789,95.4784706492663,95.6057961958167,107.102642353797,117.986271471364,722370.772498102,53677322.3861113,274379.210911041,36132191.8057786,498570.533509022,444.0,142649420.80558,19797660.6528179
A0205,79.0,0,1,521.8181818181819,105802.84423568394,479.0,146637.97224959792,204.67083026247434,63187.022390163875,43884.91774891775,4174081607.559392,0.7926352241918037,-0.3340743535395265,0.017994252527800736,-1.713602275512432,161.897560052004,176.132963097392,31.3534919170121,17.5653642170804,-166.924483084767,-163.405544335597,34.7931208838427,19.041497623629,79.9207842319143,77.346905215775,98.5196366247452,106.404230078014,79.7369792299808,83.2637377051645,1198012.32026193,56992138.2230963,193381.084917111,34974734.48499,1015981.48590547,388.0,104189492.534537,22222567.6833213
A0206,62.0,1,0,372.0377358490566,176414.0544417661,346.0,30421.453362967055,81.91895725128447,159064.54580751256,6839.767779390421,25778917086.402157,0.049293876650009935,0.1076317113411199,-1.9259082070739348,-1.9386771811809134,70.7842830043435,81.7269401980333,50.1411521603891,44.1939339620581,-21.9713841799443,-37.1453920032183,21.8783116483777,-12.3974163145467,65.6099437271379,77.8444855544983,82.8246877243022,90.8972301890002,68.5598924281955,85.5407335610808,546683.355136845,20064293.6001482,343004.113939982,39116994.6014007,734810.372254593,380.0,95101605.3350643,46460543.6173535
A0220,79.0,1,1,461.96666666666664,909313.7401010697,475.0,958666.7058243377,108.24693477826007,365964.54980482237,11915.998870056497,136162219242.41042,-0.09954141396463799,-1.3805403470212154,-0.5428998831959695,1.3555347055846036,17.5132614531831,24.1540964542439,69.6517166009271,62.0805478353656,52.1615989033287,42.9337245836946,67.4068258398123,56.25742338329,89.6160166088967,82.5791268319592,90.5198398038406,97.3731258587912,89.7317951801812,87.0526162570321,1402081.50061276,45590303.8132059,208866.252652523,20069201.11757,1602499.3394561,374.0,87237034.3897374,64427926.4085183
A0217,68.0,0,1,354.74074074074076,1148310.956131116,344.0,1183055.698087953,51.19649336414201,192972.61088807016,2721.891737891738,38617629610.47552,0.8904920611512397,0.0685398758995427,0.14369244017254612,-0.21096365741723266,148.219397132032,163.199094063716,58.8511164934311,54.1760551464758,-153.150264270457,-141.145196957715,61.442949496081,63.5940303132448,81.1286793026338,81.5411836579197,104.248993864665,106.114005986206,81.7188452881339,86.7591415768939,2096129.37571287,70580070.2996312,170193.968534786,28414000.3495076,1953509.93791383,368.0,130032804.051414,44149564.5442403
A0229,80.0,0,0,524.0,381758.48360071535,624.0,417334.67138641694,149.28421811356276,173479.23244026076,23596.70588235294,31766990981.843246,-0.7496113968473705,-1.3795145672160012,-1.366009861378652,0.5788005582749998,151.993705614454,161.12231002398,67.2588697180447,44.9428428817364,-141.45503158225,-154.102699445795,70.7312104697798,58.479013370748,76.1193363539619,68.3913071338843,109.26208676063,105.959460141173,77.0509759254364,65.8420194035123,868564.896918289,36369075.7842776,101560.086616717,15285988.8742963,780356.471076277,280.0,67573109.8087969,22456685.2762475
A0222,70.0,1,1,464.0952380952381,536305.473230083,503.0,647924.9709752279,140.15430433969308,285139.9216413286,20122.332171893147,83240602887.75691,-0.11668060428409359,-0.957375502334966,-1.551176945347131,-0.7131934488711522,153.998238789786,156.437160822077,50.8891963575331,48.2949299362038,-96.2420856370444,-97.6243815413902,46.3826015618142,21.5809149868161,40.1411940656579,42.5426940030257,128.311115852738,134.843983445758,39.5265542501538,48.0277994384463,1216942.26024417,32449304.9859692,129418.304920725,15936398.1089297,1102085.01547593,334.0,59379535.015893,18944909.4958633
A0221,35.0,1,0,430.6,118518.60726296419,398.0,153203.64959538018,162.26071613301846,80262.94093944943,26661.81265822785,6522666434.352665,1.0778633951194485,-0.09758909265685237,-0.05450114252560212,-1.6640084151013432,36.0199754771151,31.018280438368,32.6482642181232,14.2379575489069,5.97199708488096,5.06576540346021,21.2283940345122,7.32697064083485,31.7726013788404,45.476127332665,62.6152507852502,75.4986742044606,40.4050851660904,66.3138764106778,864046.609538728,13842878.1697647,385538.536202959,31089288.7893453,1197532.7589967,340.0,85603282.4532216,43540988.6620413
A0233,26.0,1,0,430.3636363636364,872683.0637663051,458.0,1335385.5909806602,139.56873362239364,755492.383394491,19840.161616161615,581146354846.4902,0.8806839860470643,-0.0017833342859332624,0.5460088411636943,-1.8849374268904828,31.152190180603,48.2919376567381,27.4530284893669,37.8310209277126,-4.49628253613469,-8.69039504768331,19.7417216687527,10.1899361115622,76.7372005620573,85.3867081076013,71.2463384840921,67.7793528856071,74.9463631567592,73.449833455693,939056.755137527,25599622.8525996,315495.567348464,39517824.6851268,1220022.75840478,368.0,89022641.3104935,59692217.7634959
A0235,49.0,1,1,608.6666666666666,1623749.3028727274,626.0,2532235.2277292106,266.4238894860761,1253548.8468419155,76051.80952380953,1676143692179.9424,0.022184028583778707,-0.5117698426697088,-1.5087143417197246,-1.7316300695265503,11.251491676574,2.70247185971747,-13.5996941459593,-21.6180659988208,-10.7837748795875,-23.1589594447876,-12.8257192634655,-22.1960923416527,78.6583512336043,70.3722988817392,67.7332609098518,68.085812310109,75.530137939933,69.5048792818259,701893.633797379,34508559.2881061,281919.210907154,21032730.6129794,979939.482594682,314.0,59943769.3192612,55526754.4022171
A0254,42.0,1,0,419.0625,343315.76134293806,325.0,22112.924434219698,124.70162827224831,336626.1798553819,16052.125,116858346994.15381,0.27255513913682755,0.0920938976390603,-1.8120095967647185,-1.9519514639164472,57.5723706886386,133.245492204111,72.4237876186031,67.2126817880274,-2.75685092512602,-65.3168842982034,65.7372184518866,34.5651572370163,56.5233705794617,62.5004638428751,46.0927850614071,102.464971483399,53.0435116794559,61.894034799398,646570.759399091,18302784.8463473,93683.2495689245,9104713.23766489,701279.350553403,498.0,62978003.9333931,13767601.3161908
A0247,90.0,1,1,446.4761904761905,267366.1291539641,442.0,319856.1499658758,141.4925941348569,136632.04096151394,21021.161904761906,19557281980.037815,0.5840931424588665,-0.7995780081599987,-0.007466656800340754,-0.933406088526084,73.526389969146,151.457983465785,-30.2162491440505,-93.6740469619311,40.5432278917617,61.2285933748874,3.24695393022214,-28.7663935383713,42.7811425874662,70.193208572598,85.270470363743,95.0353246249451,53.4304840745708,56.5359348918202,619283.147997587,41884691.9650789,384068.470889777,35826079.5738182,816035.89708214,322.0,135133744.965248,20036043.9929775
A0257,88.0,1,1,414.17391304347825,393276.7989474361,432.0,385144.7709640012,110.05123398708166,174538.20447968622,12661.786561264824,31788088510.948963,0.19558300654685265,0.0678131876273052,-0.7182369215140323,-0.9798665340158648,70.5734781148409,44.1202019611936,-57.460930542512,-22.9376791832844,25.2755261525924,4.3332114309252,-46.265796217493,2.15040767232549,50.329398278751,4.49024567940104,67.6666301238056,48.0750082865033,48.864409690975,27.8890472933101,332762.159324813,5419859.84835219,56677.7866467415,6348869.75017211,355652.583099419,290.0,49424134.5252747,10912725.0247655
A0231,65.0,0,1,434.4375,4185760.3534646803,440.0,5259033.903010113,120.72668964959654,2218032.6700075627,15045.092741935483,5073408579134.03,0.5641906590884251,-1.1652422442328163,0.17929250713883915,-0.3169313971668366,82.9053714464115,98.4062166263942,9.84956838547819,-68.0893058313786,-53.0663582638095,21.8913653869057,8.99404032795323,-61.0109093968365,77.1108521774694,79.2807646242836,138.918754161528,141.913819100059,78.2598101189166,88.2465310916146,714197.117673677,24380643.5920121,17906.1518412062,4822486.83221279,716629.007314226,340.0,90191268.7833315,24151509.2646844
A0260,83.0,1,1,526.5555555555555,692621.6888125023,527.0,641330.0441358287,111.54232989329518,472509.7386240132,13173.555555555555,235669089377.56293,0.07830991782931115,3.05936041685038,-1.3599658641678871,10.099296489481663,172.160814908557,178.021256054761,62.8737170408759,61.9503846125492,-110.615518451592,-116.791485479082,59.3309524390607,61.0658111869491,91.6104025729413,85.6990384817538,83.999768041604,92.7716957070293,89.1980606182956,84.628557353236,988728.549973368,74225564.6240363,351778.407782548,30597992.9575164,642032.912042574,282.0,114837507.358918,43658602.3798804
A0274,69.0,0,1,439.08474576271186,178894.97322959284,376.0,18584.431308797553,142.08153402072037,215106.8121312269,20535.21683226183,47055193856.19553,1.5523550472115326,0.5392878051896002,2.8624429236618063,-1.6246370274666984,51.9831111292263,57.3495514824902,34.7137718159376,29.3374699359075,-24.6458850839742,-32.0921367361245,19.476629220487,-4.25380317457095,45.685070921206,47.7947288339367,66.1616988458271,72.5379597865438,47.2307151162154,55.7685688257895,1229148.09143122,42000904.9327939,362965.526387371,38641337.7434572,1480573.08795934,308.0,86081812.4162839,70770438.4397449
A0272,87.0,0,1,648.6666666666666,406221.6781384759,654.0,382354.7172239033,114.41134364893874,79181.88763476108,14024.952380952382,6687756084.697524,-0.33933184422203433,1.1842627833613644,-0.9091427906854261,0.37668318239197607,84.8128613827041,170.271256020163,-0.207222934207147,-73.7030967721506,74.0531988079513,95.7101766225005,26.1924170315869,-55.2689066752838,50.3966890167699,66.2647418743687,100.407382920137,115.054743205489,61.0765953783482,70.380561045662,650191.113815236,47516448.4535806,305409.169281471,31297213.3517827,742919.288502548,308.0,113036748.26927,17488196.9349236
A0264,70.0,1,0,462.3809523809524,397455.4165069601,376.0,367432.170262311,171.7701887186083,390916.39870636637,30980.247619047623,160092565576.486,1.3710667443628803,0.23231066256782082,1.300033953636004,-1.4936481751251616,87.4506270930101,62.8391272991445,57.3949542923921,26.4588753089356,-29.563045679668,-37.0783304028291,24.5849331395552,-18.700820274146,90.3597685339287,83.6068837306617,63.0926439031182,74.4703733270755,74.8755985764436,75.4493981330971,469088.33673449,18579952.4462754,351658.397906522,43101032.1420128,598650.419980622,374.0,85190821.5260372,54166802.5745975
A0271,92.0,1,1,367.55555555555554,544529.8469605554,306.0,18791.684829598,136.48207950017232,656969.8586602593,19343.794871794875,447594928343.1952,1.2802525555479674,0.44590747127879177,0.39309512542226654,-1.7913276566562326,89.7434172630608,103.621800653943,66.8766232223932,50.4564255811507,-23.682553477965,-54.4696002837914,55.2677504684689,11.9187770108186,87.4386470869626,84.7229345356496,72.0744149875172,79.536456700085,83.7790709771857,78.3233222685604,1245655.12199786,40364385.9458183,268159.527187619,27791733.8644465,1275365.81369607,364.0,85165749.3946902,43281304.6817233
A0267,52.0,0,1,440.0,590296.6310091846,456.0,703936.1610419285,136.088206689632,315330.6232855783,19181.428571428572,102862139981.03926,-0.01963336998446558,-1.0680895453216626,-1.351945757082414,-0.5753757608466437,130.383066757237,147.83522945205,53.4901322760558,43.2796033771624,-79.6419718454656,-100.753973281196,40.8637040292403,9.5111460331357,50.0540675872024,52.3253645410473,102.189154355757,116.613524561943,47.2607200046593,52.7948958447305,909755.753039139,34707252.7576527,181036.902332071,18205643.2762286,804371.907531605,312.0,71223314.2191644,21593064.7651241
A0276,54.0,1,1,468.6666666666667,1599577.4514621734,444.0,2009689.4513166836,140.07526321617019,871073.2485634563,20602.13333333333,794900442665.8881,0.8469852757075069,-1.212757410768805,0.6758691415440428,-0.3959011035568931,84.6800820284829,49.4714349464839,60.2194858652423,16.7251564060559,-31.1256871344109,-34.4302335935741,19.5641825780043,-18.2160531142159,75.7409298182497,76.6240518601652,62.7084074171891,63.9749150976481,61.9456926107649,66.0439850805384,910114.305681317,31661629.3487858,835773.547193515,70309834.9422679,1291462.47827962,306.0,146480172.98505,94016609.4602079
A0279,51.0,1,1,426.69565217391306,959557.6217452198,424.0,1472799.9174762205,160.7554001480155,739018.368652023,27016.94861660079,569893720909.6667,0.6589706387222757,-0.4874029000267458,-0.6786856122160341,-1.724134530912164,65.8041602900716,169.867217000484,33.3995040015397,-171.025712033849,16.3619636912703,12.1385058256219,25.9516078607327,23.7429789888255,28.3113334272026,70.6939199252436,92.8027782380954,99.6461877531829,44.0480625721728,63.817536702223,709408.770548691,15125449.6204544,262102.967155535,18349604.5475001,851102.106323092,268.0,65399647.7305978,4364988.394795
A0281,47.0,1,0,420.8358208955224,162170.34053245324,322.0,120969.44868000812,110.51205067199285,120178.62670342924,12397.957485300769,14658468022.53596,0.07797552310330123,0.21207241959701664,-1.9248210407163568,-1.74188573110716,106.981835820693,107.709456423078,72.9390221561968,67.4893304923602,-37.4599272888649,-46.9663765062133,55.1427828248644,15.9128013610302,86.2604136613601,74.0693790932073,66.2440911815804,73.5682656866155,77.9657316630237,61.9462526284961,655790.569780172,21238283.9653524,218745.180999576,18741904.7819606,627786.323546989,344.0,55897608.6506398,23667706.0168748
A0285,26.0,0,0,371.1272727272727,661201.6271860827,368.0,1068742.648429901,116.65941953091168,598759.6886690692,13861.446464646466,365031585952.8093,2.168555981349418,-0.10780711145684894,4.759354865146773,-1.9435792939872867,20.0180824368977,29.1283980688705,-2.60466848124483,-14.9198966372612,-21.9966132083927,-26.4957288071559,-10.8290833159759,-20.9985598534601,54.7190020916285,49.3947515389618,65.6720471619076,76.7019764080238,58.7210531234295,61.8986209768391,756555.156445733,37921779.2738866,500610.331565628,32702116.2864875,1238830.7847955,328.0,94442393.764058,68367102.5093358
A0283,54.0,0,0,636.3846153846154,262120.57086567147,579.0,374791.06150930235,287.8175272530894,199733.83276480305,84463.22171945701,40660788642.28212,0.23140254152073192,-0.43278021520341875,-1.5743516116330096,-1.6482741902224867,13.8764804218979,12.8912071097788,-30.9242599267658,-43.3376483786106,-18.827248161198,-29.6612670057191,-27.5667507135302,-37.4538506660662,67.9628797066759,70.3399605268183,59.2682056308074,70.640630883704,65.3156056435876,70.3425570160441,483107.598746845,22608785.9643634,200808.726963729,17061694.6987618,679763.885114372,332.0,57250805.0522355,39424637.1333778
A0312,55.0,1,0,510.85714285714283,293598.23653074517,510.0,269689.7191221259,190.13456029982598,278523.857000123,37214.42016806723,79791982887.3171,0.7375647777108149,0.02675043420036566,-0.04319815334612409,-1.9613838023244619,67.0619751881393,131.245959141916,41.2667038895885,21.0259936848139,-41.664616706288,-100.58954393899,24.481757428718,-7.6407263903344,42.8681476955287,42.6282054761352,64.6243825578093,118.048526808392,41.4854576100036,45.7564771726654,1125504.8215452,26767684.2602491,267586.89735245,9866676.68977744,1254239.70149678,268.0,73106234.6883925,21578023.9107011
A0290,69.0,1,1,493.8974358974359,744540.9181838593,526.0,802804.4343666098,145.82564138632503,507439.9612256632,21541.288045288045,260796536226.25,0.20372209144601605,1.7146481311003678,-0.7157891116219215,9.436757272677488,52.1088903264904,52.3586053909903,49.6272545172122,42.8803280681443,-5.39780736741185,-11.2109518749992,26.5882163791318,1.10806136379209,67.2053057740919,66.4424830444446,74.1524292682065,77.6377096306203,67.8410719052416,73.557707305631,491121.874482334,10312473.7789387,347724.820616725,30216439.03347,756228.048609901,282.0,64558280.0396423,37416400.2852295
A0305,12.0,1,0,402.8888888888889,2139246.6416868432,382.0,106448.32177896757,126.59686185723075,2210588.9349401887,16643.17948717949,5067692455549.626,0.2720866666756821,0.14709347224915614,-1.5629128764066236,-1.9727589621541517,11.4054810858975,23.5100217253277,3.86963669114064,8.25615417715683,-1.6638520588797,16.5813682454678,1.67243762022964,12.2878395730565,80.3637000370667,61.1014086515972,70.2879380778247,83.2586722811587,76.237735816006,71.077558072777,446365.499952368,23417158.965605,307956.820132827,19387063.7570664,750715.03448792,312.0,57082805.2286655,41914560.1926659
A0287,18.0,1,0,409.625,244974.8121274038,383.0,297557.13707648247,128.52798414482868,171340.27138950262,16870.920212765956,29969102945.658173,0.12899281714564964,0.1720044190342566,-1.8178293635394323,-1.7487592627355661,76.544414333135,63.6850792452389,83.3374203417931,60.5802605870611,6.78428616592308,-1.4362204660313,61.4396288721409,23.5310247053154,89.214841523197,74.8154166088055,89.193479021343,92.0235394794692,89.0322628471852,83.9706912474219,571367.391352021,15800054.1032366,261244.494699793,21779021.2976961,681304.281419376,340.0,73468308.3674351,32078939.2239377
A0306,74.0,1,1,375.92452830188677,85806.91084699726,316.0,96906.68009193958,112.56928249139087,64108.81797377551,12915.532656023222,4187486589.9568458,1.2356272582642573,0.11524785511155419,0.3855051094150084,-1.6058647914635897,114.586198041519,97.1287850118286,57.6611524443551,32.9248502019062,-56.7518066447205,-66.6614177172315,25.4774331656394,-33.4473868615224,93.8767635915923,75.9705447803351,75.3557381194297,81.5308081766552,85.4767212378575,74.5086428162853,859856.18077967,33008978.3421095,476661.979723846,54152816.1998135,790888.443095161,332.0,96694282.8855464,59820192.3658546
A0315,72.0,1,0,308.125,93810.11368437021,317.0,133321.14827475054,80.33202583652425,64397.41880937668,6661.403225806452,4276622160.226207,2.37235770890057,0.14589345366723921,5.8227676401819135,-0.8888479734815857,75.1390850625596,40.6411017025763,60.2124786934982,-2.67742836010096,-44.7212852254998,-48.7983329136863,4.5845199639602,-37.8208758681877,40.8938207678142,39.6078516845945,58.0810406283596,61.1489090982099,34.8114946354353,52.7940068087522,790834.591862784,34509026.5154709,664005.969631758,75929616.5381238,1155716.85389138,374.0,132900391.305791,104559572.592615
A0316,62.0,1,1,465.3333333333333,317580.36424580816,428.0,268301.4231290876,191.57525770589314,305821.3087213584,38536.13333333333,97980323956.99893,1.3649317002488321,0.052570516083596176,2.002291216433047,-1.927318406781561,95.9587623366116,77.0309808118268,72.3640406968325,52.4811281400605,-33.4131317114861,-36.6179591192679,43.8742755075448,-0.383010709286058,77.4285061290534,63.3960108871942,56.9636793910015,61.7385501602526,61.259804380368,54.0691389573265,585849.077033631,24279264.3890909,333528.641783705,33240594.2147939,643343.64375593,342.0,72343066.1696944,45350480.0962629
A0317,86.0,1,1,407.6666666666667,610764.1445364911,350.0,21040.853523910126,126.9536223280857,683226.0011211153,16817.971014492752,486247675633.28156,2.0251803133911483,0.320576906739711,4.337460914701128,-1.822778687463263,106.171894996457,108.904292746013,65.649827126982,63.0704526387277,-43.7432792529591,-45.2916876025157,44.8071819201852,-14.1013566415699,84.5143846274845,95.1733086954967,70.1760333659146,66.9403055289317,76.6256923488908,68.7965309077759,833822.840155683,26611732.5236757,314021.43025912,54232281.3254836,804994.162012094,382.0,111478895.722201,52097553.8631297
A0331,60.0,0,1,477.7857142857143,254023.62239174792,434.0,356241.77974419354,180.9094795634501,210759.98572798734,33323.2987012987,45212981790.91966,0.5588780986081905,-0.20528917269104213,-0.9308594146053366,-1.8230824426094283,101.382982368821,177.794862812056,18.5268593778673,38.8280832628843,-97.7554122948645,-140.410287074675,8.60577884388607,36.8745537274917,53.9879101255443,52.9587874271821,75.3100507444436,124.923924544167,50.3678946811281,48.0493988644905,255005.189760833,10718344.6446421,38290.4155303596,7508896.76807617,250278.915369458,284.0,26878282.7809538,3227964.63091395
A0330,77.0,0,0,468.9,1118673.6909425245,464.0,2011826.6600522876,121.81867672898109,1051648.7041069742,15620.831578947367,1161263246692.3718,0.006395658217262017,-0.08875518102922011,-1.9792168792378424,-1.9833910293197956,29.643961039448,50.9077971187584,48.9303251450604,51.3574603988411,9.30258141130052,-9.84089100521351,40.7241512783378,24.5520074741733,40.5335443030877,49.0261486160594,50.6186966741152,61.7802383605674,41.2665960540393,50.1043587588069,680865.812236083,19649048.2339709,156738.645368863,13441397.8273635,820759.287232064,394.0,55049482.2862025,29997281.7055133
A0327,64.0,1,0,576.5882352941177,4217400.085272567,668.0,5314950.194432041,151.11470470883617,2289326.6637355667,24262.882352941175,5549311665837.128,-1.0682587607779817,-1.1479208678025066,-0.567208485967698,-0.4369142921167275,100.717002052335,158.912689900678,59.9091468091155,42.2036754093435,177.476574110025,-143.540779724205,62.3918440961297,44.388225660923,67.0286976296732,66.7685779914216,61.2611650033045,92.8906790595131,65.303808667062,60.2149115623159,765230.077235593,27549599.8696768,38431.6718829536,7004396.81626095,759023.286351453,352.0,59783684.4919179,21164836.2740293
A0335,22.0,1,0,619.25,243833.82491091933,617.0,315198.161970923,247.61449371957207,159955.50036613838,62885.064102564094,26225406149.816235,-0.050403917875949576,-0.5599661640225544,-1.4957987173822729,-1.5567479331906313,51.6839179033526,48.1250308496352,86.9672473193697,62.1521676095904,38.3497433367886,8.56641358285019,75.7747742251384,31.934053188778,92.8340506336753,67.3687513440814,73.7349283271856,59.3790179768799,87.973623874758,60.0732144271541,716439.799384821,15377833.0886205,238078.390544406,20929275.7867737,884009.285083151,358.0,71781430.7118926,33229244.2620029
A0351,84.0,1,1,452.0,366684.9401605524,422.0,302837.70097340515,160.98387970169412,346398.7597850735,27211.6,125706010341.6198,0.4716166623279371,0.0865029739697936,-1.0735175429244057,-1.8899629958954232,26.4416378876014,90.7116410070894,-0.584091893464847,56.1350785665382,-27.3993616766884,-36.1907947710602,-9.4326286236728,0.379473118069091,77.8407104919261,76.1401681555621,80.3670118530675,83.5920592120412,78.4035748803767,76.5020320000658,905902.392934574,42427404.2860949,447930.016480309,57510660.2916212,1322105.67628424,356.0,120216927.589341,71041886.2907774
A0332,36.0,1,0,388.16,992671.5533856818,286.0,851984.8046784374,117.21558940687028,970136.9633512322,14311.973333333333,978812356766.7643,0.19824130501637294,0.04665579067109962,-1.8204300898417547,-1.9397510199384542,72.0653683959032,85.3191059435801,39.8940301570651,25.7945187648944,-27.384735105862,-54.0971896490278,29.6186554819731,-2.88958218542499,57.5353126335392,59.3405722349341,91.897707827779,97.6655288339378,60.2273573491725,68.0158340835348,1424869.27269437,65346341.2808693,255828.731620031,34928268.4043067,1523219.2482173,400.0,112592647.490583,76567941.7735128
A0357,13.0,1,0,399.55555555555554,2369204.312493738,288.0,2236058.6596435728,126.37197689048739,2327847.521378787,16584.102564102566,5619573122892.67,0.336069658218554,0.006278134386530665,-1.6193302192720171,-1.991465334714822,65.2242647112797,97.5783842747986,23.839095283416,41.4644669722705,-45.4843203792204,-52.7228176648318,-3.54738441432756,-23.3130698544462,74.5853502842542,100.043677046749,66.0036279001944,68.0472123805112,67.4216223746035,74.4422142488828,404579.097568394,14323660.6164927,293845.928973638,28015260.0736244,591329.413545417,338.0,67933971.0034511,29735134.164372
A0348,40.0,1,0,372.46153846153845,376312.51354094746,383.0,573857.3161185418,126.6373473801441,327833.2867896584,16678.498461538464,111608304847.59161,1.3620104434776013,-0.15967192516853432,1.0685405999905813,-1.9000231738247122,89.5684097588021,82.1594166719734,-83.3231182205084,-96.3652836003177,17.6113187762229,-0.629417610785456,-68.3285365578788,-52.6867712922393,65.9208560117405,47.907546256005,66.0268512870212,72.016632650745,60.2658181186098,46.7327250823967,438734.157431006,8321122.92403401,113704.473719382,5685102.5100971,454057.167443276,328.0,28352555.2987615,10698986.3916336
A0344,65.0,1,0,547.5384615384615,1390896.4962969776,480.0,2108431.695665169,216.2536314980506,1144016.5224614104,48636.258461538455,1359111257651.8025,1.034830454149517,-0.32442686068231763,-0.23103615740045313,-1.823915390142058,85.2772343949014,125.174370202277,75.6822130810255,51.4638880539461,-8.4879839437184,-66.7716050433818,68.11369442087,36.7367995540892,68.4864453608026,65.4530433571221,91.8925685485533,118.374059268095,69.1394653204479,70.8013720787017,1500701.07343422,45762062.5057763,189137.330632646,12369040.0745115,1527945.044737,304.0,96450859.27435,39937628.9532574
A0374,88.0,1,1,727.6363636363636,1558060.5385003693,719.0,1773200.5686549225,246.8408661934658,626225.1785632035,63831.86147186148,409983336733.1759,0.4390363961901516,-1.878066618083398,-0.7088002969793896,2.0244409741424105,64.3195649868882,53.934239660688,29.9977294022681,10.0485222530916,-36.9559800564908,-44.5791777289352,1.42779989915794,-27.365303504346,63.1078119598636,66.2091323904905,78.3397317503285,80.5549064884252,65.7974594026023,74.1476539378326,565442.975451822,25706567.8001165,396587.741056896,48954909.2831105,819367.886961454,386.0,89887973.0630857,67373277.1838946
A0363,75.0,0,1,498.63157894736844,421209.1042846016,446.0,538002.1280190076,173.6833811782432,239108.91320991988,31841.80116959064,60182181448.87263,0.4445608987785369,-1.0845497883017696,-1.162540759999968,-0.7241007553834602,57.0786428619172,126.841901926617,98.0052079600688,113.98088783848,-5.35561127467611,-16.0103431767429,6.93408011860055,-0.0879330247508412,8.018096219023,97.7242281921885,54.867181902197,55.1914573380318,23.7169935621515,52.0461682807504,428121.653905003,9089818.61025628,342989.325098928,36511973.4966619,678632.787259802,334.0,84164224.5640908,31902098.1210704
A0371,29.0,1,0,507.02564102564105,734769.4002389462,482.0,1140251.6459535474,206.93260232897177,583075.6262393631,43947.973009446694,348694549655.821,0.6375205715815536,-0.3577294332378352,-0.8314614004920693,-1.8175149721875044,46.1468721644404,83.837466509178,-18.1872911824851,12.639524398037,-57.6224767690831,-67.8895318953039,-20.8071346173933,-3.29124675100763,81.0535749207407,73.6172228185835,105.633932723155,99.8386479059935,82.6846749501007,77.5391182223722,713171.518161615,21508838.3642442,55802.3338769599,6363731.83414106,752908.160491785,288.0,63354644.5432732,23076273.1754426
A0365,15.0,1,0,412.1111111111111,743265.5746594294,360.0,68191.80951104185,99.93302695577277,709932.3603618916,10098.81897627965,509604000247.77344,0.13261998695893276,0.048051986409062275,-1.8358034983372211,-1.9632135885722148,19.0358116720331,13.6198440049213,6.08565082107549,-27.1824156110004,-5.11299417496494,-10.8529122183812,0.702714733159923,-16.2950815104349,29.6251406333733,41.2251349372097,47.4037427394628,48.5633301788121,36.2942170945912,45.6373989182718,599136.636792566,19294823.9029079,372476.863327173,33778839.2487674,958970.929700984,302.0,66162662.7385287,52727206.1825866
A0358,80.0,1,1,535.0,497440.4452343004,550.0,555345.3514723273,107.90170423945017,175572.35808927316,12327.64705882353,32538189198.64063,-0.5379796327101309,-2.2707377060846543,0.043303852446018976,3.7192761541673622,86.2392152406079,67.804009173189,46.3644007523432,9.89420621567608,-58.1962971328735,-61.0040559824462,19.0540328967373,-31.3329961836098,55.2611954241328,43.7454276538968,63.8595622585484,77.4560677592796,47.0334616007441,54.9117621502418,608693.25587247,16968113.4532122,262107.09397099,16002347.2986507,678333.797065517,248.0,51964102.3700669,27370545.4642621
A0370,74.0,1,1,402.75,513649.0910206161,390.0,557980.4579343563,85.49427368738408,164522.72518300865,7627.065217391304,28195549064.212276,0.4508407066577537,-2.1078245431053912,-0.5685505296361493,4.125739527418589,19.244307567539,63.4386395145406,-30.7462739051226,9.87586423054575,-42.9636773198884,-54.9671947829949,-34.2530389105965,-33.6571362421624,76.2938999957848,42.0643923098089,60.7264602755059,76.7692369279028,71.3989010286122,58.0435537413461,601022.717136424,21049931.6299976,270358.893046977,27457418.1893086,860898.599419609,466.0,76552332.6076419,41399287.1753989
A0383,65.0,1,1,395.35135135135135,123713.09907550228,360.0,32568.779337916218,93.44002736723736,122817.45456542476,8973.567567567568,15491806257.982342,1.0647305668482183,0.42916070989584243,0.20700392818379543,-1.6266869019799501,80.964208411273,95.0387118586424,172.405869577011,177.507046851563,-98.3742795749002,76.2590175402363,173.440658302741,172.478179083718,75.1074295864552,78.5281524907894,55.3212960294013,64.7000413900556,74.4466248009326,76.0746628396945,729069.688662508,26128313.8271862,15480.8186166405,2497425.34251955,731660.7263698,296.0,51356736.6608032,26028131.7258745
A0384,68.0,1,1,524.0,837273.7435570196,542.0,888735.6236831415,65.56082841317841,215251.1633008545,4551.058823529413,48907122374.72508,-0.3071831072940043,-2.8967533349670176,-1.0332678661197103,8.590914242513598,61.862492644513,55.0990220174819,33.8307541060082,13.1233229747231,-33.3286363073624,-28.476201024696,22.0588121024298,-5.46759073910358,54.7681178563507,63.0604508296038,73.0358868827883,100.577842113632,55.0756362545226,78.1666996433433,528242.797637789,17413221.736784,111825.850976839,12880587.4490091,589287.841103407,350.0,42536630.4069268,26940530.6131945
A0390,78.0,1,1,522.7777777777778,314355.90071568295,464.0,317423.75958648213,115.83539832958161,25819.302024616787,14207.124183006536,703671710.2071794,0.2064850925122239,-0.4917843866132946,-1.6293996048377344,-0.10705182642558242,108.114508454416,67.6915209873206,73.6952483201547,16.3960217708134,-51.9607641159126,-55.3871298589005,28.2838116490753,-39.5948758176422,60.0810898242053,62.5514255414111,70.6038398648928,76.1659211076618,44.8119241461299,70.0124543321435,674793.007225944,23581060.782474,448061.991637318,65644489.4056559,684174.053315655,386.0,104084150.397592,77720398.1554491
A0375,58.0,0,1,453.1162790697674,121607.10260049628,470.0,149486.65056091364,140.60288946422673,76059.03340774434,20239.86710963455,5919510901.592937,0.09331227340937057,-0.5528676968748287,-1.3485072198704184,-1.2302564408069214,138.958672473657,163.215683840143,63.8749850506853,51.5240909413303,-74.7351338013723,-112.308614344941,62.3203342325675,42.5614606747086,78.5495338010937,77.8547224566999,97.1222617668332,96.8810301715044,78.4926518868615,75.3877384795865,936625.53540744,40417360.8617031,36840.3638931113,14600327.8242939,909161.055273846,328.0,71253983.7930021,26773082.8172231
A0387,27.0,1,0,381.5438596491228,226072.355327348,308.0,43125.18213380611,83.58629749523996,199880.14142418894,7111.431077694236,40652984460.94244,0.17061189478260344,0.16273584752609313,-1.7867710754187924,-1.858262211027518,79.6920982138033,51.5022900082177,49.473511033034,-0.302726709131267,-45.8836377599738,-57.0623215127695,17.1703677118672,-37.8192841506413,59.1768662936517,61.7869928736578,60.9234738381465,68.5436555412129,50.216453435364,63.5459584003319,516332.918677395,20606738.7692847,304142.489249599,36051963.6723615,644439.846993156,364.0,87203448.242673,51471197.9480396
A0376,80.0,1,1,535.6363636363636,434270.2627289828,561.0,580785.9532156426,204.3078215595605,288602.19333690015,43729.38528138527,87077190816.99994,0.5094567176185945,-0.698613792178393,-0.5185090599071764,-1.2885781051642158,32.5733104746172,16.9189100881296,17.8767738114257,-7.95905511648698,-15.4881956203206,-23.0592584704693,-2.91665596411542,-20.5114439163767,37.5492202677154,54.8968278425517,59.263676222411,65.6462767209883,48.0549021614858,63.5465126086549,460556.092626705,11630958.5614854,532608.043738506,51065424.5609717,953523.216901641,354.0,107281073.386432,62285007.4957817
A0412,78.0,1,1,405.3333333333333,372870.56890146574,343.0,576135.3406125073,117.74360091128331,359589.3604215533,14466.31884057971,134692195967.06436,1.4791400169288471,0.007048915650773186,1.3713743411148682,-1.899756073978194,153.654996209666,146.887061810857,58.0218106205658,53.2052014782131,-148.163186129555,-159.486769678705,59.4534144021351,59.6399480238611,77.8649191247135,73.6720332178786,110.09612576599,120.8304237209,78.4058157343811,77.6789140849153,1006381.20398367,39876952.0788419,56465.5952990787,7914945.66385933,956108.651846939,286.0,79530723.8320053,33527412.9251481
A0405,59.0,1,1,389.28,1397520.006229713,320.0,2218240.2313009417,126.3631338642723,1142397.7054717208,16632.960000000003,1357275418165.7346,1.03099526588892,-0.27707994220496246,0.03240667696984145,-1.8722134560772037,108.777394739041,148.603305479231,59.5505307437836,28.8548489315329,174.61915612642,173.943694853007,86.4212192822184,121.15602867641,93.886486409176,65.5114285125925,122.139130653999,119.852089251,111.228664608234,110.21187142498,483274.920674446,23774875.0159235,257494.041728386,31298472.0756749,468769.707236201,298.0,83287992.4224102,16568359.6407041
A0406,83.0,1,1,462.7,1007463.8114806106,391.0,725392.2716189336,122.905288738931,555907.3722711802,15900.747368421053,324484656872.7209,0.548982888143873,1.353584059668437,-1.398100324655116,0.20764874730767202,84.9645587094097,53.3945690245381,90.742125856447,36.3830733882305,-9.03304591284217,-12.6142647506327,49.7544809704227,-3.95132914754695,51.4534052083471,35.2194457643707,70.0525814373229,73.3743495296241,46.9843646674843,61.6834521248472,551112.705518842,13587175.9609233,351652.966130867,35141203.7389321,679268.356240955,348.0,69582241.4127345,44597610.5152852
A0395,81.0,0,0,542.0,1819631.834435647,446.0,2456142.450722722,197.74956103336586,1238902.8834036367,41405.17647058824,1620151485311.7256,0.10725359579512835,-0.7208487596577934,-1.8555815802323996,-1.3783572712819636,100.218717205757,157.230435555637,71.2029007894367,53.4049873566515,-45.9919726129743,-145.570699185503,70.1137883404386,67.6753889081886,86.0488400578213,80.2591953205844,31.2216628109247,113.531034870055,84.006594187871,92.3291467603108,599610.413300011,66681336.5383206,24426.8759060369,32229132.6258766,595762.133862865,432.0,121015512.22502,39011729.9717114
A0392,74.0,0,1,424.3478260869565,97713.90467614889,356.0,146494.20236100873,152.07967268211812,81862.91768836573,24179.50988142292,6992908479.080498,1.2597226947835625,-0.28900792823119564,0.9216615727538295,-1.8580837943545776,17.8878800176855,174.291685021613,11.4836121210708,-146.689204692616,28.9502659465733,28.4388704631396,24.4380201647261,-138.275531695225,71.0091240251343,100.204953358777,77.1969046476389,76.6574601383191,75.4293596291918,94.4878270927535,353366.949347147,143737640.535267,976385.518065702,92569988.4949781,1317150.12312458,342.0,622243970.137717,52441315.5534573
A0421,39.0,1,1,442.2162162162162,2868622.661354479,414.0,2903627.212232583,99.50991669586563,413071.6758331341,10177.285285285287,175239782601.9612,1.6143762667042265,-0.1486724336481127,2.121254826729099,0.07777472557798948,55.2449556271577,124.956577568695,81.9196697673879,44.0147426860655,20.1105896027034,-81.7815615892198,78.0317021920684,37.9308163313579,65.1503300123921,58.6130809019177,63.83004323185,98.7790822816956,64.2182898051239,57.6620323048791,488891.848721877,11880430.9095028,39555.6865446238,1252284.67868121,512472.829251536,278.0,40069206.9715906,11210011.4867553
A0419,48.0,0,0,695.4285714285714,810517.0995789428,744.0,1001317.0953717126,271.07081686360493,452408.65137304453,76200.84656084656,211983358831.36185,-0.6272282747612383,-1.079010297364391,-1.1496447541458077,-0.6472562672332667,89.1791965558048,84.2021356123687,73.084508991296,50.6850509390374,-32.694860802623,-39.3181841115572,33.4301400720155,-18.9604428539746,50.2993235537645,45.8757865709849,70.6432371984786,81.6537407963859,44.3796886984799,64.5944718562563,701045.728741554,19834064.3683049,398969.619246652,38781702.9475084,811575.806617458,346.0,85816877.2177445,45308038.0115069
A0415,68.0,1,1,405.1578947368421,890063.818909855,346.0,888691.2861918359,103.55027416563605,107113.40131768404,11012.460881934567,11775209182.41806,0.4504624807453537,0.12881374292895303,-1.5279250597925855,-0.1992698047154393,23.133087379505,29.1085030903923,-2.28874993510872,3.5269289665212,-28.0097788541598,-27.2722395919559,-11.2113483988525,-15.110341742341,60.6319347279373,58.2709311776554,64.6032397334172,68.185689421085,61.4354911758041,63.2417645626712,719170.227291222,23817310.8015557,372338.393837675,33099326.923691,1071601.65284839,336.0,72826674.17294,55139548.3696708
A0429,46.0,1,0,472.76190476190476,217761.74781234004,538.0,38831.77519917711,190.03806755537536,221357.5417182219,37920.19047619048,51332454669.607414,0.010897053343735084,0.5744634986816183,-1.8719128783482089,-1.2585680578604388,61.2417280749843,58.4622288243613,56.1622362817608,42.7300781418829,-18.2178172143994,-26.4471771715369,28.4801077390649,-3.5964298097293,56.8030761061107,55.9017786281719,58.0165589075711,62.0062547763172,51.4921368163619,55.2928049117043,1121251.02739931,44321105.8349022,706136.542270218,77415681.1521536,1586721.43324882,326.0,127188424.905486,107456712.100888
A0426,18.0,0,0,450.0,479628.96225047094,340.0,139702.0777421913,197.66529176253368,466080.85801755305,40156.88888888888,223102484216.06433,0.7569283499642739,0.42458851074872433,-1.0600859683112442,-1.6290584083039563,165.508133572714,168.134111525737,115.955166767161,119.276908428718,-57.1997481337857,-56.762076088061,113.62614699681,102.609253594683,91.1360480257998,89.7660532302479,76.0510878268184,79.040306180955,86.6713277238402,50.4812292267734,686134.745473264,30214342.6905184,180165.130374015,25054617.014865,513684.229796609,372.0,62179942.2450462,7679514.0973131
A0424,61.0,1,1,393.04,274168.732230014,396.0,273902.95598734345,46.39696541800983,50872.60628357886,2242.3733333333334,2691542952.887389,0.4493777708114167,0.3351250452037331,1.2747544993474156,2.3485907218231894,85.3534584056901,85.3458440994482,57.3146187792152,24.6470211486651,-49.2078798543376,-99.7651325001459,54.8802621894802,21.6922398091493,61.3744215708238,67.0849684211715,53.8535535731907,29.6259819907312,59.6918561552339,61.3229193835659,696272.240427609,24223792.6776411,33143.9547608622,2727503.27056337,699737.421973946,336.0,49025428.9658403,24595801.6747357
A0453,12.0,1,0,351.90909090909093,994709.2836017639,336.0,1650191.1113309888,118.40604602610962,853791.3443434095,14346.038054968287,745526924668.3566,1.6321992439598696,-0.2082890615794423,2.071565487663009,-1.9362296736124356,31.3570132344086,21.1492006869842,20.3188865240304,-9.1962084305075,-9.01242606966189,-13.2469434868223,4.59370841319448,-11.6967118599549,38.1626208494764,46.215916639509,60.782535301622,67.0996967561316,47.3698400475016,57.8731862892317,345796.944053196,20706592.7705007,282045.447359168,26170809.4943167,604727.835588488,368.0,67096888.9988706,46092183.2228074
A0442,72.0,0,1,416.5217391304348,911668.2534279985,372.0,1234492.0467271872,114.50037765846866,618277.4885333887,13706.26086956522,398887359471.8134,0.5070588776494844,-0.5843021763358882,-1.1508374191332076,-1.5048307966758558,56.5577289400536,60.4003638258805,149.472216450239,12.1653435716836,-50.4740185030564,-58.338999972036,-52.8540722522827,-47.2726626815187,4.04549988932363,38.4530201827434,52.7432066427677,67.2766425945209,21.2747820975002,57.4231143766098,491994.063497243,15086706.5285695,398915.978074093,45630086.56388,785820.114278681,372.0,98622596.1572267,54678814.0427262
A0448,51.0,0,0,744.9230769230769,965631.3240524685,802.0,922217.6969353119,145.17600010303755,355320.32888490584,22832.410256410258,135964269666.48361,-1.9487440793736686,-0.6457640714532848,1.909369428403095,0.9646317563735889,103.502781403102,130.560459571902,73.642645945149,57.8079560248525,-33.6941855390973,-73.4048367083925,67.6172175877018,41.0562166281764,64.119001891971,61.4014252582532,85.5584944919443,99.6076825570337,63.1184817441119,59.2550940435894,764904.954745635,30983164.3381835,73891.7625806336,8736294.66703949,751096.19938953,336.0,53480703.3663471,26158410.9721258
A0438,83.0,1,1,310.2926829268293,51293215.185198456,302.0,564786.042609802,44.246672137471855,156313408.6005445,2006.712195121951,2.502983004267007e+16,0.8487228004179576,2.757844705459614,0.573005480348534,5.6058979272178355,60.013658874232,48.3586725188117,46.2202933016797,23.4481415478521,-15.2386256748613,-21.5841676296233,18.7811132867792,-0.519019378599502,61.2416023265095,64.0617673143869,79.4603866876689,86.0024245401696,65.9097064187163,73.9745649259051,666143.592133945,41825038.6982154,489240.384193735,42611113.5535525,1004426.8057764,366.0,94650807.5564183,77029063.8401698
A0446,87.0,1,1,512.2222222222222,494920.52328168676,446.0,669211.3936220459,186.51369393342506,358958.06206998427,36125.33333333334,133623145522.26233,0.289986370094184,-0.49106878108207247,-1.3995437661718555,-1.6209620518858041,65.6060587626361,39.8355653944161,60.3626545987466,24.9354742069076,-7.85136812037955,-19.7123620068937,36.7862563106518,0.12032722155988,78.6608555593075,61.667188912941,58.5103768404103,65.0784292966575,67.4331002452666,61.7286079288001,685847.537728212,34961001.2665644,448911.643046153,41975408.0281328,962406.60700293,336.0,88313984.2925919,72373721.2862457
A0435,86.0,1,1,477.1,349066.202300456,459.0,368566.43594717485,102.65568664228981,87396.85655243813,11092.831578947367,8020121062.009821,0.9904029957660564,-2.326323138975303,0.2521829339628936,6.270305320400979,50.6155745042192,132.321833439538,7.10994919123063,-75.8641747537251,53.9018940901677,59.4329936672054,25.1658477799762,-24.0011952349597,71.1663625722351,103.80825902331,92.2992615695412,93.7179044680899,78.2549781613062,112.770890813323,347031.17623661,30419963.0759635,211915.457074531,23437652.3879133,508591.856700098,462.0,99192647.1364275,22685171.7510936
A0456,83.0,0,1,462.0,280381.57975334564,434.0,57474.20535687489,193.2687248366895,287964.566678596,39318.73684210527,87069771245.51117,1.831599045489107,0.5286246849841953,4.0991316503976165,-1.5308975835749972,79.4589620586024,114.238799062301,81.0547823357604,43.4108968211774,138.327441370117,140.756996671248,91.8420498697088,105.893215542694,67.4830455011519,59.4057264187111,125.620602487914,129.834604768109,78.8020515790556,112.055921223124,386404.844293376,9235939.01172909,113327.440784263,16062866.4222132,422106.353705844,406.0,44364789.1705112,14883084.6186825
A0471,62.0,0,1,456.2608695652174,1318849.7545601123,416.0,1144384.518930158,95.05385996842017,498742.15707896015,9445.92885375494,259558684432.45996,0.8939106407937021,2.035172038396856,-0.6646863815596458,2.8590108250816026,27.3405971405534,71.7727636817176,25.1890070688078,60.0257924630484,-6.53004625585093,-16.7752624440685,15.9799478552312,33.3606645513138,60.8577380800742,73.0416874185007,57.3028884109569,67.6882305839,58.9772588516796,66.7530893104135,394911.88403159,18103040.7152067,171334.516322518,10943422.0537257,552737.015796866,266.0,63824852.630738,23904190.6690498
A0470,80.0,1,1,506.1904761904762,1146112.1085788312,504.0,1513526.8531037008,162.3105838310699,679601.5167154982,27661.9619047619,483851470165.9105,0.019655704861007074,-0.817343844733688,-1.3788012346654408,-1.1324132868750516,89.3084348497723,86.9721384707777,63.3519852325321,44.9374971109186,-41.0070375937242,-49.2111331236908,31.0113017184041,-22.1972403707702,56.3222518535991,60.8957259081109,68.4174231826999,76.413450313393,48.8892940731363,64.5087499205923,1275711.34767986,39674498.2948455,642091.744319408,72347404.68399,1435093.92127634,336.0,139575683.584165,84329385.0608916
A0464,79.0,0,1,601.25,638141.1445529098,569.0,675882.2575554653,136.94501633867515,162367.8721690117,20004.2,28011033782.235806,0.08315237728745418,-3.4171626407659903,-0.12611446962777473,10.555918369678928,78.7370610078142,59.0669394336672,61.3975058752167,35.0567017131215,-28.3317553583251,-34.3097468742713,41.73738912234,-3.17202641719458,70.2112362315838,59.5472057947093,55.523040218727,60.4865413597678,60.3477392825163,55.040211158111,862442.169296581,34137652.2727156,352300.060578296,40467423.3297193,993281.577581924,370.0,89503961.3539448,64986426.9471794
A0468,53.0,0,1,323.8666666666667,473348.8058003996,314.0,467345.63078619144,38.58128504282297,80512.44203008838,1539.8436781609194,6698328432.369953,3.2979051216227457,0.6417156483236562,9.311967656925715,0.15482529613671847,98.537823325794,98.3138224615727,67.4403314941738,61.0980877343001,-33.7069328636822,-37.8827611360019,35.1724200837972,-14.0661986941362,84.4575260358567,88.8765872320583,70.2468055493408,73.9729730269152,73.9515074753483,73.8731275156775,678159.384977498,24713938.4944078,410466.407845548,61542388.8269626,738735.690121786,428.0,107406634.846422,62915814.4473884
A0483,72.0,1,1,412.258064516129,582261.8049167925,320.0,501166.5547804584,175.09425438555814,580210.6700737406,31679.9311827957,347503919140.5616,1.0557550702543657,0.057386214542195,-0.08964483586522753,-1.9217987130189136,33.9316978004983,28.9527169823068,-31.8467779002702,-42.6221529058285,-44.2726349512694,-45.8548530930204,-37.2121153627035,-44.8861977199404,45.1469713024902,53.1469829526247,77.3775700018324,81.9501277825093,56.3509732998621,72.0590840213,732492.358817787,29082375.6731796,404808.594870455,54921161.293841,1091998.69577504,384.0,93219789.2964476,81592567.3092791
A0476,46.0,0,0,451.27272727272725,304486.13380406087,343.0,53037.50641137048,156.91867662703558,274693.3619844214,25796.017316017318,78886281441.86363,0.16187014782932627,0.09270071775875388,-1.9334066465649353,-1.9761340525917575,10.9756400109236,42.0711491834826,-16.8900425915675,10.2836755942647,-25.6284322208269,-31.7203315040132,-18.8655368273414,-14.2517865393289,79.8584164851228,88.2157147575127,86.586050626082,84.5153079619733,81.3466073516547,85.7930028849174,825321.696650954,21939586.5021172,238243.73292426,30474885.8088496,1060178.32495995,448.0,69605883.1912246,49017292.9058134
A0478,91.0,1,1,406.3478260869565,354490.13237039326,328.0,531962.8140065729,177.70190199751653,311865.0124760773,33013.3280632411,101488472354.82141,1.5950591061541968,-0.06165646511029154,1.3458142241395272,-1.854655718694264,59.5714332304057,68.0980022922926,60.5972695990155,55.7291282626975,-5.46855956781359,-19.7525709026434,43.4391836128423,18.9282974298879,69.0055882212767,65.8296871224607,60.3215642293515,66.498060469698,63.4182672348911,60.802424192557,837267.605488357,30989937.1137901,352182.69182232,29550662.1343703,1060062.63488013,318.0,74630579.0797601,50167932.8591598
A0481,39.0,1,0,485.05882352941177,401473.22067573294,447.0,76051.79419011563,161.99363480168898,351672.494549312,27037.14795008913,127311000582.02223,0.12526893258841276,0.07238667358699316,-1.832568275548732,-1.967786151747572,147.564155021113,165.948495985149,108.308985323635,112.36807529312,-55.1397452042658,-71.4298693190324,106.926300735529,114.681905970576,71.1749325695119,68.6665586218388,80.7955886203325,97.7685159876635,69.0819816561735,61.4267396505028,1604097.77264458,53930016.2433344,120532.24998637,19225513.7861254,1503759.73644987,324.0,94761939.7305734,35587230.2476788
A0482,48.0,0,0,448.4651162790698,301065.85865125386,570.0,421324.1739766338,177.0722292301121,264328.6786749295,32101.111849390916,71494525960.03493,0.17507617484365678,0.03676520083967591,-1.467860756620967,-1.8428310458259518,95.180606473618,108.558033859051,60.4536862007233,32.6497354257171,-45.6316428244842,-82.8611584782059,45.9029366499352,-3.88579173488754,69.1330898744988,56.5777047227971,65.821981976262,85.8107631925141,62.7976695900512,52.5460661566802,547126.119485389,19241389.9323995,140844.001950872,9766416.51137087,552510.439319872,272.0,41442601.3672134,18601011.041002
A0480,65.0,1,0,541.5294117647059,990893.1345793868,382.0,888736.023037502,175.81879630730072,969427.1374514464,32844.26470588235,995070679228.9117,0.1329015498587421,0.028894300915934312,-1.9609852672825152,-1.9627501204877804,88.3996153988511,83.6347707925958,59.4997462335107,47.3259581379075,-23.1431264857577,-34.1375206158736,38.4319773587187,6.02086289381693,100.039787478261,92.0635013770849,61.580573612391,60.2180303825849,87.7582165232719,70.2780393163246,968747.150403593,35622032.2844623,443340.00887096,41980842.2853173,1076573.7240689,306.0,90733597.7303084,57990579.7589842
A0484,61.0,0,1,424.60869565217394,459498.2544986788,402.0,481300.506210356,79.44248076736143,127013.2198730467,6597.97628458498,16833764893.063208,0.36063896420368613,-2.1150425187893442,-0.5645282107753218,4.547750708651573,159.833469940077,143.367684384702,88.8601416624574,86.2415984954267,-71.6338150542133,-60.6044682278164,83.1801598414238,55.8315280944503,92.457033259977,87.7822954206267,82.1001459989195,76.0275570653592,90.7768035110315,73.6322847479276,780389.91749251,26737385.6444823,183065.620791296,15563749.6936119,611811.095608024,242.0,64036436.502682,17007022.5990769
A0498,72.0,0,1,410.2083333333333,274102.6353750934,330.0,11963.09647696846,159.45283502409805,307866.52577863424,25966.16843971632,96756418480.31909,1.5874347699038491,0.30437843989348035,1.998631131451928,-1.8861679873959976,127.792226336292,166.485559958827,88.7643806890818,70.4049863071442,-142.029451503012,-107.18087565345,92.5933050117916,69.7545765666047,80.544093965313,76.8770957398476,86.6333641703558,89.8220410236084,79.7781458911316,73.473268324592,798827.432147937,28603325.1524955,64646.3832919311,5914864.84146711,760928.942031704,254.0,43609413.2576112,22894002.0224486
A0502,91.0,1,1,546.4705882352941,2436352.6796060903,542.0,2369837.1115055494,85.66014767471499,193981.5446239914,7796.264705882353,39842300810.86895,0.26148811938778643,1.4770322150660293,-1.1787017917675287,1.4677223162082553,176.379040799471,174.968089790339,9.16996605538636,1.95095981640487,-172.344888952218,-176.419949328224,9.45868161798406,1.27700714243011,61.0038828017658,64.9320935869523,122.37476047133,119.888016414136,61.676692969361,67.0535715070811,672329.209044114,35817335.9759514,111478.723411931,10953255.0875133,561117.202857076,288.0,54603447.1979857,24924816.7664014
A0495,73.0,0,1,482.85714285714283,1073568.8132338538,466.0,1136557.362907575,99.33082223005083,261687.5366496644,10072.166666666666,69877925344.6627,0.8691297756708344,-2.591491053264439,1.7857542487381188,8.429188332087858,98.4029462102634,84.0764254136893,47.6336085347831,28.1247577283228,-49.0083000353839,-56.7760957548215,17.7043505968555,-26.0989275246177,100.522051859178,81.9939300698598,79.1234953032298,83.5055028276134,94.3030653950994,80.6435088845182,1180635.21858149,46205914.0065608,642049.028666641,73229090.4917696,1258801.00714015,328.0,137788042.469514,90531082.7470584
A0497,54.0,0,0,556.9411764705883,940609.7509366965,710.0,1149852.3585957773,196.07935686056098,512920.4034153953,40850.05882352942,278563066136.27136,-0.4386410229404576,-1.1651757724728553,-1.466335755958628,-0.38667363650694186,55.9347321300506,47.7250120017464,52.2164194632369,33.7180072220712,-3.9214590551116,-15.6668447520999,37.4714639819998,11.1563512951839,84.3046223322295,73.8839821741197,73.8186374893172,76.6030462369381,80.4435831295096,73.714796271062,631919.552680986,25477301.0758957,252022.046783364,21393574.4033256,800780.635055801,356.0,63154483.9761811,42896124.7309587
A0491,66.0,0,1,427.2173913043478,144726.75373560263,384.0,123469.85320930036,181.34640321333117,74583.85722963684,34381.35968379446,5804610531.392192,1.0064958664081056,0.5535495762496616,-0.29536840703347567,-0.9851957524638233,85.1262118526859,92.2185536580712,63.6539544750714,57.2590487108053,-37.5756824901213,-44.2794959054699,39.7871151187081,-5.44815452493072,45.5240326730954,53.0579262602329,71.9501920948081,78.6727885610139,41.9844873763821,56.4588484001898,944611.862324748,30192285.3120006,293954.716404915,34879686.85396,1012859.20715721,358.0,81107475.542304,45239727.1538411
A0512,19.0,0,0,433.6363636363636,278892.07909627404,406.0,38206.760312841485,143.3122926449106,259990.45688077944,21516.432900432905,70667539381.30719,0.10952766281426263,0.14158060856781535,-1.8573489971931796,-1.9099159767308798,113.592416033792,135.581273448417,-104.436830428488,-148.216211215239,10.4688304603437,-12.4935846335805,-16.619873033049,-80.7989110742907,75.4101546177898,92.0474361608772,88.3726409641668,91.5906514190663,80.7990076844256,94.8190443336649,142976.429361973,34350233.5440379,303756.379633715,34125666.8852324,279188.850876831,314.0,122205334.236476,25884183.5284611
A0513,66.0,0,1,407.6551724137931,2066879.913062372,334.0,1874629.8387617485,141.4614059374424,2040669.8998387714,20726.019704433504,4307931351835.8433,0.947874254836936,0.06533304395436418,0.00915558498729574,-1.906773429943146,61.3591250780922,47.6152772710419,36.4546308469299,17.4032877043638,-14.2301531192191,-23.7141014634155,29.4603490892346,7.66453026921307,101.622844089321,92.2136959760834,65.2598368179399,66.3541475253124,96.3405686436151,85.3111399327036,686694.425575095,33728931.5181899,130553.821773035,11952819.3046322,757981.415191714,290.0,57114470.4277803,42708895.9944882
A0503,78.0,1,1,400.75,138361.7843740294,396.0,122156.19479610142,53.40665532808934,49967.13376500981,2976.2826086956525,2600744225.7191496,0.13311190243478327,1.0660358805033412,-0.7086243291013776,0.2102296618524102,71.8631884796615,80.5244916366857,79.2296669006997,87.0921721917186,4.79940603442484,0.895661299718236,45.9357262516731,17.6460862690544,33.7273523027591,31.6725004266761,78.5413048865342,81.1996238113199,41.2960434844498,58.4728291621616,721800.489214699,19095487.821789,341220.066263198,32962568.6069282,889248.338360936,326.0,76614575.2584902,40723601.8267315
A0504,79.0,0,1,452.85714285714283,482306.7887472494,446.0,473768.4239298003,92.29677067780335,95881.80805677958,8944.628571428571,9631098312.248413,0.27963173173716344,0.31931953817929304,-1.1198958544357704,-0.180040513819824,119.358097542238,81.3335261708769,25.6830723455516,-17.8351081153356,-105.038273948633,-99.4923201638989,9.73728686315447,-62.6078506686407,67.9337779175257,86.8493125723314,75.3880224653082,82.7045534596086,59.8803275551393,82.9019669359707,821277.607055385,30319479.8258834,237995.61105492,35813931.4304885,734495.331800956,418.0,89893990.4153474,50290639.5044825
A0505,7.0,0,0,617.6363636363636,303584.92583937384,640.0,319672.6481124025,103.73328800979131,72386.68954534439,11273.00432900433,5478007042.576528,-2.593358162482831,-1.883421991508553,5.996275081971126,5.201134892005992,48.6518109276204,48.2732286362199,56.5505208017378,46.9884114667753,-5.70907694345642,-8.26216001187375,32.0736140346389,11.6703788285024,43.9758259143,49.3705632009266,57.3154983392746,65.2341464076524,44.4949808820547,55.7610931293559,564179.757737646,18403406.007793,314761.130647558,26084023.7763839,807469.097598445,338.0,67544692.4862985,40719332.771287
A0514,79.0,0,1,377.3968253968254,129005.72123802982,304.0,195047.95463966695,125.40202520864578,106794.07823877908,15979.30773169483,11586006498.408094,0.9777221317726164,-0.24106020969985265,-0.4588827553276795,-1.8399981704048884,138.352352902875,140.80093118168,83.5307632456998,80.1606915482402,-59.5492014038238,-62.7382568559977,59.8601959827702,-23.4730364677659,72.1191618541545,73.6958597277221,87.5852505017868,92.0282488283558,63.6162926050512,75.9723743181291,682499.873793468,23132207.8228089,299615.032300404,34112022.6491102,499970.845345254,362.0,63713675.1910078,21810928.6404885
A0520,54.0,0,0,471.14285714285717,177728.18394959636,482.0,269458.8059833036,166.18548225543546,150700.35571069326,28063.0599078341,23071082881.350582,1.0874358233496721,-0.14239679320073717,0.38368361510800897,-1.8351643679699852,41.7798764503627,39.3657139807673,35.1666777691354,8.78639591475492,-7.99869151861535,-30.633327419978,26.2594145512579,-7.46466953226701,76.8876357814293,68.4245090509399,72.3730702838474,79.5639804861507,75.233493129473,71.9347804173829,842648.753201416,39827221.1456875,236854.042653883,26786706.4680558,1031417.22351031,348.0,85825007.9604961,62875365.733675
A0525,47.0,0,1,455.6190476190476,1277433.6237378179,464.0,1391440.0392531708,89.12403138616175,445794.86130315805,8340.24761904762,208196537334.03058,-0.11393078380480043,-1.8816183812874792,-1.3605533237409746,3.223929587881533,33.6463553442774,39.7992340158555,8.10908481752328,9.47185822627565,-26.1726399140716,-29.4605213998849,-3.43134675989338,-14.3616202642393,70.1428634614452,65.5422195269824,77.420527423466,80.1863695643097,71.8861765240229,73.3130147967704,1449553.72488725,50540925.8950806,722928.047645634,72426323.2234885,2090111.66148565,354.0,134106197.207708,115864635.346671
A0518,89.0,0,1,358.2962962962963,595550.7910108769,346.0,609182.9972119807,47.02939570477865,116471.47272054717,2296.831908831909,14068033733.904022,1.2181450627140153,-0.6912733856780751,0.681675757997303,0.029781177078728405,18.995704593204,106.700961951603,17.928248973097,-79.2984376213223,25.9533729679102,30.1083725005712,20.9713994086631,-9.57843256263195,63.6391933321058,74.761048462856,81.0448595122076,83.231408995028,69.7873113762152,73.1703231438537,830144.514131338,33672829.2696602,460321.083076802,48056980.3760017,1274237.73555032,350.0,120721617.134115,50132412.9823117
A0519,81.0,0,1,521.9047619047619,975152.0504112608,488.0,1275552.9689540127,182.50581328299154,596637.8949740616,34973.79047619049,372928052848.5593,0.8018876709678722,-0.8946651986027636,-0.18963299649475518,-1.0051392764462779,61.8158228650822,82.7423204939107,38.4359906388236,85.8211549229101,-3.54303159973697,-1.10883902845079,7.38160560197439,11.2836605552638,21.6191417928507,30.7676467319164,77.2501474398267,83.375956688049,48.3481300288917,64.6823442309569,303043.521295496,11922108.0555362,311590.144566398,27574077.6845352,527370.262488344,306.0,64887983.3536291,31393111.0883801
A0526,78.0,1,0,578.2352941176471,783291.3583062874,644.0,1206971.6351014138,237.95193024488464,696826.1871834784,60159.94117647059,514129484270.82074,0.29104173714917575,-0.1588346680948502,-1.161634437840225,-1.8908505645082672,54.7534621354418,61.3834042771885,34.7313906820277,17.9302120429197,-33.1760345987323,-53.5599914683932,22.6362670437834,-11.9843064344196,53.8889273822908,49.873259983944,56.7752712845202,66.5751412552268,51.3615467110028,50.7268781331066,1121343.11997077,40525271.2654195,274314.593203913,25378190.6021267,1299110.90890324,364.0,81489517.7874361,57197047.2609933
A0537,61.0,0,1,484.1,535468.6330861042,500.0,542095.6591296829,68.12774765101221,32777.91910867259,4885.673684210526,1128111580.149418,0.14872509327425526,-1.3247477816066355,-0.796667915547975,2.6464697487054902,19.6608727946522,13.2358713420381,15.151914166709,-11.08298732958,-4.97411878241439,-10.788038437775,6.77369927024546,-10.907186777251,58.7053705241977,57.4657951726911,66.9332259526383,70.6990279733097,61.6296520894558,64.9940557069192,504781.451850024,24073079.5415449,335506.647923445,31728504.6027718,828454.694500101,344.0,62687241.0259892,55436784.6445818
A0534,12.0,1,0,383.4901960784314,1626581.3494488872,278.0,1481433.06603547,118.00554532483858,1510688.1364809277,14203.814901960783,2326927246600.3794,0.33126364510379486,0.020549007724168098,-1.47264145486289,-1.9734565238361095,66.26602673141,34.8475364982955,42.8134485194533,24.3179266971109,-4.07110362653452,-7.98562615896014,23.7698192071692,0.680033447359244,108.790793200376,79.6589993494544,60.3041269924791,62.5612084011274,87.8677908037225,66.2025368434605,594581.359339813,14534496.5008617,452728.634758813,42873729.1615517,880442.103865725,340.0,86924326.715007,55427545.9274013
A0528,26.0,1,0,351.77777777777777,694623.5705739132,304.0,799343.774858574,132.67206391403533,621588.846237127,18278.871794871793,400682793535.5286,2.0518229270934425,0.2452488865807854,3.2367260391039574,-1.3407236294534826,97.163910928843,99.0271795152702,68.9871475263603,52.4619203658781,-27.8372650576926,-46.5246354116909,53.8225460464356,-10.5059919413712,94.862621878047,91.5323925647742,85.4823278969466,88.2178374266251,93.6595132394379,89.3048596091618,1492365.00394473,33774502.3063297,394370.084077232,51166708.9301216,1495288.73266839,368.0,117349509.916411,56713768.8544108
A0530,83.0,1,1,435.9047619047619,138638.74386755598,435.0,130047.324203443,59.32148471467006,60180.107265030994,3604.8687572590006,3707874960.6789846,-0.5334360572761162,4.654673365518774,2.3765688285293622,24.693468109277934,44.3220401825702,32.4540225546822,71.3880942689956,50.4666032376566,24.8942855887561,15.7344555101113,61.3962212888103,32.5203296031681,73.4659443415171,69.6072800755625,61.1922864279705,62.0896565579092,69.4427590096746,64.5964984371392,800073.546006762,22992896.6751769,255316.952990391,26021065.4837144,998792.822464505,346.0,86099364.5599087,47068953.621462
A0527,43.0,1,0,442.27272727272725,457063.19666947424,318.0,22581.262821918976,198.9511547678753,462972.03610739665,41466.39826839826,224085974681.85715,1.2033313548563211,0.11168512765462493,0.40657417153392394,-1.954224968655589,74.6192826863658,43.9132480710025,18.8181145494107,-1.73387238955269,-47.0388544888899,-47.5840279548701,4.13668590239267,-16.2645075572229,100.759791424554,75.1006798594904,61.6907077152014,70.3202402869416,90.7239260174461,72.3689808621794,485749.202483363,27522394.3755213,176333.321450369,13634018.289818,559000.812008754,272.0,63188279.8681532,38522833.4836099
A0531,62.0,0,1,567.0909090909091,1302928.733284602,584.0,1336077.8437128672,161.25725046163438,457599.25111050706,27242.18181818182,218915123463.11945,-0.13727110591455818,-1.7007533710776488,-0.5650368297575765,2.671225020196358,27.0060894407565,43.640511779435,8.31644441842124,-46.4681019753274,13.7290166669169,-4.54579092547042,9.4371660784013,-27.9551002637539,92.9466277540925,86.6103193871992,66.4602645520174,71.6784271703798,87.1665750650673,79.0988264442522,621968.657102072,16918547.7886304,177075.677399955,14218423.1008739,783870.59688533,272.0,61586032.0164658,28923564.1404556
A0550,55.0,0,0,362.6530612244898,1038117.6702848269,430.0,917708.638568396,93.55682569158729,1027280.8401942635,8935.231292517006,1076842780234.9305,0.8801949534608685,0.026134761559671784,1.424454790255611,-1.9661094386745972,35.0060736478403,43.5433035814966,36.0217352291891,35.7261264014681,3.84000447588348,-9.51723739821004,27.7940023959625,11.4312993755831,82.875914159611,75.9067275191094,66.3620744167452,69.1572046793555,77.982516270046,70.863613339155,1334088.53273135,43287146.4624382,509344.654627415,51697015.2613089,1775496.262398,322.0,103790521.33631,88264025.4828255
A0543,78.0,0,1,445.2857142857143,329120.19117395114,416.0,342710.0074412772,118.9348132210177,74928.6523367764,14490.50174216028,5747976820.553258,0.7727943561503964,-2.262747345694531,-0.269821885866774,6.917294075802634,85.8317667605828,118.218239594706,69.2073845921696,63.7555100272757,-41.5414547925556,-89.9217776885366,51.5643604976579,-8.41530156749044,68.5213047385907,79.910451700972,39.5180741895528,42.9345516125602,50.8863711083928,20.2928920837702,457181.895997978,14695374.0479056,202935.237854387,20444449.8588361,513502.897062249,444.0,84161866.8871953,18703362.7542302
A0547,80.0,1,1,575.25,1085555.5254434163,557.0,1084761.8389366493,92.6495412832681,61704.80566762253,9156.2,4045450732.6340036,2.463994121933151,-0.3315683297656015,6.129578061796941,-0.5325676686213643,84.2327935473749,93.5557493654867,84.4063043173578,75.2103655554627,-5.73405500188997,-21.8627755424002,72.4731847554119,38.9966816952277,70.2289716693035,71.4908644642653,72.3283520503266,80.3706717391036,67.3276866994069,68.4138769354626,1219124.49671038,44421245.3160965,254335.069399496,28900068.5831567,1270144.08764817,372.0,87476338.8575034,51470594.0498691
A0549,49.0,0,1,516.3157894736842,761082.9970065686,509.0,891595.8711094068,167.45935960439348,336857.499234015,28800.546230440967,116459105705.72586,0.14328550998371695,-1.5972517605981669,-0.8695486929766654,1.0127632025941447,48.751999202665,54.2044940957294,91.549985212033,69.1808879252839,52.1745831300981,66.8984997045201,88.2946379884398,68.8450521889588,83.0987603319843,102.877665138536,113.018308874965,157.060864407648,85.7429800752634,118.491183314035,639913.325358266,11953831.2709334,66491.868750377,5159366.71666228,685577.897536749,520.0,50650753.6629296,15545381.6937026
A0545,84.0,0,1,544.4888888888889,4497585.827153805,530.0,4858797.351462821,147.7030989251707,1434604.4007029447,22312.028282828283,2103825115105.5054,0.353049169039482,-2.567762834463348,-0.613335056556239,5.370170807333029,155.610768239713,171.557298157955,55.3398698429399,45.5888660646616,-142.522145303943,-140.285944240631,59.383641060018,54.9105854286162,92.3976026034392,83.8083525799334,104.384168755663,102.331296499246,96.2711341587305,93.8965806977466,1424270.78115115,74900739.5668364,277679.708210856,47099914.5543753,1176969.55078876,342.0,128497283.296311,29143550.0154292
A0564,79.0,1,1,310.4516129032258,971479.3006988007,310.0,951787.2305091687,41.52794528187046,151589.71076419638,1782.0559139784948,23720712680.84926,0.3011923094903132,0.07895921282634517,-1.1328852005261432,-0.6549850131064958,86.933607257776,145.982761774473,-60.5899760359594,-111.563526921904,28.4364066810505,34.9703253413017,-35.9813806990282,-92.9083572793459,17.2434433111145,74.7764695737536,87.0913722276484,96.292530436808,18.8592014333204,71.9668725754445,481053.776786481,30571761.5272749,65919.9942172578,12027019.2169933,489030.498169466,336.0,73934677.9000733,21673776.6660082
A0566,62.0,0,1,515.8947368421053,630324.9185285668,464.0,890401.106230598,167.0807856088413,465829.3128364525,29466.877192982454,228417840734.40158,0.15564220368124257,-0.513772876948973,-1.1166237651033688,-1.5901248352393773,93.8543034633943,91.9937600874818,50.2086649154835,37.8260274824006,-35.8330507545488,-49.8486694883467,36.634895028039,0.397081319929186,108.676232840865,107.17134335694,66.5889591850544,75.8099549427644,102.474572025784,94.7987605124189,1283236.90910271,45992213.9823877,326053.426988952,35832172.3629601,1302596.62355873,372.0,98011455.535602,57311065.740792
A0563,88.0,1,1,524.2608695652174,626282.0025330293,470.0,627859.3665602251,129.98903545443474,75502.80727182032,17665.201581027668,5948529293.139802,0.9651372399646104,-0.11473088334403028,-0.02797217473822622,-0.6498425980657827,82.4985381720568,88.6008177988418,75.8793631657425,68.957909398043,-10.302049777456,-23.9903437444523,56.1037140277436,15.0784948667033,81.164319993123,80.3356023851119,61.8159629142826,65.1902261814439,72.0235503133477,64.2948369351047,901815.814894713,25441798.8257463,373256.329015053,35413732.8776229,1020039.9608212,336.0,80176072.4307404,44106894.4970208
A0551,87.0,0,1,557.7647058823529,15822768.020890476,602.0,301227.92581535736,150.80107507747195,89831686.44066538,22966.12230634828,8148846907291415.0,-0.547324675483291,5.600288164018662,-0.5925265846853174,29.36330282473589,46.6630019893736,150.304656473093,3.96132447702248,122.725873945477,22.7386492093647,-19.5234925080866,8.71321043801668,54.4517186735135,112.593052991897,139.333908611535,69.6783684784828,52.8663272973944,102.29732071308,124.153333012138,372807.284849948,10057777.1101598,125462.447764953,7945932.39435241,467895.331574371,354.0,47010777.0441666,5044895.9681496
A0557,82.0,0,1,444.2040816326531,1303561.4945674827,380.0,1869083.2544570682,154.52692514764271,1141865.619253053,24376.040816326535,1330466420849.141,1.4406106169379,0.06588896166432068,0.9772734507826359,-1.3967922089845533,91.4682592813298,66.1369306902661,44.8609218620599,15.1139389540026,-49.3424320699963,-52.5004576061487,22.7735663292337,-26.5988294486511,81.2389867506832,80.0794811514334,73.3020713975166,76.814267972967,75.4171346643318,75.8977604441305,1218635.98125524,43406306.4841317,496828.939760428,66893577.2847792,1304179.96735291,340.0,124773287.077173,93317609.463617
A0565,72.0,0,0,482.6666666666667,2333440.0360158887,344.0,863181.4815701839,211.47084714427942,2331176.6813455666,46117.41666666667,5599063044487.188,0.2548533577050608,0.09600913729585084,-1.734902230786585,-1.9558056291291832,165.232957861296,169.381087672349,96.5511467418693,93.0216819128163,-95.6953084870962,-97.992050106364,102.552211544785,109.407079573471,79.9478550730965,73.784678654403,108.873247106987,105.48398113921,84.6763128926591,73.7505171361539,1382102.26001689,140108058.194021,480196.352681823,85576393.1552591,925892.421142395,446.0,248921212.713274,58175322.6905605
A0579,49.0,1,0,404.0833333333333,827969.1239356905,402.0,1261524.3772404357,142.51605660026132,701442.5374865064,21193.90579710145,512522534786.9885,1.0986871689999447,-0.16795643358627801,0.03443804116264326,-1.8767627581529913,48.8658159651471,62.3572653838566,55.9757280768324,-12.5878805807948,6.65733329302908,48.4991729616881,37.5923756762782,0.486067542537493,25.2386537826292,39.6868664317224,63.0402549941383,77.8367591308959,31.2248951393356,42.8247087174642,578054.997255509,16229398.7623044,169646.803240105,3226501.50572471,701389.350163759,290.0,55172604.4742496,17955309.5185196
A0584,82.0,1,1,485.0,217289.4699440238,498.0,230081.9917083319,103.39342338853086,74299.056531152,11252.842105263158,5796367291.490288,-0.6422990396467234,-1.7569967536831992,-0.22085696945174327,2.8487904842854874,101.959961502362,98.6904643122719,61.0080649779826,46.9117856708097,-39.7348283135928,-52.9375322478776,43.6745818914835,10.0434001495838,96.4248237122314,85.8585925229719,75.6112649556652,77.5856237501874,92.0652409426727,78.7166858163777,731955.650064372,30941841.6536403,225209.93810184,21282102.7850084,719831.994010861,346.0,63348245.9412317,34804157.494237
A0569,27.0,1,0,726.8695652173913,3013464.300113447,738.0,2960097.284878118,59.31441964709623,974626.7985330063,3678.1185770751003,991197283219.5101,-3.99772355687902,-0.872537378308548,15.388664063251909,1.5175139319797966,89.0969806994458,87.1862255589832,75.4719992556342,59.2354584312009,-25.1969480227615,-36.7059759104162,49.7184720468385,-3.80313403337627,65.9800279119462,65.0334415135795,65.3916051108326,70.9469606885909,57.3658226139724,60.5867832454588,487805.349853253,13806551.3743819,220536.638452662,21727251.3816787,538499.172175672,348.0,55871379.8169629,26308670.2138532
A0576,51.0,0,0,554.3529411764706,1657891.7219700795,504.0,2626804.2650591056,212.4382100272566,1384819.4076702564,47950.617647058825,2030532132557.859,0.6971735106114417,-0.21892284440895293,-0.613242608793696,-1.8862266200897593,44.4539868623969,37.4749491850487,68.7219227691736,49.7028642753327,29.3361112379548,12.3614298741789,61.0199180681878,29.7504534360071,92.553466607568,82.1715126886627,70.6628940380666,87.0333116270196,87.8693205166811,84.4654582137868,437673.837102811,9785617.68168342,118238.590514167,11084054.6551979,528600.339903675,340.0,46807775.2014589,19767988.4116787
A0567,30.0,1,0,434.3703703703704,39845.71008046666,302.0,30859.854358013046,145.66632294598352,19203.073340232168,22034.78062678063,382415730.36627376,0.09585183880089714,0.42113727634270126,-1.9589481282850212,-1.4469840340638989,110.282181857082,124.289256134349,98.7645126539392,96.1511055656427,-21.2986578498299,-24.2227778266803,36.935201655078,-5.51056606488983,82.6794237817545,106.884264222614,56.8985590769752,62.3525392518574,51.6829728064496,64.2760637702768,397516.05158609,17278991.6266008,488011.915894013,56980178.6610964,511548.564668155,354.0,101212289.972017,49355434.4894467
A0595,74.0,0,1,445.35714285714283,184390.51861720346,450.0,189517.80713621754,71.26420373998349,37318.22865505902,5266.682539682539,1442387696.7352421,-0.032639766653603776,-0.010839908269999338,-1.004226655782848,-0.7200911982307665,30.4085817260223,20.4160737188859,20.4455913771429,1.3903335365075,-12.8091646091727,-19.4504374084564,4.67435874376541,-13.5596736219513,56.2055426987191,58.1639496076018,65.6559953817405,66.9285263911207,59.4192781181241,63.9887058951762,783598.732993731,35672293.9292014,646627.600902374,82799139.0290443,1380631.32070011,358.0,128797253.711282,116894868.570342
A0601,55.0,1,1,492.0821917808219,661786.049343758,490.0,849213.0174573858,168.04025556718994,481606.682827277,28629.715372907158,235122325669.1522,0.37432349243725394,0.1808976248277171,-0.840670920886947,1.1609389450298027,107.130095795384,110.275767904356,70.8166461015116,63.0153271438471,-57.2007663174624,-62.4024170867655,41.0907877139687,-22.8583461514375,52.9233560758409,52.5800714027124,73.0712411454952,79.8971400146246,41.2393524769002,50.792221802877,924117.483599916,32732956.039822,386180.910717347,41367663.0728576,890448.384660111,352.0,87176372.6457907,42944649.5405152
A0586,61.0,0,1,409.0344827586207,437602.01545480225,376.0,433016.18970811414,81.74750138905256,134625.7367337033,6921.320197044335,18749057576.992126,1.1862427429615463,-0.48274763624330846,0.5287838065229851,0.8266935081049818,41.0782628593921,12.1829235528248,-49.5131722907521,-31.7506550837638,-12.7706495585124,-18.9034187432883,-36.208053212168,-22.6151704074988,86.6762714212054,71.018028038262,65.8761656583292,69.5094939374689,78.0913331265418,69.8477360893732,431060.808877116,11003518.3291679,272819.478859644,27242623.7520979,661470.585895205,328.0,53004194.1568005,38069216.9950844
A0597,30.0,1,0,424.8695652173913,386761.57207479747,322.0,347135.2301082681,110.87764676428193,357193.30665908405,12852.664031620554,133134321727.357,0.147458897697146,0.025803984573653994,-1.902229125536141,-1.9640146885496266,149.343476831263,175.77909331317,64.1209698715113,73.7034696558709,-85.0125454185835,-103.21387208243,53.6005921569599,61.9398351356945,79.4823044214747,88.1386721496689,97.2554906303478,94.7504292184317,79.0241109644536,99.1018876412854,520670.255100367,61661141.9197989,142517.351201138,49205716.6848244,404649.672868881,414.0,121482148.156876,13099479.8098084
A0588,55.0,1,0,451.5342465753425,1279984.9432614632,512.0,1064037.9804862319,110.34914480266228,1202939.3935142553,12346.05783866058,1466885967817.3271,0.06493469964380331,0.06575952004111323,-1.862586812775175,-1.91360044887054,10.6596914078047,7.25217494570564,-0.475069248274097,-6.7680102687701,3.82834021248613,-10.7966810978003,0.207772133547641,-7.88180041460731,57.3028622544034,65.0611199844334,67.261997067651,71.2763800752767,58.7518754498846,66.7149183421922,793714.449878461,29870488.9700989,136677.209421347,10931773.028738,928377.35117282,308.0,52418369.6652692,40738189.5672227
A0598,68.0,1,1,417.30434782608694,328746.4242538239,394.0,354739.32714353903,83.23170110031951,86534.92968051427,7242.403162055333,7813872057.19466,0.26402114606802624,-2.164499066459741,-0.4920141831838114,5.60842057159795,60.1315137018342,67.8093623663914,53.0060464649453,32.6199375293019,-24.9249369842981,-54.8437824850827,42.0823146244451,6.23573730370844,59.4165123006122,54.317259420497,42.1497292838346,53.2643296840834,52.3876726911675,46.1342729426808,797559.941863228,28826609.019216,210623.594409318,14833604.6311058,920750.133595043,382.0,67386280.9601932,37067656.6658474
A0613,82.0,0,1,507.89473684210526,1448210.2396264416,536.0,2126570.9911585986,153.21463951520056,1057351.0836451028,24778.877192982458,1176832962195.235,-0.13856096555592115,-0.5919936753750668,-1.4073019597382708,-1.6001650342229405,79.054622460413,70.4847354564364,73.9703041004381,53.5905981420619,-10.8984487681071,-17.876503180982,40.8312666936218,9.69578727872192,53.2187351084984,56.3911377700105,78.4695383050127,82.5715378921535,54.9594538999244,67.2272947981414,610689.111902852,17791246.21458,347593.105487788,22382756.8711304,757872.931295814,310.0,71070947.498059,32917646.8614646
A0609,92.0,1,1,498.0,429235.9173153889,454.0,637935.5156880746,145.07203292448241,379168.5348651514,22215.111111111113,151335555612.4058,0.36203564353658524,-0.08446669250338523,-0.8374640332249474,-1.8407770542194781,101.927060192267,164.894466296595,-70.8431702748543,-118.274182566155,22.3065640103178,56.179984856836,-48.00017839798,-115.517718869116,63.4804282984362,57.6823814581462,111.108400738224,136.816039949537,72.2322920181219,67.4621752069612,480504.237525281,51670420.7272647,190027.966313378,21251145.0808334,478804.618903867,372.0,121559665.057035,31641958.491245
A0607,65.0,1,1,428.0,815091.4466741345,354.0,960661.2559470738,119.13950739457597,583462.5601202173,14599.771428571428,349884907924.87256,1.2199102996391171,0.1074589107273097,1.2749131716579551,-1.7541635958259412,48.7227148704881,50.6921696065119,24.9615223524437,-6.52429374516902,-25.2551114084886,-39.4208230819843,-0.0873234958813868,-32.9083683207105,29.6973450570752,39.1058086092145,64.5346411848227,81.9149814543724,39.0499212529255,69.5375156559596,671623.884796339,15674247.0980083,366911.204871602,39125448.7976304,954378.978751442,396.0,98121220.9713418,50531863.7478722
A0617,29.0,0,0,477.73333333333335,44579.813463380226,470.0,64857.016062037415,171.96257990879553,41277.00841866936,30243.2,1741653455.6392322,0.9142291943221036,0.04010683066261002,0.13367122292837896,-1.833188780871886,108.172220664051,83.6821752084112,61.6226965822039,6.14359658570938,-48.188241782399,-68.5710505583739,49.7756467912392,-17.7508304953193,75.8687808796535,60.3162633874805,86.2249655429554,103.184391987803,74.3887321787317,70.2167223720799,1581534.89584427,66603782.5003198,318621.009835307,31054305.3921464,1512765.23887542,356.0,145884426.459103,76522201.4413118
A0614,51.0,1,0,626.3,801063.19931709,782.0,995589.1923538026,206.299079009093,449428.97683300695,44799.27368421052,212085725478.0217,-0.6668643636002777,-1.0677918407816411,-1.1425377097389695,-0.643216599113769,36.4086384684829,127.537641863578,-53.8875510091616,-1.89005924388428,-89.2649217676063,-126.92097542285,-60.8737028664125,-29.3503030489336,72.5487057172808,43.2749676476336,84.028944374749,109.019786876718,74.3494909899375,42.4911677262308,1026366.94140955,41302507.2380012,251825.052204029,13931382.2907465,1238092.20360942,266.0,95340533.0862927,34623936.2760134
A0632,14.0,1,0,603.5652173913044,4419435.536310546,682.0,5007109.712494735,157.74603311678925,1668359.9508675202,26014.8932806324,2904443400687.312,-1.2399088967853196,-2.25500678275596,-0.07343805435277329,3.1109309372204326,19.3645679716456,42.3424685722373,-29.7479899873612,-3.08705141679018,-35.17615471113,-55.2353671167788,-30.8380182292987,-21.3523112179129,71.906642387013,57.7436629419187,53.140312829006,51.0110755195907,67.6072578874577,52.5155741364605,1018839.91014777,33995508.0045882,304408.698575772,20793561.3377755,1309922.10021143,326.0,74917689.8147392,51313092.1931162
A0635,80.0,1,1,462.17391304347825,452579.3367299386,486.0,485332.5571241629,74.4344778539068,110673.30824444917,5792.332015810276,12781128164.630463,-0.7539130165577437,-2.8475787606817216,0.13939524013340376,8.732150404450874,87.0626568052036,83.4174074609495,52.8804119532325,38.208635569414,-48.1531523459469,-57.1543992350159,25.3555564576196,-25.2584409231497,67.1741725158958,63.9520862645915,58.6418072340585,64.3170492156561,55.0808504065172,55.3348510441246,1189191.96202351,45131126.555877,618620.404560699,76182729.6516644,1368307.2299257,342.0,139603258.879623,92891916.6951519
A0634,72.0,1,0,369.46153846153845,441761.1935596945,343.0,680275.6962658708,109.16826489035904,385682.17929021653,12394.418461538464,154471925861.3604,2.085225176599573,-0.15512709834152555,2.9482700193984845,-1.88785159174577,145.38923843136,166.973613260363,-19.9771530484113,-12.9589766796036,-161.94765384658,177.434233469186,-22.3204130322643,-14.2642417115859,66.4391721721032,70.9115636408083,114.728075872995,117.989188213736,66.8318562304847,72.1599276637246,799149.990572111,33739580.9820987,50904.78003055,4056518.31931737,757805.644642112,240.0,48184292.5949122,29801481.3240723
A0639,82.0,0,1,404.45544554455444,89683.09586761949,334.0,22355.303823323906,133.7101582930111,80919.4237834481,18057.190495049505,6612784364.7071,1.3727013908225765,0.09749344154784124,1.3408547704707177,-1.896004559012835,42.1184775535162,57.4148733150992,10.7302376437913,11.6589963430023,-36.7515857786195,-50.4558230545706,-4.98863880339292,-30.6212991533869,65.3938363607287,68.5528480542654,53.8096971701302,68.6521178566698,59.2051850590268,65.8536699582396,516914.82672988,15190727.5591301,299698.548721864,30099042.3059509,766058.032061238,352.0,71740117.8999282,40363237.6442111
A0629,88.0,1,1,483.94520547945206,444283.651088186,466.0,584785.0947865914,174.24875074027597,326690.4110536861,30784.330289193305,108188633231.61032,0.666992066175122,-0.21417825991244074,-0.3235029018474114,-1.6884603047378404,44.0439573377407,34.265469619013,-147.484668252977,-141.83744444607,-99.2005267119899,-131.242528385687,-124.254531642065,-137.384274364961,111.76958286055,75.7442582005642,116.786235503098,108.379779772883,116.257740289591,89.5685196121085,404542.226594885,62145134.0205432,391984.008891238,46061177.1263489,738426.764869209,276.0,235584469.555008,103513137.325606
A0636,46.0,0,0,373.5135135135135,471863.83584833844,412.0,425765.8222692243,104.18840045973411,464152.083140991,11156.756756756755,221259782129.63818,1.0578688143703248,0.0784759563422242,1.2727020862466754,-1.887214936677127,76.8325891559397,60.2210850381535,20.8887483159143,-2.29533651893299,4.96432273020553,-21.7497149760867,17.032332017647,-10.9226410013488,121.21406709581,100.11408469103,45.7693477106051,42.4292080931428,102.577376383072,68.5882633388406,744680.346704944,30503178.1551197,285926.013415943,35543124.677609,856334.745461799,382.0,94362276.5632793,57189875.0224812
A0653,15.0,1,0,469.7142857142857,469286.8478838161,500.0,44727.877034865654,180.58559317560477,481891.5526072541,34241.71428571429,243277538401.57425,0.20504136884562776,0.2271506330579708,-1.6534888711817226,-1.8906647519613151,62.0348717296615,46.4046027439911,53.5849926096941,30.8632499221192,-11.7231636852501,-20.2210048459351,36.6472872860017,6.42141858383858,76.2743688204194,64.21398895889,55.6773793307101,67.3387088354946,67.2246941575639,63.413750346039,503501.88154958,18404438.5154304,230837.429907459,16570491.7215918,644830.011832832,332.0,50504054.8664457,32154259.9812104
A0640,29.0,0,0,440.2040816326531,467491.5098573396,522.0,819533.9365364369,145.32454595425256,438934.2354110154,21559.20748299319,196595166342.70682,0.48335833253438365,-0.07009601556157004,-0.41595137669710436,-1.9819570057021063,50.4626178723808,38.6836856132151,41.2481693951104,12.2486499423091,-19.2634717251026,-27.245016325312,22.1086205154944,-11.599665965961,50.2080807224207,45.223456623183,61.6788243021878,66.8476935822904,50.1230918103304,55.2941270838999,652566.107228776,22543502.1557581,282553.611425782,26093295.0345676,860483.074919389,338.0,56311511.975622,45906761.3921811
A0643,83.0,0,1,372.45569620253167,476669.5568603864,316.0,752314.9432371877,119.37344842582151,439827.64512781496,14432.712755598834,195897070803.7257,1.3513974410060907,-0.051521781684721574,0.9218392986882562,-1.938420140848986,42.1257940681812,30.6888611756179,48.4868911375119,24.0775120207272,6.79706527508715,3.68973444970277,33.822791558891,13.5255466350595,40.9363937781912,54.3634363518786,67.439896698728,78.871009967039,46.5950675819239,65.5373275265112,629199.57304092,20575416.430652,248714.740302624,18270043.5681248,830591.372881867,320.0,66812274.0476518,37465683.6956374
A0646,81.0,1,1,459.7142857142857,1883963.319531556,364.0,2891903.7948004934,192.30559580228223,1418130.445886783,38830.514285714286,2106860340672.5247,0.9245153185902699,-0.5361766622233077,-0.46286179931166727,-1.6684275739106476,63.4315677802076,78.649136813225,55.028589048282,28.4886699045812,-8.99501464533117,-40.9183431492366,43.908331952234,10.6741629624734,78.6787633616461,82.8088984407242,84.1439168130248,128.20082841094,78.7100320247145,98.618760424763,527473.870469523,14221712.0324555,125720.508008377,7009929.80513387,594436.395319963,342.0,48473759.7857537,17048130.7233603
A0648,73.0,0,0,524.6363636363636,272974.4278306558,623.0,390026.77137180226,215.26000039160792,230339.7594454366,48543.385281385286,55468059544.17166,0.405753236306233,-0.12948221875010926,-0.8955361564718318,-1.8425445139524808,100.938816047299,89.3436364330548,62.8263055050177,43.8025074667751,-66.3198368652418,-67.7881669958654,25.0160630825962,-53.0053315828256,46.552745220012,43.1257607188456,69.5918309117679,70.1330601964168,33.4250081469688,55.8295694606215,1150544.05264755,25939761.5075156,546524.978126071,73373429.9763064,1176349.34358818,356.0,121722475.535957,78103377.2763147
A0644,46.0,1,0,304.16326530612247,506171.2286096293,274.0,387273.56751858204,39.29342622424032,493204.2164903789,1576.139455782313,248214693024.37607,0.613135777228766,0.11015288363378183,-1.0873420979706498,-1.8573563354231049,42.4487303239318,99.0822701548174,25.7261713106259,-129.119663890358,-4.31811651280155,-8.54205381819911,9.63697863537799,-29.9085419476472,31.7853736085556,50.7878748958824,68.3060505417601,70.290647735336,45.0712185964506,52.910051242705,839335.722047477,27624475.9439615,546784.59907229,61599085.1953295,1296432.97684183,336.0,122002311.157992,63406166.1391357
A0665,58.0,0,0,510.7368421052632,2029706.8916880856,476.0,1903610.0538339412,158.58348029226326,2013350.4349505107,26545.871345029238,4266926288332.0117,0.08479065794947577,0.01697869685079183,-1.876618176150979,-1.9766781929017179,80.964208411273,95.0387118586424,172.405869577011,177.507046851563,-98.3742795749002,76.2590175402363,173.440658302741,172.478179083718,75.1074295864552,78.5281524907894,55.3212960294013,64.7000413900556,74.4466248009326,76.0746628396945,729069.688662508,26128313.8271862,15480.8186166405,2497425.34251955,731660.7263698,296.0,51356736.6608032,26028131.7258745
A0667,76.0,0,1,633.7333333333333,121407.32631940921,644.0,121885.22802015892,129.31175077652026,10010.56016292941,17915.923809523807,106892069.09400459,0.3114313623554398,-0.5236996849173933,-0.8684981518145283,-0.871753159801695,118.243701176406,167.374653064767,59.3626704549212,42.4758802667317,-138.360316689572,-128.071468321392,59.8486168038545,40.4204292175618,95.1324463976726,79.8286948558434,144.838091270124,108.88189585427,97.5054868972074,81.8477765100572,794341.330633945,39952920.2046482,37287.0214137452,7471813.60332164,777390.542435381,370.0,67341543.5400246,32702578.6984764
A0664,86.0,1,1,537.6,167199.0628593778,562.0,202673.30099427528,199.01758716254201,98529.64858589365,41258.33333333334,10096415316.478083,-0.013680400378225925,-0.6202122862059727,-1.4696048603643523,-0.9761651569476704,53.709054729253,52.1082304276222,61.4466333208973,39.6791202481998,4.71507024546298,0.133727904286436,45.1332827468427,16.6676916604711,61.3158284349196,53.1792819448176,74.5211156722787,90.2976176790417,62.6473769043744,71.6626237355153,673433.628946363,22099117.899065,265580.915807824,24300890.3936052,857767.424305198,362.0,68039195.2179844,41696037.4175007
A0663,81.0,0,1,396.25,1304073.520940791,414.0,1357260.6142343176,67.70601278074693,291934.38850396645,4783.413043478261,88776757490.81754,-0.17086977452262653,-2.86665750047618,-0.7758152551974034,9.63183238204028,35.3176601481714,84.210045885284,30.3096182175095,69.9556300405575,-5.57441691909827,-14.4608611534357,15.3928862974381,8.52686652219868,63.2809543956664,88.4638656567062,74.8703985426109,75.2335481244398,66.9242160149223,76.3357406926512,392828.196781719,12814885.5094027,261477.036025336,29791369.2956951,624746.093994979,342.0,68907895.3578641,33597245.6117333
A0656,65.0,0,1,504.27272727272725,997579.9035707581,521.0,1076695.0828634256,99.68002527094649,349500.3842434692,10409.255411255413,127702814885.7114,-0.08278827270122294,-1.6597977614969972,-0.5453223871098922,2.8488227763517964,60.2682059099258,132.742229910392,-40.9998102659167,-117.349859054411,21.2558295020385,21.6637509604259,-5.80978330627271,-61.9376862414142,53.7834221657917,77.1003969628664,77.340236643369,78.841426493016,62.4008814429457,59.2641978785219,120218.080028349,17221931.1432785,125903.664768211,14174860.4175919,212878.207599231,350.0,47976440.5631343,12890097.1640274
A0684,44.0,1,1,421.30434782608694,360823.76441701845,410.0,408261.3920940404,101.30729609443722,205069.0805912827,10729.675889328062,43881733371.70852,0.47637141252769005,-0.2308740284460524,0.17329378410183827,-0.3186121274899829,52.8394034478592,75.2941004796362,-7.00873079377793,-18.6768903767105,-39.2479951777173,-54.614077526264,-15.597322426443,-28.8699039158748,47.2724504982312,50.4456771939864,91.4430391176757,117.890942322533,55.4897686195838,65.6927878388271,1114054.55608145,51650299.9087203,304749.5730724,18357304.9243744,1320662.65620695,276.0,92841253.0970948,59043538.2396309
A0674,30.0,1,0,450.1290322580645,51650.36916073363,488.0,55959.221445963456,156.1433877697828,16553.995262521024,24780.442094130085,278454674.62175506,0.33421266634121793,-0.13546709478030902,-0.8989693790864597,-0.4656962693422688,83.4979085625857,73.5465869070158,65.7650654423278,46.6465487088316,-32.4956400418038,-43.2490012840496,34.5796698597018,-16.1599700233343,63.676218272107,53.4198011379002,59.610820671161,61.7639357101563,52.5010685848312,50.7993838158202,972655.961452969,34786024.43046,568200.166464103,61932139.3983756,1180710.65672489,362.0,106169485.537286,79158371.4211845
A0689,80.0,0,1,523.7777777777778,952714.7986413697,431.0,1306595.077395582,225.9959575733738,642938.8731629067,54078.535947712415,436335416547.5433,0.7152701252783139,-0.7322606668782227,-0.7761364524577727,-1.3758456785859137,52.2677009417964,39.5178461050562,45.3163742687554,8.9558208578844,-12.7471637411445,-32.1786703871239,21.3750971639987,-19.324181370152,67.2851998814182,62.8155502659876,62.0740774348761,73.6637198461399,62.068832711041,68.9534926652094,436671.390157196,20136371.7744254,329791.038425273,39750176.018907,689713.613966031,388.0,87851448.5727389,56749333.9886388
A0683,39.0,0,0,796.2352941176471,2528053.1107600536,810.0,2571966.7160662464,58.767267211447994,719543.0277891088,3669.4411764705883,548197590536.38403,-2.9202159106193384,-2.1196689243606333,8.250312598216805,5.182368680326379,81.6917133430647,151.54225268154,68.3816556027643,96.9987127694583,-22.5502696903173,-55.632046395666,44.7784728464508,8.42408861334845,54.5504385327142,96.7790498851814,74.2683931326707,91.2081472320073,52.4094572133766,105.555842429423,1028009.05164198,16822961.7085623,377532.382792556,18575915.232499,1145205.49079324,270.0,106164306.408341,8865260.10723937
A0686,68.0,0,1,446.0,160387.112960786,374.0,43237.866261518415,170.80841651252186,170948.00498790812,30087.25,30108772542.962395,0.9655951199192191,0.48460462524395864,-0.38129722317388026,-1.3430104779385885,3.1531857241148,2.08686526547316,-0.43615824994228,-4.02554148235841,3.61140818399389,-3.26800640001407,1.10449140740865,-3.52371621208219,49.9425244050675,53.414667304049,49.2788080810801,51.4159834823493,49.6716841859526,52.0781316153604,828351.649727456,27550545.1346893,514215.35699754,55538421.9216564,1342086.59261813,364.0,96515610.4993258,83076752.495884
A0672,71.0,0,1,435.71014492753625,85335.21598599997,388.0,101469.48761922264,156.35829362089166,60159.532224035196,24807.4441602728,3671621046.652624,1.0317889172661525,0.036611737829474564,0.2595495556822276,-1.7042880726289105,76.851771576512,149.17390181505,60.8122694619457,47.351191558566,-19.395750145785,-104.116980765878,58.513482694885,41.9809168551441,80.6581786522184,81.0158406609966,58.976512320724,87.0899977105855,79.3684673081902,78.9887548752117,1102522.08243069,33282536.9496255,52075.3629189514,5523241.59136228,1115520.92824116,236.0,58908025.650436,28679580.8641575
A0701,74.0,1,1,404.06666666666666,488167.3400336484,352.0,18852.37584678603,124.52307238241255,531264.4632258881,16040.685057471264,291649994216.2474,1.3464440028325502,0.2569123562550026,0.7977286225122135,-1.8463083031161027,137.636724557979,176.134219460445,27.5482789035927,59.462820562271,-112.099417246012,-121.488360789471,-6.01799412685411,60.7407732873023,50.6378289823231,64.13295499337,105.705978193048,112.100158529964,45.6604017781387,59.4371652004441,682934.601104032,58576608.4067069,315611.682468732,32618823.2523429,497481.322307308,304.0,112501076.332317,26124726.9021992
A0700,75.0,0,1,528.3111111111111,1347920.8959252208,498.0,1548044.4427931644,162.83486143564414,535401.5827490935,27117.810101010095,293024962694.9064,1.1863538953214312,-1.9589889832916705,2.1879572599719106,2.2209180284247454,25.0900182410025,19.6848605907156,10.8803920279171,-13.4468461092327,-8.83598760826581,-20.1820879602086,6.72260401272333,-15.7432624540199,65.3086361344155,66.0858367704474,81.8977648620797,84.6727597298105,68.3897586643283,72.0226684992396,794420.027557658,35083419.0693348,197073.105455315,16676384.10099,976480.257502077,332.0,65041472.4686748,51094954.6401296
A0690,23.0,1,0,379.44117647058823,364803.51594261854,355.0,40207.16607673512,91.15329401826696,343159.35697163,8432.936786654962,119490084634.19998,0.1579232092667863,0.12486181927772384,-1.7615238632193337,-1.876369509932265,29.0495739562618,66.2014917710334,19.7006148489142,10.0197841816448,6.17244954992828,-22.0601160010918,17.6496316924975,1.85962952792465,63.5017260957955,60.4435694364544,89.4709826789886,119.142889863913,66.9512440564215,74.1505794476204,1253895.93603363,76526492.5569454,201845.971960538,26681566.8492704,1433703.61137893,384.0,113078438.629647,90642529.0610815
A0693,22.0,0,1,370.46153846153845,972224.1275210382,302.0,151830.35282729485,108.97326092961123,898170.8951899677,12350.17846153846,837738301465.0537,0.9129372010988273,0.11132101393189092,-0.6416134616159432,-1.935601416370341,23.4582140296496,23.924485081154,43.1591505475329,18.1607289166005,19.5965162470591,7.85044218401537,37.4624894497105,13.4638127634785,55.0226995101405,50.0525810711754,66.5005826435859,72.2525909204017,57.1824362043577,58.8614472502913,1027641.27804067,37625090.3017832,297074.612057183,25353587.692863,1305530.0769606,386.0,77589290.2669113,61663536.8702111
A0699,75.0,0,1,419.4102564102564,52562.07507801218,327.0,19780.491674316792,183.3120105943399,45463.46768848622,34039.69963369964,2093425957.0089796,1.7942686042402225,0.3593648672663051,3.061752356763221,-1.553950127292273,172.625794190488,164.311682672779,-57.0954597354586,-55.2844179698255,120.202847954709,140.686748970624,-44.7821129580347,151.346752988606,76.4486947638625,79.0733451593055,96.6727788622273,102.030477902423,51.4998090276364,102.264743524457,284316.936659217,13611085.5847613,229074.360181496,33111696.5071555,64258.1687398061,304.0,80312041.4378376,20343370.805421
A0695,85.0,1,1,537.1851851851852,1051629.5286682884,596.0,1344169.9141467973,178.08550527184596,584768.0458055356,32934.23361823362,354618618039.49255,0.1416097348157796,-1.0368109008467967,-0.6911920079022771,-0.7142760648083915,20.4777379351672,63.3212476982737,-21.2698914551265,24.2480134349653,-37.5459009516474,-50.9784608450767,-25.7053033603146,-33.1996007637353,45.1193345292214,28.2507719047629,61.0374735704515,67.4719004917286,48.5940761076558,46.4910740736921,508609.458108353,10028611.7673618,155245.013487079,14186190.8370102,656295.379285649,324.0,54482027.1199621,20726168.0063906
A0713,85.0,1,1,561.3904761904762,426084.7636160877,596.0,560426.119224583,205.32939831903994,260199.02769118073,42565.54798534799,68348329573.4495,0.2180209723943322,-0.8678497206909225,-0.4235990996226522,-1.0875564700750466,130.162528973019,124.104238309217,65.9141525063169,54.1293077920121,-63.730902251513,-70.5678063455657,49.2215801962871,-6.21958875109455,98.9756814036474,91.8596899637839,69.5106144255622,76.446944180605,92.8335386740653,77.6360795610223,886172.186425536,27417880.7360375,291480.900145424,27175620.1078162,732853.338524685,374.0,108843331.927811,25587132.4546446
A0707,71.0,0,1,376.61290322580646,1787330.5468910013,357.0,1733636.2582802125,66.92083788465432,364964.4967524699,4551.81491274458,135347456210.58661,1.5359056544517504,1.8460284140007688,3.0524509747809674,7.809757386269771,85.3009680435213,104.638296967226,103.166499631595,116.734661136744,-30.9003750327699,-38.2674564320659,47.1323701842828,-26.0002815006142,29.9113662830361,41.1841467505324,63.1589981523791,66.8407109969689,18.7216157518366,40.0992643730462,764594.23868505,19896801.066624,362271.326473281,40609968.2860767,872483.767032326,334.0,66401859.630854,40455638.4225448
A0711,37.0,0,0,482.9,697960.3271057052,311.0,59855.345620375025,197.3514377956239,671501.898798296,39946.24615384616,462187670091.9598,0.20432951208032307,0.09369782111379862,-1.906325361215515,-1.9305882596485908,47.4156381494546,45.7364119614879,53.7543889472495,38.0514988240249,0.398757531278919,-1.64434590539501,37.063839868438,18.990722812003,50.4406840529152,47.6519730175486,66.3943295619567,77.8238130294449,52.359990920943,58.4820835635945,867991.602573921,29297835.8168399,351250.233366,20526954.5047523,1135516.87248547,308.0,67324976.0869277,46034978.1293159
A0706,63.0,0,1,417.57894736842104,641630.0015222416,349.0,29052.329752054306,158.21448326459065,678750.6490143677,25708.358463726883,472826192051.5682,2.0017583978774165,0.18234630378476321,4.143172540164181,-1.929424540409975,61.7231936845537,122.363900399941,95.44635878792,119.895200996864,31.5285973589371,-3.12863918961311,92.1013349464603,95.5130693217246,78.6723653162312,87.3163990612887,65.7002215879868,83.3442797951908,77.3965015451585,83.5686126600358,567844.275226437,30990345.7744885,40925.6871335763,13013870.7182347,588337.090595741,418.0,67349980.659743,26419481.1686152
A0710,71.0,1,1,545.7777777777778,1430371.8934121623,540.0,63707.21802346607,184.60515087178652,1473481.9945599418,36083.71241830065,2291768587641.9194,1.0213033226294315,0.1431254203221259,0.896598666321538,-1.9334283053753953,26.4015741649653,25.7542278164878,19.6511436865399,21.4433077804286,-4.4928371473944,-9.62570099232716,10.3079298898677,1.68761656751867,68.2177406189754,57.0117405802316,51.8768689718382,50.4451916634219,60.7053304528728,51.7718819278929,334328.493590739,11908365.5488257,250800.015878527,22321649.8746195,569986.202734638,336.0,51252924.9763475,33449742.0431727
A0719,73.0,0,1,367.8857142857143,146822.54550457204,336.0,174904.59120504244,109.86531271868984,117898.2677339884,12425.398319327729,14297144435.665928,0.818923333650178,-0.0004722657238432781,-0.341392810095722,-1.6179707667243775,46.1638435294907,41.0459871624743,47.2190028763778,25.6968890091514,-0.173836238657352,-16.935084911114,35.5509093111188,4.5608636988391,78.0016899163857,75.8139218110109,68.8734674011608,71.5293473656683,74.6356970697662,72.5366191605886,1011743.39474704,35154568.3271604,367480.216710724,35359737.4787544,1293706.56315567,358.0,83692635.420196,66038912.7527673
A0721,62.0,0,0,360.2962962962963,1199420.716593974,300.0,901598.8344041083,66.55035120524788,1196438.2024296238,4599.2934472934485,1484481571204.623,0.09599263258204041,0.07835894938697809,-1.9587288447580848,-1.9042591976528151,63.20307805875,57.1020954026712,34.0584865581011,13.5027058365612,-32.8379001584231,-42.9614213429363,7.30518416165116,-18.0132064348586,48.2741901470618,55.7639184896975,75.4343791051451,80.5216646071655,53.0486213229859,65.8167187649872,585969.615567026,24909346.7045399,315499.496222306,25874406.3271986,780764.28344442,296.0,73781878.716006,44610408.5979058
A0716,76.0,0,0,479.1,270698.8235028729,341.0,53112.07406675569,189.66441416354309,255351.5350715684,37865.88421052632,68464626786.57675,0.6999232822406969,0.14300805178628584,-0.5021020787265824,-1.9120649211535463,63.2185675668569,48.7660172540238,52.4400684584829,25.9293896295604,-3.55329624800868,-17.1363546085959,43.2007453992522,14.6365036756452,100.165089645385,90.8544043149459,68.9825233290576,65.6092450656112,94.7523311894811,83.2400656524671,659782.951030297,30217016.8846669,153349.162336337,12337539.2016891,741625.236762683,288.0,57147600.6852109,39455535.4713546
A0731,50.0,0,1,436.3720930232558,786870.2960382138,426.0,1037075.7464653394,116.74361159869787,693473.0850143518,13953.572535991138,492088754979.7717,0.7223960370003648,0.321957359089156,-0.323775260955089,-1.1718798868708142,32.8182954389287,25.7344610013656,24.9608283240233,10.4795097359981,-17.3323697133609,-19.0076262302677,8.44914492298675,-8.00516341422092,40.8882113517084,43.2183536877057,53.2324021106418,56.1824009815691,43.2762248906544,49.8320255265643,773910.622681707,25843329.7195945,413235.173064247,35385923.8217301,1143340.98759056,370.0,73846660.0418162,59729523.4685821
A0727,66.0,0,0,385.6,627144.6335694789,446.0,552745.336244952,84.35923185994524,626173.7174858636,7413.0,407777265448.8688,-0.058545947234217716,0.026514074645349835,-1.9646769107373303,-1.9636420175123543,44.8029536332071,19.0606731420099,9.540493874926,-13.1027075040927,-25.6648869327502,-27.9307490551593,-6.28304702788789,-21.9584220560721,37.2952793284825,64.0796071555215,72.6747824673951,77.0804575669349,47.9081770458744,71.4490103618096,295583.554802408,16483231.0357253,154152.686767384,22504443.2812223,419276.231595335,344.0,57424724.1615651,38462491.537143
A0745,75.0,1,1,438.5952380952381,665629.1667337806,381.0,25244.367528772545,104.80447998508131,665445.2835749417,11116.316121629374,448089061449.1838,1.1289192478753611,0.09132186724487082,0.2215209505651159,-1.9182929560633595,41.7230764848381,83.3943490997054,-56.5513403984043,34.8021257265715,-22.8304698936917,-45.6009325524051,-50.8711465895184,9.27094743099223,91.9515135971236,60.7754585527503,66.127315005647,93.5442068480607,87.1346800619127,66.3960718423091,629726.356556022,18688445.6419426,144904.405678792,8611377.73650655,744154.09387588,384.0,63835390.7702563,21457860.6314701
A0737,75.0,1,1,556.8666666666667,739564.1409601303,552.0,974869.9153040748,191.7245825541304,438775.4741316584,38025.84367816092,198941380589.44373,0.2469559327210825,-0.692085128466479,-0.7119011497049068,-1.125773553739243,30.770561558124,29.2333368089798,44.1090546769714,34.1992831604668,10.2714006462953,2.99282233673743,34.7454597627612,18.8454517846428,65.6392637604122,70.3205002099038,65.82803548118,68.7681015334615,64.9198656002541,68.8384141072865,782399.979911487,30073379.7860803,306812.90354315,29446389.0763636,1057732.23930164,354.0,69932254.797387,57593676.3671203
A0743,11.0,0,0,394.96,1964156.6495990418,400.0,1378704.3158732539,102.5110647686385,1905197.0212554783,10946.373333333333,3774966717392.778,0.15395933409267876,0.18687164083285399,-1.7411738964723327,-1.7245154603545814,128.153526343751,130.710165340636,80.8795775557384,74.8964310877987,-60.9232042825324,-60.820856119444,67.2328637348389,-20.5205360200646,63.1691362134895,66.2069529327699,80.5616796807137,89.601057344194,54.7539519059644,67.2968440963749,788888.500766445,26875734.9214859,214117.814783944,37851768.727106,677856.847092821,448.0,117237445.115813,28775617.3940975
A0747,87.0,0,1,429.82608695652175,134563587.91413626,376.0,1390738.0494010272,171.58181016745414,231813057.1468778,30778.513833992096,5.60736975274243e+16,1.7548168682174654,1.1546949223800773,2.5585886681383094,-0.6666151222666796,96.395614632292,135.124405762917,65.1761073678002,35.5324788625913,126.638569066011,156.589124635231,68.4037723243433,91.7594720896125,60.7717363189445,53.0684451722627,140.48219028382,132.04440668317,65.1176184091353,94.6260176519922,1302878.32489048,44027782.0084339,118329.728595233,43526553.000343,1295047.15987775,398.0,119245208.825932,33420967.4338847
A0736,74.0,0,0,483.6,152516.60515748037,599.0,183230.39804922967,149.7178680051249,77410.24045819903,23595.2,6291962594.186004,-0.27223683450651504,-0.9631274795123462,-1.8204731367547917,-0.7051339235880376,93.9688670360758,149.129478659856,31.4027363953979,1.95119217382873,-126.703307810061,-169.365263523664,30.1478291149828,-8.97143693438407,64.0298603955217,74.3311418176249,31.91025671756,76.0159747826964,58.7073407609922,46.89420850665,2008954.09950532,61112719.5617898,190348.257966682,34242106.1290764,2004792.68821148,416.0,145668352.600293,36262367.4968464
A0753,45.0,0,0,433.875,407505.7826805862,333.0,61745.47808217161,174.88134370195124,369218.3905385332,31570.048387096773,140582289284.11063,0.1048976008526402,0.0966364604756648,-1.9313380928171637,-1.9391976291901738,15.4782503145294,35.6015264572085,-22.2354195875148,19.6331022146065,-5.35677331895313,-13.3806747345338,-13.6884667365529,-6.74372026914402,65.2312776615604,80.7976583118209,61.7957180107069,63.742213138756,63.215987539821,66.4127612595897,820287.006945518,21069315.8758835,866850.969466184,89145238.4444365,1671782.39657237,344.0,136958802.454527,106981823.285486
A0751,69.0,0,1,544.08,620481.2166221783,532.0,685406.3860030714,119.91260817778921,187839.15416853176,14978.16,36694889752.29942,0.3577641693517684,-2.3698138463963803,-0.43594964672784764,4.901955657077953,130.672511737335,107.940664464878,80.8560071150166,53.0240543846082,-51.7710903831341,-59.022406891861,71.2398145693124,4.99781288510421,82.0767988045834,61.002626497587,83.7415830076975,87.6363340926168,79.60104948813,60.2885183260184,1199088.37287657,28044507.731192,238003.515303229,20303239.7969971,1059464.53846715,328.0,80556844.3853697,29119283.7718806
A0763,87.0,0,1,437.04,821800.3984418602,358.0,1169362.6875846884,163.63972133928854,594566.7215892787,27893.706666666672,367649969878.2797,0.7556619351866504,-0.6116965138065406,-0.7938493543342453,-1.5775960221949972,125.257772004387,105.64067282222,99.9836379713772,78.8713160532658,-29.0605718183038,-30.4568771746476,82.173923702184,-4.559011022359,77.4178733692419,66.6513836682917,81.7659000492899,85.1942415963415,72.0031122898384,73.9170424939823,1024433.52323914,18821144.7557231,331497.229668815,39441926.395437,875948.52409998,364.0,90435408.8365162,38853892.5611868
A0769,64.0,0,1,398.1515151515151,339995.63405057543,332.0,33429.20457109509,121.67682511650108,375067.93970071035,14918.266944251674,141741686356.42157,1.1595274799312918,0.4093770381731398,0.14816701173862068,-1.6845327574305666,46.3877654092775,75.2010790447486,28.1498941065828,44.2983522079871,-16.4871336040656,0.379018484505167,13.1053518852229,17.1077512085347,37.3331562323573,43.9278359168885,68.8087346100112,107.81405454466,43.2041210160534,77.6411726451534,476593.126831446,13790107.9513428,162940.14384947,15952482.1706628,600683.705823746,368.0,68413991.270639,23601482.2664664
A0772,79.0,0,0,435.1818181818182,2228673.314597724,434.0,3783841.973415616,129.29270399285926,2110783.249234635,17512.632034632035,4657924376397.229,0.003317071068611926,-0.0642308522765481,-1.9932156674008374,-1.9671105336492483,70.608775308665,63.0401293932255,44.3802101243432,20.2870525358655,-41.5222919982067,-49.1398766462613,10.1945074682876,-29.4424987488727,46.3097082834906,46.3393486540062,65.636928764493,72.1733326231891,44.803475311566,58.7991731505419,1039552.10566939,40980146.9284296,590657.203785301,70497598.1109687,1355460.64317938,348.0,132572006.424616,96274795.3614971
A0773,68.0,1,1,364.6,357103.5841272161,309.0,563733.4612720612,139.32422617764652,343395.6361766734,20080.59310344828,121851248376.68835,1.86797713354045,0.028354841652557198,3.0739579232652288,-1.8757405784423855,81.7377400088522,70.6263766127617,21.0054054820731,4.38202663159563,-68.4609632442844,-69.0947161759898,-5.01175186896262,-42.8983202819278,40.8202450219642,44.7705907092925,79.5147362197438,79.0306249917823,41.8412033021196,58.5041649973191,808171.836518403,31881258.4577991,263449.21842166,38062855.8534474,885290.941553273,408.0,85937331.9667695,57186460.7023689
A0788,66.0,0,1,441.0,531320.8368492734,346.0,665318.8237445473,192.81251688276532,298459.4271453151,38793.043478260865,92789614220.73923,1.1026500178684842,-0.20912628842255188,-0.32237164508113336,-1.3043767291925437,130.112240318568,132.382558849781,120.27392319927,111.125141451217,-25.3636593580135,-44.5652594704315,98.3651621990455,-20.8277187169759,59.2415555624799,42.3617429121749,83.2452530789943,94.8280932742995,46.3117902347069,47.3944809838261,416443.197196099,10089624.492797,161676.727062227,12604722.5476737,335865.560654683,336.0,59778332.9593217,9445916.52517943
A0795,93.0,0,1,365.25925925925924,190324.6771196477,330.0,183925.65740068184,84.31185171843899,36662.40523559033,7381.891737891739,1393914622.7571094,1.2178586063994175,0.16795708104096485,-0.1935140783285223,-0.40420394824271,55.3607192648228,48.9188494673821,44.7211086072135,27.7900653459062,-14.8132204397778,-19.6073321454817,29.7272251157315,5.07407719607022,59.0645963216084,59.5768167074731,72.6502631830157,80.8042434891902,59.8225444614576,67.3114201800766,761126.199797227,26926415.3441557,252283.432169272,21751969.7200916,928036.029233218,354.0,70567754.8473166,44361495.9989228
A0774,30.0,1,0,456.7761194029851,336289.0698234521,396.0,530442.8266566031,160.158859652657,309216.35306405235,26039.509724106738,97041838867.93764,0.3142560109490727,-0.005976864809582244,-1.2782699292453745,-1.931760179585466,61.9669112376923,54.5423734929857,54.7888370670788,38.9201369875343,-10.2831694700273,-19.6414759429625,33.664037605674,-0.0282593196412373,76.3464542002369,69.3815005915947,66.2158843188394,69.6720633134772,70.1476515199491,67.1701809290521,465709.565196925,15235998.0638339,256826.333912047,28479075.7755902,628705.658875492,354.0,57458070.21969,39327001.91722
A0782,73.0,1,1,530.7586206896551,501923.0010006624,504.0,501634.97766821575,90.02438565128121,43053.71423779283,8393.832512315272,1917540320.3477848,0.5483925620795315,0.17322063492359382,-0.9509304055548089,-0.6826022041740178,140.791026039448,139.759945642067,80.9287215570718,77.3575328820853,-58.9221576678664,-63.4406266381877,55.8452234771854,-33.6402458204006,101.821946566892,116.952846747902,71.9974242699431,79.2188577417629,94.6364350891754,96.7612725634859,844367.3276963,28161289.9049657,405723.255026652,48003082.9509741,588791.342823135,368.0,102853924.817564,32148590.176961
A0785,67.0,1,0,406.75,463678.5116049954,381.0,712569.9949125352,133.74080965309977,401988.925940343,18664.282608695652,168328225602.7819,1.5550054524504575,-0.20041238622745675,1.4359419314352273,-1.9073098418989027,35.4241778020936,38.3408355027438,39.6926545478846,18.4023583032385,-4.10487655531138,-6.05535741475138,23.9680055600457,6.75296807557292,35.1777172100665,36.6641604404407,54.2696336313452,70.0785286800516,38.7412794810312,48.1376719478877,710550.323079301,33182601.9640157,290411.885818023,19195981.5966042,962043.05283316,330.0,67892856.845857,49686717.6558966
A0796,64.0,1,1,428.7567567567568,509818.6371770394,394.0,862338.3045278848,167.98735560611527,439739.9400740692,29003.63363363363,198597463947.59854,0.8617988252796044,-0.205497311794358,-0.4692769930421341,-1.9491673162657623,10.2685707005931,45.5008978793675,0.419942670634286,-12.0964269679785,10.8726032297821,30.7478452119587,2.33816985547216,1.9668168443659,78.3584869139067,77.6413055674318,77.3371530097467,93.7024463965495,78.1411784016196,82.4797939021284,795172.25689581,27545422.8134541,180044.41955648,13608316.5364911,972862.46076764,310.0,57433675.0443241,38332694.3075708
A0800,54.0,1,0,490.375,601300.8777584942,500.0,701575.5555845925,191.53683555650593,616852.5427549498,37869.790322580644,392397905112.7237,0.5114951081467779,2.221053629465271,-1.0437894198751003,7.824354204970501,114.286266538288,148.357411113286,-170.464206166983,-144.79219270849,5.8123957893273,7.19284284816961,-22.0714782577892,-45.349184743807,49.1260766083623,92.7436372970684,65.2513363698661,71.4767047589499,5.73742098413377,58.0909516630541,329848.553685771,26302273.9140757,307768.203777126,34431946.2036538,346430.903592096,416.0,109967319.262366,18312865.8345551
A0804,76.0,0,1,506.0740740740741,215798.3114601997,398.0,20798.520229064812,231.1052230968854,236948.35785772713,55463.84045584044,58223951117.08364,1.7187019094965934,0.3535668056048104,2.4121309243381006,-1.7891319490801085,21.5068250630716,43.8967986262209,-32.2952976929047,-54.216816730067,-25.3504730652424,-15.6767735948907,-31.5404151193297,-40.5354655259936,83.410893968081,86.929196582684,62.9424068682382,63.0652793497035,80.9843949292012,77.0976588548567,475000.217243969,27428763.5428503,64741.5097787328,17285304.9682279,535760.036092236,394.0,90935418.4469704,41646165.4374195
A0799,80.0,0,1,432.93333333333334,170691.90842505527,366.0,212834.64364130294,139.46857869944915,163788.65607037317,19893.563636363637,27422873276.39097,1.3369250923353289,0.048772988403632374,1.4442740748132596,-1.8581322485833096,78.1430226089612,161.051022909317,-7.06793152062721,-114.163101719707,51.0865249514503,52.62832255435,49.3832435543074,10.158306232186,1.78827283794488,84.5249963788273,79.0825634579468,81.8545620150938,37.3574536176411,51.3203591696954,404377.399073446,34308982.6623245,360347.373105062,42199898.0029923,594349.896219696,334.0,110133183.844687,14805012.4490107
A0803,51.0,1,0,398.1666666666667,227775.6022678325,350.0,24098.26192328616,85.09586097781462,218533.21893135592,7556.144927536231,49746633100.520775,0.313298282654479,0.12277401998541701,-1.6857391633529086,-1.926504525736604,162.265901611862,167.557696031259,50.6143106170261,62.456127288669,-110.806797454333,-104.676841880897,40.4820766007624,22.9871905015937,72.365645543141,75.2945209711413,109.993629037604,104.764644959547,74.4430934518412,79.7606088660657,866342.259128134,55710630.8658189,321738.042216165,44747728.0411786,568405.263986245,294.0,117620270.666474,15404075.626285
A0824,22.0,1,0,426.8181818181818,174222.33731662354,400.0,22109.0845382917,121.29926791491454,163876.05006297643,15055.68710359408,27465708870.24868,0.1390487113462504,0.09624949363786181,-1.7820108048674257,-1.9221762425413758,20.2064808975167,20.4566613768575,26.4390681717932,14.0602266674152,3.0888706309349,-9.01090381536123,20.8314735997802,5.14215431316343,60.2260818811397,62.0057133318501,56.1917698264971,62.9852509211839,58.8275671712477,61.9255443306153,737044.841196729,35844369.8773181,246880.813593647,22524040.7658904,972477.035424114,320.0,68933244.6183074,57489494.4736146
A0827,28.0,0,0,472.51428571428573,56600.421677485516,426.0,54141.028038803226,191.4243411046436,31639.248957080385,37721.02184873949,1029643276.6986296,0.8230728870824375,0.6338407792210372,-0.38337503714913534,0.2098430922373793,98.5847334312326,93.9493654415925,45.268496692903,32.2147378043543,-50.4657222185515,-62.3669557456833,26.9925446473805,-20.3934581130507,72.8525014126532,92.2002288260292,100.851489222707,103.273016330997,76.3805763094766,102.06788499145,1151615.03848664,35959691.2862697,359958.785497763,43859302.4366039,1154136.472907,360.0,134574993.449397,54767540.565423
A0835,92.0,1,1,403.75,806512.2459626867,357.0,747362.1696261143,176.77321865410872,736594.0747068899,32607.41304347826,565177948847.1869,1.863720240566821,0.8280947356214813,4.127743580074221,-0.1685473624472471,124.363557948775,148.031027085213,102.535144073766,73.8659640364979,-57.2623110536103,-76.4499436782239,101.691162303635,66.5774656204215,81.2442601130177,84.2796259314583,46.2258868963017,83.7148456831131,78.6332615632495,81.4763431778927,626983.344507058,22082741.6153128,35199.1401038376,4662936.255258,607810.364215288,444.0,57040621.5547365,18294361.1080693
A0833,78.0,1,1,400.75,138361.7843740294,396.0,122156.19479610142,53.40665532808934,49967.13376500981,2976.2826086956525,2600744225.7191496,0.13311190243478327,1.0660358805033412,-0.7086243291013776,0.2102296618524102,94.7744681976356,87.3979265126674,82.8094336322117,58.2995029197087,-27.8014787395343,-42.7063087363735,47.0543011865912,-23.1206481280325,64.3275989307615,52.8948446879123,62.7000159792104,71.651171157464,50.719388033207,59.3567627231543,576956.137117942,14714264.3731214,354236.782192737,36469935.3846694,651413.534374217,376.0,73863016.8017984,39941090.2083459
